cell,n,arm,R,R_s,failure_rate,failure_rate_cp_upper,covered,coverage,coverage_conditional,status_counts,warnings,moment_status,ci_length_mean,ci_length_median,max_weight_median,max_weight_q95,ess_median,lam_median,nnz_median,anem_gap_max,train_imbalance_max,kkt_residual_max,moment_var,moment_m4,moment_radicand,bias,bias_mcse,rmse,root_n_sd,std_bias,se_ratio,root_n_sd_mcse,eval_imbalance_median,eval_imbalance_max,adml_outer_capped,adml_inner_capped,ci_length_mean_mcse_lo,ci_length_mean_mcse_hi,max_weight_median_mcse_lo,max_weight_median_mcse_hi,se_ratio_mcse_lo,se_ratio_mcse_hi,ci_length_mean_mcse_status,max_weight_median_mcse_status,se_ratio_mcse_status,family_verdicts,family_tests,family_rejected,unavailable_tests,anem_identity
0,500,SQ-L_th|RW_full,2000,2000,0.0,0.0014967448951882837,21,0.0105,0.0105,"{""ok"": 2000}",0,ok,0.3409550490286339,0.3408639920522988,2.0,2.138759879742904,500.0,0.3623739387505527,0.0,1.7763568394002505e-15,0.3754223198920136,2.220446049250313e-16,0.016380898739648406,0.0008413329041640152,0.0005729990606454004,0.48886339416258573,0.0028618961144360575,0.5053316994236978,2.8618961144360577,3.819606782876601,0.6795825147556412,0.04675715744910677,,,,,0.3404863081811053,0.3414337919134581,2.0,2.0,0.6590982553154088,0.7019482387047228,ok,ok,ok,"{""H15-Suf"": ""H15-Suf: no departure from the prediction was detected"", ""H15-Bias"": null}","{""H15-Suf"": {""SQ-L_us|RW_full|n=4000|coverage"": 1.0, ""SQ-L_us|RW_full|n=8000|coverage"": 1.0, ""SQ-L_0|RW_full|n=4000|coverage"": 1.0, ""SQ-L_0|RW_full|n=8000|coverage"": 1.0, ""SQ-L_th|ARW_cf|n=4000|coverage"": 0.09169292963055858, ""SQ-L_th|ARW_cf|n=8000|coverage"": 0.0011235248563936622, ""UKL1-L_us|RW_full|n=4000|coverage"": 1.0, ""UKL1-L_us|RW_full|n=8000|coverage"": 1.0, ""UKL1-L_0|RW_full|n=4000|coverage"": 1.0, ""UKL1-L_0|RW_full|n=8000|coverage"": 1.0, ""UKL1-L_th|ARW_cf|n=4000|coverage"": 0.8856678415360081, ""UKL1-L_th|ARW_cf|n=8000|coverage"": 0.6229892369865333, ""AutoDML|ARW_cf|n=4000|coverage"": 0.2742564457930648, ""AutoDML|ARW_cf|n=8000|coverage"": 0.6855214915064919}, ""H15-Bias"": {}}","{""H15-Suf"": [], ""H15-Bias"": []}",[],"{""fits_checked"": 60000, ""max_gap"": 1.7763568394002505e-15, ""tolerance"": 1e-10}"
0,500,SQ-L_th|ARW_cf,2000,2000,0.0,0.0014967448951882837,1849,0.9245,0.9245,"{""ok"": 2000}",0,ok,0.3627385651184478,0.3625547918721767,2.0,2.077444136988681,500.0,0.4074345990684176,,,0.42439723218956316,2.220446049250313e-16,0.010116544790631163,0.0003269876485965605,0.000224643170095714,0.0034716228818749695,0.0022490603360771763,0.10061579738624449,2.2490603360771764,0.03451568031143196,0.9200079058671461,0.03725379444122213,0.4348414947048155,0.6506169114610934,,,0.36218956738696,0.36326094072975335,2.0,2.0,0.8919259649218878,0.9501815670928497,ok,ok,ok,"{""H15-Suf"": ""H15-Suf: no departure from the prediction was detected"", ""H15-Bias"": null}","{""H15-Suf"": {""SQ-L_us|RW_full|n=4000|coverage"": 1.0, ""SQ-L_us|RW_full|n=8000|coverage"": 1.0, ""SQ-L_0|RW_full|n=4000|coverage"": 1.0, ""SQ-L_0|RW_full|n=8000|coverage"": 1.0, ""SQ-L_th|ARW_cf|n=4000|coverage"": 0.09169292963055858, ""SQ-L_th|ARW_cf|n=8000|coverage"": 0.0011235248563936622, ""UKL1-L_us|RW_full|n=4000|coverage"": 1.0, ""UKL1-L_us|RW_full|n=8000|coverage"": 1.0, ""UKL1-L_0|RW_full|n=4000|coverage"": 1.0, ""UKL1-L_0|RW_full|n=8000|coverage"": 1.0, ""UKL1-L_th|ARW_cf|n=4000|coverage"": 0.8856678415360081, ""UKL1-L_th|ARW_cf|n=8000|coverage"": 0.6229892369865333, ""AutoDML|ARW_cf|n=4000|coverage"": 0.2742564457930648, ""AutoDML|ARW_cf|n=8000|coverage"": 0.6855214915064919}, ""H15-Bias"": {}}","{""H15-Suf"": [], ""H15-Bias"": []}",[],"{""fits_checked"": 60000, ""max_gap"": 1.7763568394002505e-15, ""tolerance"": 1e-10}"
0,500,SQ-L_us|RW_full,2000,2000,0.0,0.0014967448951882837,1882,0.941,0.941,"{""ok"": 2000}",0,ok,0.3701791568666191,0.3695791511780811,4.68347200589232,5.550270352669509,416.5140224235931,0.007458440615853202,47.0,6.591949208711867e-16,0.007808273185631069,4.605690828718423e-16,0.009634915781809455,0.00029586377990604436,0.00020303217778348348,0.0034254549728043315,0.0021948708141721522,0.09819283103001594,2.1948708141721527,0.034897498857782025,0.9620595022465099,0.036290962261225405,,,,,0.36947130632817604,0.37087334318200127,4.662765002250071,4.711536680122598,0.932403895647526,0.9948645939429293,ok,ok,ok,"{""H15-Suf"": ""H15-Suf: no departure from the prediction was detected"", ""H15-Bias"": null}","{""H15-Suf"": {""SQ-L_us|RW_full|n=4000|coverage"": 1.0, ""SQ-L_us|RW_full|n=8000|coverage"": 1.0, ""SQ-L_0|RW_full|n=4000|coverage"": 1.0, ""SQ-L_0|RW_full|n=8000|coverage"": 1.0, ""SQ-L_th|ARW_cf|n=4000|coverage"": 0.09169292963055858, ""SQ-L_th|ARW_cf|n=8000|coverage"": 0.0011235248563936622, ""UKL1-L_us|RW_full|n=4000|coverage"": 1.0, ""UKL1-L_us|RW_full|n=8000|coverage"": 1.0, ""UKL1-L_0|RW_full|n=4000|coverage"": 1.0, ""UKL1-L_0|RW_full|n=8000|coverage"": 1.0, ""UKL1-L_th|ARW_cf|n=4000|coverage"": 0.8856678415360081, ""UKL1-L_th|ARW_cf|n=8000|coverage"": 0.6229892369865333, ""AutoDML|ARW_cf|n=4000|coverage"": 0.2742564457930648, ""AutoDML|ARW_cf|n=8000|coverage"": 0.6855214915064919}, ""H15-Bias"": {}}","{""H15-Suf"": [], ""H15-Bias"": []}",[],"{""fits_checked"": 60000, ""max_gap"": 1.7763568394002505e-15, ""tolerance"": 1e-10}"
0,500,SQ-L_us|ARW_cf,2000,2000,0.0,0.0014967448951882837,1909,0.9545,0.9545,"{""ok"": 2000}",0,ok,0.4341817985443206,0.4329966325303913,5.547941976568131,6.800077630049322,402.6747981097958,0.008698206999312121,,,0.00922567724510363,5.811323644522304e-16,0.011186264440296675,0.00040051728324218885,0.0002753847711139429,0.0039057372380120192,0.002364980384728029,0.10581080328326083,2.3649803847280295,0.036928399164932166,1.0472322437139931,0.03922540422597817,0.45555197651964513,0.9371325699646562,,,0.43320784780068106,0.435151471010752,5.5148281703247966,5.575513052482157,1.014656724771535,1.0835330825856686,ok,ok,ok,"{""H15-Suf"": ""H15-Suf: no departure from the prediction was detected"", ""H15-Bias"": null}","{""H15-Suf"": {""SQ-L_us|RW_full|n=4000|coverage"": 1.0, ""SQ-L_us|RW_full|n=8000|coverage"": 1.0, ""SQ-L_0|RW_full|n=4000|coverage"": 1.0, ""SQ-L_0|RW_full|n=8000|coverage"": 1.0, ""SQ-L_th|ARW_cf|n=4000|coverage"": 0.09169292963055858, ""SQ-L_th|ARW_cf|n=8000|coverage"": 0.0011235248563936622, ""UKL1-L_us|RW_full|n=4000|coverage"": 1.0, ""UKL1-L_us|RW_full|n=8000|coverage"": 1.0, ""UKL1-L_0|RW_full|n=4000|coverage"": 1.0, ""UKL1-L_0|RW_full|n=8000|coverage"": 1.0, ""UKL1-L_th|ARW_cf|n=4000|coverage"": 0.8856678415360081, ""UKL1-L_th|ARW_cf|n=8000|coverage"": 0.6229892369865333, ""AutoDML|ARW_cf|n=4000|coverage"": 0.2742564457930648, ""AutoDML|ARW_cf|n=8000|coverage"": 0.6855214915064919}, ""H15-Bias"": {}}","{""H15-Suf"": [], ""H15-Bias"": []}",[],"{""fits_checked"": 60000, ""max_gap"": 1.7763568394002505e-15, ""tolerance"": 1e-10}"
0,500,SQ-L_0|RW_full,2000,2000,0.0,0.0014967448951882837,1883,0.9415,0.9415,"{""ok"": 2000}",0,ok,0.37636918912619494,0.37571353692791554,4.900224586703678,5.793642619912189,409.30475911723795,0.0,52.0,5.260791802186304e-16,1.644906433284632e-15,1.7069679003611782e-15,0.009969976645277807,0.0003182064652152179,0.00021880603090783298,0.0033349609762545196,0.0022327087411122175,0.09988049670315174,2.2327087411122175,0.03339978613376766,0.9615700454738051,0.03703587266733179,,,,,0.37564139353865406,0.3771458976399743,4.870328757455006,4.925059378648587,0.9306255565965744,0.9945398190121928,ok,ok,ok,"{""H15-Suf"": ""H15-Suf: no departure from the prediction was detected"", ""H15-Bias"": null}","{""H15-Suf"": {""SQ-L_us|RW_full|n=4000|coverage"": 1.0, ""SQ-L_us|RW_full|n=8000|coverage"": 1.0, ""SQ-L_0|RW_full|n=4000|coverage"": 1.0, ""SQ-L_0|RW_full|n=8000|coverage"": 1.0, ""SQ-L_th|ARW_cf|n=4000|coverage"": 0.09169292963055858, ""SQ-L_th|ARW_cf|n=8000|coverage"": 0.0011235248563936622, ""UKL1-L_us|RW_full|n=4000|coverage"": 1.0, ""UKL1-L_us|RW_full|n=8000|coverage"": 1.0, ""UKL1-L_0|RW_full|n=4000|coverage"": 1.0, ""UKL1-L_0|RW_full|n=8000|coverage"": 1.0, ""UKL1-L_th|ARW_cf|n=4000|coverage"": 0.8856678415360081, ""UKL1-L_th|ARW_cf|n=8000|coverage"": 0.6229892369865333, ""AutoDML|ARW_cf|n=4000|coverage"": 0.2742564457930648, ""AutoDML|ARW_cf|n=8000|coverage"": 0.6855214915064919}, ""H15-Bias"": {}}","{""H15-Suf"": [], ""H15-Bias"": []}",[],"{""fits_checked"": 60000, ""max_gap"": 1.7763568394002505e-15, ""tolerance"": 1e-10}"
0,500,SQ-L_0|ARW_cf,2000,2000,0.0,0.0014967448951882837,1920,0.96,0.96,"{""ok"": 2000}",0,ok,0.44929291850546343,0.44810001763935314,5.910977358164274,7.228266477266493,393.07216076645216,0.0,,,2.171457458288728e-15,2.130240428499519e-15,0.011456458423492256,0.00042028076349761114,0.0002890303238884045,0.004038907930387525,0.002393371933433274,0.1070842797592189,2.393371933433274,0.037734514059643884,1.070824538846508,0.03970877795504453,0.4854037058178747,1.0023669627428193,,,0.44823519656582667,0.4503544581539962,5.877566044539979,5.9456780626810115,1.0366075088462015,1.1081760110747036,ok,ok,ok,"{""H15-Suf"": ""H15-Suf: no departure from the prediction was detected"", ""H15-Bias"": null}","{""H15-Suf"": {""SQ-L_us|RW_full|n=4000|coverage"": 1.0, ""SQ-L_us|RW_full|n=8000|coverage"": 1.0, ""SQ-L_0|RW_full|n=4000|coverage"": 1.0, ""SQ-L_0|RW_full|n=8000|coverage"": 1.0, ""SQ-L_th|ARW_cf|n=4000|coverage"": 0.09169292963055858, ""SQ-L_th|ARW_cf|n=8000|coverage"": 0.0011235248563936622, ""UKL1-L_us|RW_full|n=4000|coverage"": 1.0, ""UKL1-L_us|RW_full|n=8000|coverage"": 1.0, ""UKL1-L_0|RW_full|n=4000|coverage"": 1.0, ""UKL1-L_0|RW_full|n=8000|coverage"": 1.0, ""UKL1-L_th|ARW_cf|n=4000|coverage"": 0.8856678415360081, ""UKL1-L_th|ARW_cf|n=8000|coverage"": 0.6229892369865333, ""AutoDML|ARW_cf|n=4000|coverage"": 0.2742564457930648, ""AutoDML|ARW_cf|n=8000|coverage"": 0.6855214915064919}, ""H15-Bias"": {}}","{""H15-Suf"": [], ""H15-Bias"": []}",[],"{""fits_checked"": 60000, ""max_gap"": 1.7763568394002505e-15, ""tolerance"": 1e-10}"
0,500,UKL1-L_th|RW_full,2000,2000,0.0,0.0014967448951882837,21,0.0105,0.0105,"{""ok"": 2000}",0,ok,0.34101712349864366,0.34087874420172143,2.0,2.1516652734106114,500.0,0.362386249639851,0.0,1.7763568394002505e-15,0.37576904074985673,9.237055564881302e-14,0.016413465893654826,0.0008438641989103554,0.0005744623362681851,0.48913911399100374,0.0028647395949418183,0.5056306280246601,2.8647395949418186,3.8179676479813387,0.6790315777605813,0.04677035218551637,,,,,0.34050460100317304,0.341508309366477,2.0,2.0,0.6574398956583095,0.7014316860343877,ok,ok,ok,"{""H15-Suf"": ""H15-Suf: no departure from the prediction was detected"", ""H15-Bias"": null}","{""H15-Suf"": {""SQ-L_us|RW_full|n=4000|coverage"": 1.0, ""SQ-L_us|RW_full|n=8000|coverage"": 1.0, ""SQ-L_0|RW_full|n=4000|coverage"": 1.0, ""SQ-L_0|RW_full|n=8000|coverage"": 1.0, ""SQ-L_th|ARW_cf|n=4000|coverage"": 0.09169292963055858, ""SQ-L_th|ARW_cf|n=8000|coverage"": 0.0011235248563936622, ""UKL1-L_us|RW_full|n=4000|coverage"": 1.0, ""UKL1-L_us|RW_full|n=8000|coverage"": 1.0, ""UKL1-L_0|RW_full|n=4000|coverage"": 1.0, ""UKL1-L_0|RW_full|n=8000|coverage"": 1.0, ""UKL1-L_th|ARW_cf|n=4000|coverage"": 0.8856678415360081, ""UKL1-L_th|ARW_cf|n=8000|coverage"": 0.6229892369865333, ""AutoDML|ARW_cf|n=4000|coverage"": 0.2742564457930648, ""AutoDML|ARW_cf|n=8000|coverage"": 0.6855214915064919}, ""H15-Bias"": {}}","{""H15-Suf"": [], ""H15-Bias"": []}",[],"{""fits_checked"": 60000, ""max_gap"": 1.7763568394002505e-15, ""tolerance"": 1e-10}"
0,500,UKL1-L_th|ARW_cf,2000,2000,0.0,0.0014967448951882837,1849,0.9245,0.9245,"{""ok"": 2000}",0,ok,0.36274868099803426,0.3625547918721767,2.0,2.081349640544634,500.0,0.40744046652852806,,,0.42439723218956316,1.5104584250025255e-13,0.010116739063048495,0.0003269957382418628,0.00022464732897205144,0.0034725725270485786,0.0022490819308162713,0.10061679508646945,2.2490819308162715,0.03452479040841651,0.9200247288320861,0.03725378158554571,0.4348414947048155,0.6506169114610934,,,0.36218211469489364,0.3633083979590499,2.0,2.0,0.8928077124332212,0.9509873486809356,ok,ok,ok,"{""H15-Suf"": ""H15-Suf: no departure from the prediction was detected"", ""H15-Bias"": null}","{""H15-Suf"": {""SQ-L_us|RW_full|n=4000|coverage"": 1.0, ""SQ-L_us|RW_full|n=8000|coverage"": 1.0, ""SQ-L_0|RW_full|n=4000|coverage"": 1.0, ""SQ-L_0|RW_full|n=8000|coverage"": 1.0, ""SQ-L_th|ARW_cf|n=4000|coverage"": 0.09169292963055858, ""SQ-L_th|ARW_cf|n=8000|coverage"": 0.0011235248563936622, ""UKL1-L_us|RW_full|n=4000|coverage"": 1.0, ""UKL1-L_us|RW_full|n=8000|coverage"": 1.0, ""UKL1-L_0|RW_full|n=4000|coverage"": 1.0, ""UKL1-L_0|RW_full|n=8000|coverage"": 1.0, ""UKL1-L_th|ARW_cf|n=4000|coverage"": 0.8856678415360081, ""UKL1-L_th|ARW_cf|n=8000|coverage"": 0.6229892369865333, ""AutoDML|ARW_cf|n=4000|coverage"": 0.2742564457930648, ""AutoDML|ARW_cf|n=8000|coverage"": 0.6855214915064919}, ""H15-Bias"": {}}","{""H15-Suf"": [], ""H15-Bias"": []}",[],"{""fits_checked"": 60000, ""max_gap"": 1.7763568394002505e-15, ""tolerance"": 1e-10}"
0,500,UKL1-L_us|RW_full,2000,2000,0.0,0.0014967448951882837,1873,0.9365,0.9365,"{""ok"": 2000}",0,ok,0.3814976107455152,0.37900437636420325,8.251222031114382,11.732258880475406,395.51953159229555,0.007458694000622196,47.0,5.273559366969494e-16,0.00780827318563121,1.6609977282477928e-15,0.010280265095885584,0.0003332915706051963,0.0002276077201635128,0.009243342951344324,0.002267186041758107,0.10178685746329832,2.267186041758107,0.09116474253926556,0.959850506545364,0.03719900693142733,,,,,0.3804960555127885,0.38256266214230084,8.154820049028777,8.362025327818898,0.9302458583861963,0.9909164302726206,ok,ok,ok,"{""H15-Suf"": ""H15-Suf: no departure from the prediction was detected"", ""H15-Bias"": null}","{""H15-Suf"": {""SQ-L_us|RW_full|n=4000|coverage"": 1.0, ""SQ-L_us|RW_full|n=8000|coverage"": 1.0, ""SQ-L_0|RW_full|n=4000|coverage"": 1.0, ""SQ-L_0|RW_full|n=8000|coverage"": 1.0, ""SQ-L_th|ARW_cf|n=4000|coverage"": 0.09169292963055858, ""SQ-L_th|ARW_cf|n=8000|coverage"": 0.0011235248563936622, ""UKL1-L_us|RW_full|n=4000|coverage"": 1.0, ""UKL1-L_us|RW_full|n=8000|coverage"": 1.0, ""UKL1-L_0|RW_full|n=4000|coverage"": 1.0, ""UKL1-L_0|RW_full|n=8000|coverage"": 1.0, ""UKL1-L_th|ARW_cf|n=4000|coverage"": 0.8856678415360081, ""UKL1-L_th|ARW_cf|n=8000|coverage"": 0.6229892369865333, ""AutoDML|ARW_cf|n=4000|coverage"": 0.2742564457930648, ""AutoDML|ARW_cf|n=8000|coverage"": 0.6855214915064919}, ""H15-Bias"": {}}","{""H15-Suf"": [], ""H15-Bias"": []}",[],"{""fits_checked"": 60000, ""max_gap"": 1.7763568394002505e-15, ""tolerance"": 1e-10}"
0,500,UKL1-L_us|ARW_cf,2000,2000,0.0,0.0014967448951882837,1951,0.9755,0.9755,"{""ok"": 2000}",0,ok,0.930337030907741,0.6385477012835931,30.203650618762047,142.98964011833706,240.91455546428278,0.008698332262072617,,,0.009225677245104378,6.364700433358905e-15,6.102559326533539,73058.54970277696,73021.3084724431,-0.052015957195195583,0.05523838939783427,2.47026591821067,55.238389397834275,-0.02105622873351496,0.09607231057285509,27.34694448550508,1.0163155577063523,1118.3038192182062,,,0.7708723549944533,1.2287565143190258,29.0387161321099,31.593705193833788,0.07212550604073893,0.9236879065556277,ok,ok,ok,"{""H15-Suf"": ""H15-Suf: no departure from the prediction was detected"", ""H15-Bias"": null}","{""H15-Suf"": {""SQ-L_us|RW_full|n=4000|coverage"": 1.0, ""SQ-L_us|RW_full|n=8000|coverage"": 1.0, ""SQ-L_0|RW_full|n=4000|coverage"": 1.0, ""SQ-L_0|RW_full|n=8000|coverage"": 1.0, ""SQ-L_th|ARW_cf|n=4000|coverage"": 0.09169292963055858, ""SQ-L_th|ARW_cf|n=8000|coverage"": 0.0011235248563936622, ""UKL1-L_us|RW_full|n=4000|coverage"": 1.0, ""UKL1-L_us|RW_full|n=8000|coverage"": 1.0, ""UKL1-L_0|RW_full|n=4000|coverage"": 1.0, ""UKL1-L_0|RW_full|n=8000|coverage"": 1.0, ""UKL1-L_th|ARW_cf|n=4000|coverage"": 0.8856678415360081, ""UKL1-L_th|ARW_cf|n=8000|coverage"": 0.6229892369865333, ""AutoDML|ARW_cf|n=4000|coverage"": 0.2742564457930648, ""AutoDML|ARW_cf|n=8000|coverage"": 0.6855214915064919}, ""H15-Bias"": {}}","{""H15-Suf"": [], ""H15-Bias"": []}",[],"{""fits_checked"": 60000, ""max_gap"": 1.7763568394002505e-15, ""tolerance"": 1e-10}"
0,500,UKL1-L_0|RW_full,2000,2000,0.0,0.0014967448951882837,1870,0.935,0.935,"{""ok"": 2000}",0,ok,0.3877536024263582,0.3847945359609568,8.895531693238677,12.649026017821418,382.5893435692375,0.0,52.0,5.923872503609558e-16,9.990803157222672e-09,9.9908030737339e-09,0.010570840956250355,0.00035646616707383605,0.0002447234885514961,0.002866813148744818,0.0022990042362129688,0.10282885856315846,2.2990042362129692,0.02788332869687588,0.962088458941792,0.03803847232567631,,,,,0.38672678552769824,0.38886491891545627,8.812353755426528,8.980912062995344,0.9320392157772678,0.9949730394306773,ok,ok,ok,"{""H15-Suf"": ""H15-Suf: no departure from the prediction was detected"", ""H15-Bias"": null}","{""H15-Suf"": {""SQ-L_us|RW_full|n=4000|coverage"": 1.0, ""SQ-L_us|RW_full|n=8000|coverage"": 1.0, ""SQ-L_0|RW_full|n=4000|coverage"": 1.0, ""SQ-L_0|RW_full|n=8000|coverage"": 1.0, ""SQ-L_th|ARW_cf|n=4000|coverage"": 0.09169292963055858, ""SQ-L_th|ARW_cf|n=8000|coverage"": 0.0011235248563936622, ""UKL1-L_us|RW_full|n=4000|coverage"": 1.0, ""UKL1-L_us|RW_full|n=8000|coverage"": 1.0, ""UKL1-L_0|RW_full|n=4000|coverage"": 1.0, ""UKL1-L_0|RW_full|n=8000|coverage"": 1.0, ""UKL1-L_th|ARW_cf|n=4000|coverage"": 0.8856678415360081, ""UKL1-L_th|ARW_cf|n=8000|coverage"": 0.6229892369865333, ""AutoDML|ARW_cf|n=4000|coverage"": 0.2742564457930648, ""AutoDML|ARW_cf|n=8000|coverage"": 0.6855214915064919}, ""H15-Bias"": {}}","{""H15-Suf"": [], ""H15-Bias"": []}",[],"{""fits_checked"": 60000, ""max_gap"": 1.7763568394002505e-15, ""tolerance"": 1e-10}"
0,500,UKL1-L_0|ARW_cf,2000,1999,0.0005,,1954,0.977,0.9774887443721861,"{""ok"": 1999, ""uncertified_numerical_boundary"": 1}",0,ok,8.750932104637245,0.8067457858088342,47.65543781387557,344.6941342663943,173.18867218801304,0.0,,,9.999742747179852e-09,9.999742811572787e-09,15517.72152636538,480380439025.65076,480139639344.28094,-2.7779451872742604,2.7861697963781413,124.56996332862359,2785.473166839467,-0.022300248124672108,0.017920671143940085,1390.9720820093376,1.441752041846663,60969.05554930063,,,1.176998304435653,23.84636890158856,45.880618383246926,49.77929399293418,0.017808190738321728,0.6836397536377762,ok,ok,ok,"{""H15-Suf"": ""H15-Suf: no departure from the prediction was detected"", ""H15-Bias"": null}","{""H15-Suf"": {""SQ-L_us|RW_full|n=4000|coverage"": 1.0, ""SQ-L_us|RW_full|n=8000|coverage"": 1.0, ""SQ-L_0|RW_full|n=4000|coverage"": 1.0, ""SQ-L_0|RW_full|n=8000|coverage"": 1.0, ""SQ-L_th|ARW_cf|n=4000|coverage"": 0.09169292963055858, ""SQ-L_th|ARW_cf|n=8000|coverage"": 0.0011235248563936622, ""UKL1-L_us|RW_full|n=4000|coverage"": 1.0, ""UKL1-L_us|RW_full|n=8000|coverage"": 1.0, ""UKL1-L_0|RW_full|n=4000|coverage"": 1.0, ""UKL1-L_0|RW_full|n=8000|coverage"": 1.0, ""UKL1-L_th|ARW_cf|n=4000|coverage"": 0.8856678415360081, ""UKL1-L_th|ARW_cf|n=8000|coverage"": 0.6229892369865333, ""AutoDML|ARW_cf|n=4000|coverage"": 0.2742564457930648, ""AutoDML|ARW_cf|n=8000|coverage"": 0.6855214915064919}, ""H15-Bias"": {}}","{""H15-Suf"": [], ""H15-Bias"": []}",[],"{""fits_checked"": 60000, ""max_gap"": 1.7763568394002505e-15, ""tolerance"": 1e-10}"
0,500,AutoDML|ARW_cf,2000,2000,0.0,0.0014967448951882837,1747,0.8735,0.8735,"{""ok"": 2000}",0,ok,0.3047719910004329,0.30442368480201626,2.451017487051784,2.8502957480779183,484.1240829656293,,,,,,0.01007229066415541,0.0003245539897674368,0.00022310295054420452,0.0034991914062787455,0.002244135765072538,0.1003967074127489,2.2441357650725378,0.03486611626845779,0.77468448842876,0.03720733295025956,,,9991.0,0.0,0.30428109191239117,0.3052458707021762,2.4400399207296672,2.4631302776910746,0.7504825860277272,0.8006485421323448,ok,ok,ok,"{""H15-Suf"": ""H15-Suf: no departure from the prediction was detected"", ""H15-Bias"": null}","{""H15-Suf"": {""SQ-L_us|RW_full|n=4000|coverage"": 1.0, ""SQ-L_us|RW_full|n=8000|coverage"": 1.0, ""SQ-L_0|RW_full|n=4000|coverage"": 1.0, ""SQ-L_0|RW_full|n=8000|coverage"": 1.0, ""SQ-L_th|ARW_cf|n=4000|coverage"": 0.09169292963055858, ""SQ-L_th|ARW_cf|n=8000|coverage"": 0.0011235248563936622, ""UKL1-L_us|RW_full|n=4000|coverage"": 1.0, ""UKL1-L_us|RW_full|n=8000|coverage"": 1.0, ""UKL1-L_0|RW_full|n=4000|coverage"": 1.0, ""UKL1-L_0|RW_full|n=8000|coverage"": 1.0, ""UKL1-L_th|ARW_cf|n=4000|coverage"": 0.8856678415360081, ""UKL1-L_th|ARW_cf|n=8000|coverage"": 0.6229892369865333, ""AutoDML|ARW_cf|n=4000|coverage"": 0.2742564457930648, ""AutoDML|ARW_cf|n=8000|coverage"": 0.6855214915064919}, ""H15-Bias"": {}}","{""H15-Suf"": [], ""H15-Bias"": []}",[],"{""fits_checked"": 60000, ""max_gap"": 1.7763568394002505e-15, ""tolerance"": 1e-10}"
1,1000,SQ-L_th|RW_full,2000,2000,0.0,0.0014967448951882837,9,0.0045,0.0045,"{""ok"": 2000}",0,ok,0.23916046036937774,0.23925483509630796,2.28137722371999,2.454187863026834,994.1311896900504,0.24979493647743248,2.0,1.3322676295501878e-15,0.25841199399194476,1.942890293094024e-16,0.005876864920002122,9.854399913424167e-05,6.400645784629012e-05,0.3136164442066449,0.0017141856550563772,0.3228454747466064,2.4242246018061366,4.090966961713166,0.79584860514781,0.03689725427124256,,,,,0.238893037698494,0.23942954278566667,2.2758319037405434,2.2861641518971574,0.773702487979671,0.8205117598051342,ok,ok,ok,"{""H15-Suf"": ""H15-Suf: no departure from the prediction was detected"", ""H15-Bias"": null}","{""H15-Suf"": {""SQ-L_us|RW_full|n=4000|coverage"": 1.0, ""SQ-L_us|RW_full|n=8000|coverage"": 1.0, ""SQ-L_0|RW_full|n=4000|coverage"": 1.0, ""SQ-L_0|RW_full|n=8000|coverage"": 1.0, ""SQ-L_th|ARW_cf|n=4000|coverage"": 0.09169292963055858, ""SQ-L_th|ARW_cf|n=8000|coverage"": 0.0011235248563936622, ""UKL1-L_us|RW_full|n=4000|coverage"": 1.0, ""UKL1-L_us|RW_full|n=8000|coverage"": 1.0, ""UKL1-L_0|RW_full|n=4000|coverage"": 1.0, ""UKL1-L_0|RW_full|n=8000|coverage"": 1.0, ""UKL1-L_th|ARW_cf|n=4000|coverage"": 0.8856678415360081, ""UKL1-L_th|ARW_cf|n=8000|coverage"": 0.6229892369865333, ""AutoDML|ARW_cf|n=4000|coverage"": 0.2742564457930648, ""AutoDML|ARW_cf|n=8000|coverage"": 0.6855214915064919}, ""H15-Bias"": {}}","{""H15-Suf"": [], ""H15-Bias"": []}",[],"{""fits_checked"": 60000, ""max_gap"": 1.7763568394002505e-15, ""tolerance"": 1e-10}"
1,1000,SQ-L_th|ARW_cf,2000,2000,0.0,0.0014967448951882837,1873,0.9365,0.9365,"{""ok"": 2000}",0,ok,0.24849153264407237,0.2485302470019364,2.2339275614875995,2.4151979971441015,997.673334297567,0.2817050656647295,,,0.29272274615882565,2.220446049250313e-16,0.004664270885218175,6.1080796923381e-05,3.932537403268706e-05,0.0009438378563624283,0.001527133079534684,0.06828491472993628,2.1596923126265404,0.013819919395676604,0.9281830756149624,0.03246381502020935,0.3730633175607061,0.6106912650009497,,,0.2482147133199687,0.24878012232843563,2.2288666101626857,2.2392148969829213,0.9025316288496517,0.9554116530740963,ok,ok,ok,"{""H15-Suf"": ""H15-Suf: no departure from the prediction was detected"", ""H15-Bias"": null}","{""H15-Suf"": {""SQ-L_us|RW_full|n=4000|coverage"": 1.0, ""SQ-L_us|RW_full|n=8000|coverage"": 1.0, ""SQ-L_0|RW_full|n=4000|coverage"": 1.0, ""SQ-L_0|RW_full|n=8000|coverage"": 1.0, ""SQ-L_th|ARW_cf|n=4000|coverage"": 0.09169292963055858, ""SQ-L_th|ARW_cf|n=8000|coverage"": 0.0011235248563936622, ""UKL1-L_us|RW_full|n=4000|coverage"": 1.0, ""UKL1-L_us|RW_full|n=8000|coverage"": 1.0, ""UKL1-L_0|RW_full|n=4000|coverage"": 1.0, ""UKL1-L_0|RW_full|n=8000|coverage"": 1.0, ""UKL1-L_th|ARW_cf|n=4000|coverage"": 0.8856678415360081, ""UKL1-L_th|ARW_cf|n=8000|coverage"": 0.6229892369865333, ""AutoDML|ARW_cf|n=4000|coverage"": 0.2742564457930648, ""AutoDML|ARW_cf|n=8000|coverage"": 0.6855214915064919}, ""H15-Bias"": {}}","{""H15-Suf"": [], ""H15-Bias"": []}",[],"{""fits_checked"": 60000, ""max_gap"": 1.7763568394002505e-15, ""tolerance"": 1e-10}"
1,1000,SQ-L_us|RW_full,2000,2000,0.0,0.0014967448951882837,1900,0.95,0.95,"{""ok"": 2000}",0,ok,0.2636140349925577,0.2633572352886103,4.523969927259485,5.09047872722399,850.2518862834163,0.004625423618036755,48.0,6.38378239159465e-16,0.004831020998531166,5.559788740505667e-16,0.0045310662427175364,5.792188830401314e-05,3.7391327008118726e-05,0.0010006687957926363,0.0015051688016162069,0.06730380410968649,2.128630132906498,0.014865863868242282,0.9990385711756463,0.03211738960169707,,,,,0.2632770798647242,0.2639844449413322,4.5011435607729835,4.541408072059437,0.971220835604102,1.0287989131935547,ok,ok,ok,"{""H15-Suf"": ""H15-Suf: no departure from the prediction was detected"", ""H15-Bias"": null}","{""H15-Suf"": {""SQ-L_us|RW_full|n=4000|coverage"": 1.0, ""SQ-L_us|RW_full|n=8000|coverage"": 1.0, ""SQ-L_0|RW_full|n=4000|coverage"": 1.0, ""SQ-L_0|RW_full|n=8000|coverage"": 1.0, ""SQ-L_th|ARW_cf|n=4000|coverage"": 0.09169292963055858, ""SQ-L_th|ARW_cf|n=8000|coverage"": 0.0011235248563936622, ""UKL1-L_us|RW_full|n=4000|coverage"": 1.0, ""UKL1-L_us|RW_full|n=8000|coverage"": 1.0, ""UKL1-L_0|RW_full|n=4000|coverage"": 1.0, ""UKL1-L_0|RW_full|n=8000|coverage"": 1.0, ""UKL1-L_th|ARW_cf|n=4000|coverage"": 0.8856678415360081, ""UKL1-L_th|ARW_cf|n=8000|coverage"": 0.6229892369865333, ""AutoDML|ARW_cf|n=4000|coverage"": 0.2742564457930648, ""AutoDML|ARW_cf|n=8000|coverage"": 0.6855214915064919}, ""H15-Bias"": {}}","{""H15-Suf"": [], ""H15-Bias"": []}",[],"{""fits_checked"": 60000, ""max_gap"": 1.7763568394002505e-15, ""tolerance"": 1e-10}"
1,1000,SQ-L_us|ARW_cf,2000,2000,0.0,0.0014967448951882837,1917,0.9585,0.9585,"{""ok"": 2000}",0,ok,0.283927241920748,0.2836928752443496,4.930294364455358,5.6626428048806705,836.7997320752161,0.005390428582057542,,,0.005670451269762222,4.996003610813204e-16,0.00484278358706109,6.655257411851745e-05,4.310002124740918e-05,0.0008238990955453662,0.001556082193693683,0.069577589818757,2.2006325424888837,0.011839312805623501,1.0408148159534987,0.033353868923859754,0.28978103994145454,0.5651391423461961,,,0.28352266761195755,0.28431870138035636,4.907102402937371,4.952346528875569,1.0119427260901692,1.0734908821908096,ok,ok,ok,"{""H15-Suf"": ""H15-Suf: no departure from the prediction was detected"", ""H15-Bias"": null}","{""H15-Suf"": {""SQ-L_us|RW_full|n=4000|coverage"": 1.0, ""SQ-L_us|RW_full|n=8000|coverage"": 1.0, ""SQ-L_0|RW_full|n=4000|coverage"": 1.0, ""SQ-L_0|RW_full|n=8000|coverage"": 1.0, ""SQ-L_th|ARW_cf|n=4000|coverage"": 0.09169292963055858, ""SQ-L_th|ARW_cf|n=8000|coverage"": 0.0011235248563936622, ""UKL1-L_us|RW_full|n=4000|coverage"": 1.0, ""UKL1-L_us|RW_full|n=8000|coverage"": 1.0, ""UKL1-L_0|RW_full|n=4000|coverage"": 1.0, ""UKL1-L_0|RW_full|n=8000|coverage"": 1.0, ""UKL1-L_th|ARW_cf|n=4000|coverage"": 0.8856678415360081, ""UKL1-L_th|ARW_cf|n=8000|coverage"": 0.6229892369865333, ""AutoDML|ARW_cf|n=4000|coverage"": 0.2742564457930648, ""AutoDML|ARW_cf|n=8000|coverage"": 0.6855214915064919}, ""H15-Bias"": {}}","{""H15-Suf"": [], ""H15-Bias"": []}",[],"{""fits_checked"": 60000, ""max_gap"": 1.7763568394002505e-15, ""tolerance"": 1e-10}"
1,1000,SQ-L_0|RW_full,2000,2000,0.0,0.0014967448951882837,1898,0.949,0.949,"{""ok"": 2000}",0,ok,0.2660814152489797,0.2658321579702841,4.646979270398388,5.229471892058624,842.3243628621468,0.0,52.0,6.953326803227355e-16,1.7528201112781972e-15,1.7486012637846216e-15,0.004616811127614581,6.010650564519423e-05,3.8791560657128405e-05,0.0010221368449678803,0.0015193437938160312,0.06793782073175894,2.1486765991220227,0.015043122412175336,0.9989814427763029,0.03240802600710056,,,,,0.2657148879363502,0.26644080852877533,4.6263491207893495,4.660447659585525,0.9718618648712883,1.0282105226079663,ok,ok,ok,"{""H15-Suf"": ""H15-Suf: no departure from the prediction was detected"", ""H15-Bias"": null}","{""H15-Suf"": {""SQ-L_us|RW_full|n=4000|coverage"": 1.0, ""SQ-L_us|RW_full|n=8000|coverage"": 1.0, ""SQ-L_0|RW_full|n=4000|coverage"": 1.0, ""SQ-L_0|RW_full|n=8000|coverage"": 1.0, ""SQ-L_th|ARW_cf|n=4000|coverage"": 0.09169292963055858, ""SQ-L_th|ARW_cf|n=8000|coverage"": 0.0011235248563936622, ""UKL1-L_us|RW_full|n=4000|coverage"": 1.0, ""UKL1-L_us|RW_full|n=8000|coverage"": 1.0, ""UKL1-L_0|RW_full|n=4000|coverage"": 1.0, ""UKL1-L_0|RW_full|n=8000|coverage"": 1.0, ""UKL1-L_th|ARW_cf|n=4000|coverage"": 0.8856678415360081, ""UKL1-L_th|ARW_cf|n=8000|coverage"": 0.6229892369865333, ""AutoDML|ARW_cf|n=4000|coverage"": 0.2742564457930648, ""AutoDML|ARW_cf|n=8000|coverage"": 0.6855214915064919}, ""H15-Bias"": {}}","{""H15-Suf"": [], ""H15-Bias"": []}",[],"{""fits_checked"": 60000, ""max_gap"": 1.7763568394002505e-15, ""tolerance"": 1e-10}"
1,1000,SQ-L_0|ARW_cf,2000,2000,0.0,0.0014967448951882837,1923,0.9615,0.9615,"{""ok"": 2000}",0,ok,0.28853626246398856,0.28830038572540606,5.117050784384103,5.866996730199633,826.3553488444753,0.0,,,1.9456658506555867e-15,1.9220736113823023e-15,0.004877935129770786,6.761910138431187e-05,4.382485025405993e-05,0.0008499847528662396,0.001561719425788574,0.06982992650924104,2.2086047925717236,0.012170071370454848,1.053892526111965,0.03351175842513106,0.3020004518288134,0.5812209856193153,,,0.2881194926078359,0.2889629182324651,5.095507262773928,5.140552280833428,1.0232995042539612,1.0867444606484427,ok,ok,ok,"{""H15-Suf"": ""H15-Suf: no departure from the prediction was detected"", ""H15-Bias"": null}","{""H15-Suf"": {""SQ-L_us|RW_full|n=4000|coverage"": 1.0, ""SQ-L_us|RW_full|n=8000|coverage"": 1.0, ""SQ-L_0|RW_full|n=4000|coverage"": 1.0, ""SQ-L_0|RW_full|n=8000|coverage"": 1.0, ""SQ-L_th|ARW_cf|n=4000|coverage"": 0.09169292963055858, ""SQ-L_th|ARW_cf|n=8000|coverage"": 0.0011235248563936622, ""UKL1-L_us|RW_full|n=4000|coverage"": 1.0, ""UKL1-L_us|RW_full|n=8000|coverage"": 1.0, ""UKL1-L_0|RW_full|n=4000|coverage"": 1.0, ""UKL1-L_0|RW_full|n=8000|coverage"": 1.0, ""UKL1-L_th|ARW_cf|n=4000|coverage"": 0.8856678415360081, ""UKL1-L_th|ARW_cf|n=8000|coverage"": 0.6229892369865333, ""AutoDML|ARW_cf|n=4000|coverage"": 0.2742564457930648, ""AutoDML|ARW_cf|n=8000|coverage"": 0.6855214915064919}, ""H15-Bias"": {}}","{""H15-Suf"": [], ""H15-Bias"": []}",[],"{""fits_checked"": 60000, ""max_gap"": 1.7763568394002505e-15, ""tolerance"": 1e-10}"
1,1000,UKL1-L_th|RW_full,2000,2000,0.0,0.0014967448951882837,7,0.0035,0.0035,"{""ok"": 2000}",0,ok,0.24069664652152642,0.2407551284801469,2.333616526467988,2.60315065775713,994.0675087656091,0.2512857776110671,2.0,1.0547118733938987e-15,0.25843007171480536,3.802513859341161e-14,0.005786023057167619,9.570450317823845e-05,6.222644036016313e-05,0.32201789234045686,0.0017008855130736487,0.33087558542906925,2.4054153606326745,4.233406021215796,0.8072236782520327,0.036665060465583786,,,,,0.24044388778849218,0.2409415202229036,2.3266092798283573,2.340275589388702,0.7845205009289415,0.8318229532708344,ok,ok,ok,"{""H15-Suf"": ""H15-Suf: no departure from the prediction was detected"", ""H15-Bias"": null}","{""H15-Suf"": {""SQ-L_us|RW_full|n=4000|coverage"": 1.0, ""SQ-L_us|RW_full|n=8000|coverage"": 1.0, ""SQ-L_0|RW_full|n=4000|coverage"": 1.0, ""SQ-L_0|RW_full|n=8000|coverage"": 1.0, ""SQ-L_th|ARW_cf|n=4000|coverage"": 0.09169292963055858, ""SQ-L_th|ARW_cf|n=8000|coverage"": 0.0011235248563936622, ""UKL1-L_us|RW_full|n=4000|coverage"": 1.0, ""UKL1-L_us|RW_full|n=8000|coverage"": 1.0, ""UKL1-L_0|RW_full|n=4000|coverage"": 1.0, ""UKL1-L_0|RW_full|n=8000|coverage"": 1.0, ""UKL1-L_th|ARW_cf|n=4000|coverage"": 0.8856678415360081, ""UKL1-L_th|ARW_cf|n=8000|coverage"": 0.6229892369865333, ""AutoDML|ARW_cf|n=4000|coverage"": 0.2742564457930648, ""AutoDML|ARW_cf|n=8000|coverage"": 0.6855214915064919}, ""H15-Bias"": {}}","{""H15-Suf"": [], ""H15-Bias"": []}",[],"{""fits_checked"": 60000, ""max_gap"": 1.7763568394002505e-15, ""tolerance"": 1e-10}"
1,1000,UKL1-L_th|ARW_cf,2000,2000,0.0,0.0014967448951882837,1873,0.9365,0.9365,"{""ok"": 2000}",0,ok,0.24925432722164145,0.2493379736489509,2.270159294501757,2.5460702514114057,997.6429395828122,0.2823179824047757,,,0.2932192587229204,5.939693181744587e-14,0.004665188960917929,6.110863657171941e-05,3.9344648530648897e-05,0.0009348377343745273,0.0015272833661305176,0.0682915096335341,2.159904849968611,0.013686790338648253,0.9309407049035273,0.03246857450798138,0.37347444115647177,0.6110337832976772,,,0.24898288235354496,0.24951440041210157,2.2638604500852404,2.2779228796136195,0.9040890041533215,0.9592978671744631,ok,ok,ok,"{""H15-Suf"": ""H15-Suf: no departure from the prediction was detected"", ""H15-Bias"": null}","{""H15-Suf"": {""SQ-L_us|RW_full|n=4000|coverage"": 1.0, ""SQ-L_us|RW_full|n=8000|coverage"": 1.0, ""SQ-L_0|RW_full|n=4000|coverage"": 1.0, ""SQ-L_0|RW_full|n=8000|coverage"": 1.0, ""SQ-L_th|ARW_cf|n=4000|coverage"": 0.09169292963055858, ""SQ-L_th|ARW_cf|n=8000|coverage"": 0.0011235248563936622, ""UKL1-L_us|RW_full|n=4000|coverage"": 1.0, ""UKL1-L_us|RW_full|n=8000|coverage"": 1.0, ""UKL1-L_0|RW_full|n=4000|coverage"": 1.0, ""UKL1-L_0|RW_full|n=8000|coverage"": 1.0, ""UKL1-L_th|ARW_cf|n=4000|coverage"": 0.8856678415360081, ""UKL1-L_th|ARW_cf|n=8000|coverage"": 0.6229892369865333, ""AutoDML|ARW_cf|n=4000|coverage"": 0.2742564457930648, ""AutoDML|ARW_cf|n=8000|coverage"": 0.6855214915064919}, ""H15-Bias"": {}}","{""H15-Suf"": [], ""H15-Bias"": []}",[],"{""fits_checked"": 60000, ""max_gap"": 1.7763568394002505e-15, ""tolerance"": 1e-10}"
1,1000,UKL1-L_us|RW_full,2000,2000,0.0,0.0014967448951882837,1900,0.95,0.95,"{""ok"": 2000}",0,ok,0.2695443066576793,0.2689717412561562,8.157884361540884,10.774934386262567,817.719114011896,0.004653029348911436,47.0,5.342948306008566e-16,0.0048310209985312075,5.403663627667754e-16,0.004892530302664119,6.74222776412713e-05,4.3485424878784636e-05,0.0045421500073969945,0.0015640540755779704,0.07007649509073982,2.2119064859672797,0.06493737230145105,0.9830539077995165,0.033331902537170076,,,,,0.26909563125063973,0.27001197949265954,8.081957177567528,8.234698741222346,0.9557923381624392,1.0125511434645604,ok,ok,ok,"{""H15-Suf"": ""H15-Suf: no departure from the prediction was detected"", ""H15-Bias"": null}","{""H15-Suf"": {""SQ-L_us|RW_full|n=4000|coverage"": 1.0, ""SQ-L_us|RW_full|n=8000|coverage"": 1.0, ""SQ-L_0|RW_full|n=4000|coverage"": 1.0, ""SQ-L_0|RW_full|n=8000|coverage"": 1.0, ""SQ-L_th|ARW_cf|n=4000|coverage"": 0.09169292963055858, ""SQ-L_th|ARW_cf|n=8000|coverage"": 0.0011235248563936622, ""UKL1-L_us|RW_full|n=4000|coverage"": 1.0, ""UKL1-L_us|RW_full|n=8000|coverage"": 1.0, ""UKL1-L_0|RW_full|n=4000|coverage"": 1.0, ""UKL1-L_0|RW_full|n=8000|coverage"": 1.0, ""UKL1-L_th|ARW_cf|n=4000|coverage"": 0.8856678415360081, ""UKL1-L_th|ARW_cf|n=8000|coverage"": 0.6229892369865333, ""AutoDML|ARW_cf|n=4000|coverage"": 0.2742564457930648, ""AutoDML|ARW_cf|n=8000|coverage"": 0.6855214915064919}, ""H15-Bias"": {}}","{""H15-Suf"": [], ""H15-Bias"": []}",[],"{""fits_checked"": 60000, ""max_gap"": 1.7763568394002505e-15, ""tolerance"": 1e-10}"
1,1000,UKL1-L_us|ARW_cf,2000,2000,0.0,0.0014967448951882837,1922,0.961,0.961,"{""ok"": 2000}",0,ok,0.32069967896062157,0.3164538372814475,13.932438546962612,25.102276140423218,726.0227109603306,0.005402156748557389,,,0.005670451269762325,7.563394355258879e-16,0.005942582232550426,0.00010492561831663013,6.961133472600613e-05,0.0006453245777171546,0.0017237433440843834,0.07707157313332041,2.4377412152544875,0.008371255664475906,1.061267483819067,0.03826549951307898,0.37702411794117774,1.265259228474865,,,0.3196478929903351,0.3218187048137038,13.764992679788005,14.121467353240146,1.0309634418396063,1.0940282690990317,ok,ok,ok,"{""H15-Suf"": ""H15-Suf: no departure from the prediction was detected"", ""H15-Bias"": null}","{""H15-Suf"": {""SQ-L_us|RW_full|n=4000|coverage"": 1.0, ""SQ-L_us|RW_full|n=8000|coverage"": 1.0, ""SQ-L_0|RW_full|n=4000|coverage"": 1.0, ""SQ-L_0|RW_full|n=8000|coverage"": 1.0, ""SQ-L_th|ARW_cf|n=4000|coverage"": 0.09169292963055858, ""SQ-L_th|ARW_cf|n=8000|coverage"": 0.0011235248563936622, ""UKL1-L_us|RW_full|n=4000|coverage"": 1.0, ""UKL1-L_us|RW_full|n=8000|coverage"": 1.0, ""UKL1-L_0|RW_full|n=4000|coverage"": 1.0, ""UKL1-L_0|RW_full|n=8000|coverage"": 1.0, ""UKL1-L_th|ARW_cf|n=4000|coverage"": 0.8856678415360081, ""UKL1-L_th|ARW_cf|n=8000|coverage"": 0.6229892369865333, ""AutoDML|ARW_cf|n=4000|coverage"": 0.2742564457930648, ""AutoDML|ARW_cf|n=8000|coverage"": 0.6855214915064919}, ""H15-Bias"": {}}","{""H15-Suf"": [], ""H15-Bias"": []}",[],"{""fits_checked"": 60000, ""max_gap"": 1.7763568394002505e-15, ""tolerance"": 1e-10}"
1,1000,UKL1-L_0|RW_full,2000,2000,0.0,0.0014967448951882837,1894,0.947,0.947,"{""ok"": 2000}",0,ok,0.2717068108049916,0.2711037139535347,8.62010898530356,11.458403294206317,805.0771313867235,0.0,52.0,5.950795411975329e-16,9.883228858420522e-09,9.883228901941266e-09,0.004950362291073519,6.920942917768685e-05,4.4703342364804186e-05,0.0008633827724335852,0.00157327084303268,0.07034651760918745,2.2249409635029687,0.012271139316624493,0.9851354921257228,0.03359746516767423,,,,,0.27122609253030144,0.27217789494023664,8.55899111676403,8.695332699435342,0.9569638224323903,1.0153670145093447,ok,ok,ok,"{""H15-Suf"": ""H15-Suf: no departure from the prediction was detected"", ""H15-Bias"": null}","{""H15-Suf"": {""SQ-L_us|RW_full|n=4000|coverage"": 1.0, ""SQ-L_us|RW_full|n=8000|coverage"": 1.0, ""SQ-L_0|RW_full|n=4000|coverage"": 1.0, ""SQ-L_0|RW_full|n=8000|coverage"": 1.0, ""SQ-L_th|ARW_cf|n=4000|coverage"": 0.09169292963055858, ""SQ-L_th|ARW_cf|n=8000|coverage"": 0.0011235248563936622, ""UKL1-L_us|RW_full|n=4000|coverage"": 1.0, ""UKL1-L_us|RW_full|n=8000|coverage"": 1.0, ""UKL1-L_0|RW_full|n=4000|coverage"": 1.0, ""UKL1-L_0|RW_full|n=8000|coverage"": 1.0, ""UKL1-L_th|ARW_cf|n=4000|coverage"": 0.8856678415360081, ""UKL1-L_th|ARW_cf|n=8000|coverage"": 0.6229892369865333, ""AutoDML|ARW_cf|n=4000|coverage"": 0.2742564457930648, ""AutoDML|ARW_cf|n=8000|coverage"": 0.6855214915064919}, ""H15-Bias"": {}}","{""H15-Suf"": [], ""H15-Bias"": []}",[],"{""fits_checked"": 60000, ""max_gap"": 1.7763568394002505e-15, ""tolerance"": 1e-10}"
1,1000,UKL1-L_0|ARW_cf,2000,2000,0.0,0.0014967448951882837,1931,0.9655,0.9655,"{""ok"": 2000}",0,ok,0.33535775629942177,0.32944247911560953,16.215093762426065,31.038237835392398,688.4560483974353,0.0,,,9.972041183914371e-09,9.972041192796155e-09,0.006389772805592801,0.00012395663786522867,8.312744135813537e-05,0.0007257941645317789,0.001787424516670956,0.0799193637134285,2.52779999319424,0.009079684621247064,1.0702360604820222,0.04032594048008076,0.4129123315915493,1.6488438083798662,,,0.33399121043637503,0.33669193172509027,15.990995588310922,16.528616044840554,1.0382881839626175,1.1051082113197626,ok,ok,ok,"{""H15-Suf"": ""H15-Suf: no departure from the prediction was detected"", ""H15-Bias"": null}","{""H15-Suf"": {""SQ-L_us|RW_full|n=4000|coverage"": 1.0, ""SQ-L_us|RW_full|n=8000|coverage"": 1.0, ""SQ-L_0|RW_full|n=4000|coverage"": 1.0, ""SQ-L_0|RW_full|n=8000|coverage"": 1.0, ""SQ-L_th|ARW_cf|n=4000|coverage"": 0.09169292963055858, ""SQ-L_th|ARW_cf|n=8000|coverage"": 0.0011235248563936622, ""UKL1-L_us|RW_full|n=4000|coverage"": 1.0, ""UKL1-L_us|RW_full|n=8000|coverage"": 1.0, ""UKL1-L_0|RW_full|n=4000|coverage"": 1.0, ""UKL1-L_0|RW_full|n=8000|coverage"": 1.0, ""UKL1-L_th|ARW_cf|n=4000|coverage"": 0.8856678415360081, ""UKL1-L_th|ARW_cf|n=8000|coverage"": 0.6229892369865333, ""AutoDML|ARW_cf|n=4000|coverage"": 0.2742564457930648, ""AutoDML|ARW_cf|n=8000|coverage"": 0.6855214915064919}, ""H15-Bias"": {}}","{""H15-Suf"": [], ""H15-Bias"": []}",[],"{""fits_checked"": 60000, ""max_gap"": 1.7763568394002505e-15, ""tolerance"": 1e-10}"
1,1000,AutoDML|ARW_cf,2000,2000,0.0,0.0014967448951882837,1809,0.9045,0.9045,"{""ok"": 2000}",0,ok,0.22493688395264855,0.22479681204832283,2.821853435383746,3.138085130206508,948.4238990817084,,,,,,0.0046661080355125785,6.142488010538531e-05,3.965231590631026e-05,0.0009341241750129292,0.001527433801431764,0.06829822522927785,2.160117597611894,0.013674996276741312,0.8400346737189449,0.03259206593917214,,,9752.0,0.0,0.22466186204927308,0.22518825585854005,2.813629313403447,2.8309262809479643,0.817643377670615,0.8651489841242094,ok,ok,ok,"{""H15-Suf"": ""H15-Suf: no departure from the prediction was detected"", ""H15-Bias"": null}","{""H15-Suf"": {""SQ-L_us|RW_full|n=4000|coverage"": 1.0, ""SQ-L_us|RW_full|n=8000|coverage"": 1.0, ""SQ-L_0|RW_full|n=4000|coverage"": 1.0, ""SQ-L_0|RW_full|n=8000|coverage"": 1.0, ""SQ-L_th|ARW_cf|n=4000|coverage"": 0.09169292963055858, ""SQ-L_th|ARW_cf|n=8000|coverage"": 0.0011235248563936622, ""UKL1-L_us|RW_full|n=4000|coverage"": 1.0, ""UKL1-L_us|RW_full|n=8000|coverage"": 1.0, ""UKL1-L_0|RW_full|n=4000|coverage"": 1.0, ""UKL1-L_0|RW_full|n=8000|coverage"": 1.0, ""UKL1-L_th|ARW_cf|n=4000|coverage"": 0.8856678415360081, ""UKL1-L_th|ARW_cf|n=8000|coverage"": 0.6229892369865333, ""AutoDML|ARW_cf|n=4000|coverage"": 0.2742564457930648, ""AutoDML|ARW_cf|n=8000|coverage"": 0.6855214915064919}, ""H15-Bias"": {}}","{""H15-Suf"": [], ""H15-Bias"": []}",[],"{""fits_checked"": 60000, ""max_gap"": 1.7763568394002505e-15, ""tolerance"": 1e-10}"
2,2000,SQ-L_th|RW_full,2000,2000,0.0,0.0014967448951882837,280,0.14,0.14,"{""ok"": 2000}",0,ok,0.1672568762546521,0.16727537630667355,2.5455321432651585,2.6744935216459154,1954.7133615694488,0.17416290534061662,2.0,1.2490009027033011e-15,0.17989220312436272,1.3877787807814457e-16,0.00278955563040994,2.3911106193442534e-05,1.6129485578290736e-05,0.14085234289255322,0.0011810071190322985,0.15042454371184308,2.362014238064597,2.666837552646834,0.8078493895180517,0.03802005574200291,,,,,0.16711899969672903,0.1673856312545479,2.5420764912570006,2.550792000823755,0.7839272483987902,0.8357763342188391,ok,ok,ok,"{""H15-Suf"": ""H15-Suf: no departure from the prediction was detected"", ""H15-Bias"": null}","{""H15-Suf"": {""SQ-L_us|RW_full|n=4000|coverage"": 1.0, ""SQ-L_us|RW_full|n=8000|coverage"": 1.0, ""SQ-L_0|RW_full|n=4000|coverage"": 1.0, ""SQ-L_0|RW_full|n=8000|coverage"": 1.0, ""SQ-L_th|ARW_cf|n=4000|coverage"": 0.09169292963055858, ""SQ-L_th|ARW_cf|n=8000|coverage"": 0.0011235248563936622, ""UKL1-L_us|RW_full|n=4000|coverage"": 1.0, ""UKL1-L_us|RW_full|n=8000|coverage"": 1.0, ""UKL1-L_0|RW_full|n=4000|coverage"": 1.0, ""UKL1-L_0|RW_full|n=8000|coverage"": 1.0, ""UKL1-L_th|ARW_cf|n=4000|coverage"": 0.8856678415360081, ""UKL1-L_th|ARW_cf|n=8000|coverage"": 0.6229892369865333, ""AutoDML|ARW_cf|n=4000|coverage"": 0.2742564457930648, ""AutoDML|ARW_cf|n=8000|coverage"": 0.6855214915064919}, ""H15-Bias"": {}}","{""H15-Suf"": [], ""H15-Bias"": []}",[],"{""fits_checked"": 60000, ""max_gap"": 1.7763568394002505e-15, ""tolerance"": 1e-10}"
2,2000,SQ-L_th|ARW_cf,2000,2000,0.0,0.0014967448951882837,1836,0.918,0.918,"{""ok"": 2000}",0,ok,0.17053279958425396,0.17056053079650085,2.5131443964382436,2.6423007347651004,1966.447701037829,0.19533873381092745,,,0.20231776033694784,1.6653345369377348e-16,0.002334709309491422,1.6304187537517008e-05,1.0853319977691095e-05,0.0017142686138114094,0.0010804418793927376,0.04833715622289932,2.1608837587854755,0.03547827259649643,0.9003377237211498,0.03409062004859607,0.26736714985557153,0.4092093257877158,,,0.1703962033662259,0.1706752962815834,2.5079865799575223,2.5173095877210043,0.8722029594053097,0.9297000019494579,ok,ok,ok,"{""H15-Suf"": ""H15-Suf: no departure from the prediction was detected"", ""H15-Bias"": null}","{""H15-Suf"": {""SQ-L_us|RW_full|n=4000|coverage"": 1.0, ""SQ-L_us|RW_full|n=8000|coverage"": 1.0, ""SQ-L_0|RW_full|n=4000|coverage"": 1.0, ""SQ-L_0|RW_full|n=8000|coverage"": 1.0, ""SQ-L_th|ARW_cf|n=4000|coverage"": 0.09169292963055858, ""SQ-L_th|ARW_cf|n=8000|coverage"": 0.0011235248563936622, ""UKL1-L_us|RW_full|n=4000|coverage"": 1.0, ""UKL1-L_us|RW_full|n=8000|coverage"": 1.0, ""UKL1-L_0|RW_full|n=4000|coverage"": 1.0, ""UKL1-L_0|RW_full|n=8000|coverage"": 1.0, ""UKL1-L_th|ARW_cf|n=4000|coverage"": 0.8856678415360081, ""UKL1-L_th|ARW_cf|n=8000|coverage"": 0.6229892369865333, ""AutoDML|ARW_cf|n=4000|coverage"": 0.2742564457930648, ""AutoDML|ARW_cf|n=8000|coverage"": 0.6855214915064919}, ""H15-Bias"": {}}","{""H15-Suf"": [], ""H15-Bias"": []}",[],"{""fits_checked"": 60000, ""max_gap"": 1.7763568394002505e-15, ""tolerance"": 1e-10}"
2,2000,SQ-L_us|RW_full,2000,2000,0.0,0.0014967448951882837,1890,0.945,0.945,"{""ok"": 2000}",0,ok,0.18711631566621686,0.18707058530307236,4.431992738982595,4.855151211805363,1719.7870294423521,0.0029308617150324585,48.0,5.447031714567174e-16,0.003027275928470117,5.811323644522304e-16,0.0023018615017019327,1.585311190202635e-05,1.0554545529008872e-05,0.001712587686775402,0.0010728144065265746,0.04799628660152759,2.145628813053149,0.035695479681872234,0.9949150394332098,0.033857132911743464,,,,,0.18693824257561575,0.18730093311362778,4.420145957104288,4.4446203400262165,0.965465395343755,1.0275870476953108,ok,ok,ok,"{""H15-Suf"": ""H15-Suf: no departure from the prediction was detected"", ""H15-Bias"": null}","{""H15-Suf"": {""SQ-L_us|RW_full|n=4000|coverage"": 1.0, ""SQ-L_us|RW_full|n=8000|coverage"": 1.0, ""SQ-L_0|RW_full|n=4000|coverage"": 1.0, ""SQ-L_0|RW_full|n=8000|coverage"": 1.0, ""SQ-L_th|ARW_cf|n=4000|coverage"": 0.09169292963055858, ""SQ-L_th|ARW_cf|n=8000|coverage"": 0.0011235248563936622, ""UKL1-L_us|RW_full|n=4000|coverage"": 1.0, ""UKL1-L_us|RW_full|n=8000|coverage"": 1.0, ""UKL1-L_0|RW_full|n=4000|coverage"": 1.0, ""UKL1-L_0|RW_full|n=8000|coverage"": 1.0, ""UKL1-L_th|ARW_cf|n=4000|coverage"": 0.8856678415360081, ""UKL1-L_th|ARW_cf|n=8000|coverage"": 0.6229892369865333, ""AutoDML|ARW_cf|n=4000|coverage"": 0.2742564457930648, ""AutoDML|ARW_cf|n=8000|coverage"": 0.6855214915064919}, ""H15-Bias"": {}}","{""H15-Suf"": [], ""H15-Bias"": []}",[],"{""fits_checked"": 60000, ""max_gap"": 1.7763568394002505e-15, ""tolerance"": 1e-10}"
2,2000,SQ-L_us|ARW_cf,2000,2000,0.0,0.0014967448951882837,1907,0.9535,0.9535,"{""ok"": 2000}",0,ok,0.19395912863062,0.19385348638919114,4.6471008606345325,5.16620759067285,1706.6790326090033,0.0033866376756137863,,,0.0035076348465846257,5.902396627011086e-16,0.002372634947828091,1.6867279614642844e-05,1.1237883018987636e-05,0.0018973180613772733,0.0010891820205613226,0.048734468768831425,2.1783640411226455,0.0389515441871806,1.015801139808983,0.03441096059552719,0.19389043728826083,0.31693005066037544,,,0.19376709391320818,0.19415652381644188,4.633287014428777,4.66261208414364,0.9861102835392972,1.047227551185508,ok,ok,ok,"{""H15-Suf"": ""H15-Suf: no departure from the prediction was detected"", ""H15-Bias"": null}","{""H15-Suf"": {""SQ-L_us|RW_full|n=4000|coverage"": 1.0, ""SQ-L_us|RW_full|n=8000|coverage"": 1.0, ""SQ-L_0|RW_full|n=4000|coverage"": 1.0, ""SQ-L_0|RW_full|n=8000|coverage"": 1.0, ""SQ-L_th|ARW_cf|n=4000|coverage"": 0.09169292963055858, ""SQ-L_th|ARW_cf|n=8000|coverage"": 0.0011235248563936622, ""UKL1-L_us|RW_full|n=4000|coverage"": 1.0, ""UKL1-L_us|RW_full|n=8000|coverage"": 1.0, ""UKL1-L_0|RW_full|n=4000|coverage"": 1.0, ""UKL1-L_0|RW_full|n=8000|coverage"": 1.0, ""UKL1-L_th|ARW_cf|n=4000|coverage"": 0.8856678415360081, ""UKL1-L_th|ARW_cf|n=8000|coverage"": 0.6229892369865333, ""AutoDML|ARW_cf|n=4000|coverage"": 0.2742564457930648, ""AutoDML|ARW_cf|n=8000|coverage"": 0.6855214915064919}, ""H15-Bias"": {}}","{""H15-Suf"": [], ""H15-Bias"": []}",[],"{""fits_checked"": 60000, ""max_gap"": 1.7763568394002505e-15, ""tolerance"": 1e-10}"
2,2000,SQ-L_0|RW_full,2000,2000,0.0,0.0014967448951882837,1890,0.945,0.945,"{""ok"": 2000}",0,ok,0.18813934577588032,0.18809892163042463,4.509507967281271,4.938030626662857,1711.0748700476047,0.0,52.0,5.463962615692708e-16,2.831901380062618e-15,2.860559011885755e-15,0.002326440593796968,1.6200322075600196e-05,1.0787996239133806e-05,0.001716473265631846,0.001078526910604684,0.04825166996044487,2.157053821209368,0.035586973915764174,0.9950561285819717,0.03404822011575746,,,,,0.18796733517526443,0.18831891912865623,4.494167184198717,4.519332787705802,0.9659649385979429,1.0268507117509948,ok,ok,ok,"{""H15-Suf"": ""H15-Suf: no departure from the prediction was detected"", ""H15-Bias"": null}","{""H15-Suf"": {""SQ-L_us|RW_full|n=4000|coverage"": 1.0, ""SQ-L_us|RW_full|n=8000|coverage"": 1.0, ""SQ-L_0|RW_full|n=4000|coverage"": 1.0, ""SQ-L_0|RW_full|n=8000|coverage"": 1.0, ""SQ-L_th|ARW_cf|n=4000|coverage"": 0.09169292963055858, ""SQ-L_th|ARW_cf|n=8000|coverage"": 0.0011235248563936622, ""UKL1-L_us|RW_full|n=4000|coverage"": 1.0, ""UKL1-L_us|RW_full|n=8000|coverage"": 1.0, ""UKL1-L_0|RW_full|n=4000|coverage"": 1.0, ""UKL1-L_0|RW_full|n=8000|coverage"": 1.0, ""UKL1-L_th|ARW_cf|n=4000|coverage"": 0.8856678415360081, ""UKL1-L_th|ARW_cf|n=8000|coverage"": 0.6229892369865333, ""AutoDML|ARW_cf|n=4000|coverage"": 0.2742564457930648, ""AutoDML|ARW_cf|n=8000|coverage"": 0.6855214915064919}, ""H15-Bias"": {}}","{""H15-Suf"": [], ""H15-Bias"": []}",[],"{""fits_checked"": 60000, ""max_gap"": 1.7763568394002505e-15, ""tolerance"": 1e-10}"
2,2000,SQ-L_0|ARW_cf,2000,2000,0.0,0.0014967448951882837,1912,0.956,0.956,"{""ok"": 2000}",0,ok,0.1955802083764255,0.1954725424221499,4.752219359785274,5.282068460681423,1695.1063468323023,0.0,,,2.176869795533776e-15,2.185751579730777e-15,0.002377042195266957,1.6933198747099797e-05,1.1282869149020243e-05,0.0019283343267981756,0.0010901931469393296,0.04878085841234481,2.180386293878659,0.039551584507501736,1.0233410413517376,0.03444778759131414,0.19912091242909136,0.32297864593060405,,,0.1953916225500903,0.19576288065644792,4.736576626713195,4.767633107818489,0.9928722996634535,1.0563200848813312,ok,ok,ok,"{""H15-Suf"": ""H15-Suf: no departure from the prediction was detected"", ""H15-Bias"": null}","{""H15-Suf"": {""SQ-L_us|RW_full|n=4000|coverage"": 1.0, ""SQ-L_us|RW_full|n=8000|coverage"": 1.0, ""SQ-L_0|RW_full|n=4000|coverage"": 1.0, ""SQ-L_0|RW_full|n=8000|coverage"": 1.0, ""SQ-L_th|ARW_cf|n=4000|coverage"": 0.09169292963055858, ""SQ-L_th|ARW_cf|n=8000|coverage"": 0.0011235248563936622, ""UKL1-L_us|RW_full|n=4000|coverage"": 1.0, ""UKL1-L_us|RW_full|n=8000|coverage"": 1.0, ""UKL1-L_0|RW_full|n=4000|coverage"": 1.0, ""UKL1-L_0|RW_full|n=8000|coverage"": 1.0, ""UKL1-L_th|ARW_cf|n=4000|coverage"": 0.8856678415360081, ""UKL1-L_th|ARW_cf|n=8000|coverage"": 0.6229892369865333, ""AutoDML|ARW_cf|n=4000|coverage"": 0.2742564457930648, ""AutoDML|ARW_cf|n=8000|coverage"": 0.6855214915064919}, ""H15-Bias"": {}}","{""H15-Suf"": [], ""H15-Bias"": []}",[],"{""fits_checked"": 60000, ""max_gap"": 1.7763568394002505e-15, ""tolerance"": 1e-10}"
2,2000,UKL1-L_th|RW_full,2000,2000,0.0,0.0014967448951882837,111,0.0555,0.0555,"{""ok"": 2000}",0,ok,0.17122758218837678,0.17116018177772235,2.7654271168021847,3.038934363562218,1953.8037410143356,0.17835718441848802,2.0,1.304512053934559e-15,0.18471549388630723,2.3925306180672123e-14,0.002797931087446059,2.390425176433051e-05,1.6075833394233423e-05,0.16838731562711473,0.0011827787382782248,0.17649594948895536,2.3655574765564498,3.1833974699194423,0.8257891081993736,0.037899915859521974,,,,,0.1710973399033864,0.17135666345320713,2.7557402954244186,2.774190727241055,0.8007891081812004,0.852585628158743,ok,ok,ok,"{""H15-Suf"": ""H15-Suf: no departure from the prediction was detected"", ""H15-Bias"": null}","{""H15-Suf"": {""SQ-L_us|RW_full|n=4000|coverage"": 1.0, ""SQ-L_us|RW_full|n=8000|coverage"": 1.0, ""SQ-L_0|RW_full|n=4000|coverage"": 1.0, ""SQ-L_0|RW_full|n=8000|coverage"": 1.0, ""SQ-L_th|ARW_cf|n=4000|coverage"": 0.09169292963055858, ""SQ-L_th|ARW_cf|n=8000|coverage"": 0.0011235248563936622, ""UKL1-L_us|RW_full|n=4000|coverage"": 1.0, ""UKL1-L_us|RW_full|n=8000|coverage"": 1.0, ""UKL1-L_0|RW_full|n=4000|coverage"": 1.0, ""UKL1-L_0|RW_full|n=8000|coverage"": 1.0, ""UKL1-L_th|ARW_cf|n=4000|coverage"": 0.8856678415360081, ""UKL1-L_th|ARW_cf|n=8000|coverage"": 0.6229892369865333, ""AutoDML|ARW_cf|n=4000|coverage"": 0.2742564457930648, ""AutoDML|ARW_cf|n=8000|coverage"": 0.6855214915064919}, ""H15-Bias"": {}}","{""H15-Suf"": [], ""H15-Bias"": []}",[],"{""fits_checked"": 60000, ""max_gap"": 1.7763568394002505e-15, ""tolerance"": 1e-10}"
2,2000,UKL1-L_th|ARW_cf,2000,2000,0.0,0.0014967448951882837,1844,0.922,0.922,"{""ok"": 2000}",0,ok,0.1736075941858677,0.17351028736037882,2.7066375771751767,2.972035402761118,1965.74578907239,0.1987439578616931,,,0.20609694344546944,3.019806626980426e-14,0.002332724628596426,1.629175811517162e-05,1.0850153922311284e-05,0.0016824778535939888,0.0010799825527749106,0.04831551508583927,2.1599651055498215,0.03483514471236277,0.9169611049534709,0.034100144288695,0.27146537829947315,0.4163553341636154,,,0.17348058639434105,0.17374074066858336,2.698500763905053,2.7141439142483086,0.8908151460635093,0.9479491591542206,ok,ok,ok,"{""H15-Suf"": ""H15-Suf: no departure from the prediction was detected"", ""H15-Bias"": null}","{""H15-Suf"": {""SQ-L_us|RW_full|n=4000|coverage"": 1.0, ""SQ-L_us|RW_full|n=8000|coverage"": 1.0, ""SQ-L_0|RW_full|n=4000|coverage"": 1.0, ""SQ-L_0|RW_full|n=8000|coverage"": 1.0, ""SQ-L_th|ARW_cf|n=4000|coverage"": 0.09169292963055858, ""SQ-L_th|ARW_cf|n=8000|coverage"": 0.0011235248563936622, ""UKL1-L_us|RW_full|n=4000|coverage"": 1.0, ""UKL1-L_us|RW_full|n=8000|coverage"": 1.0, ""UKL1-L_0|RW_full|n=4000|coverage"": 1.0, ""UKL1-L_0|RW_full|n=8000|coverage"": 1.0, ""UKL1-L_th|ARW_cf|n=4000|coverage"": 0.8856678415360081, ""UKL1-L_th|ARW_cf|n=8000|coverage"": 0.6229892369865333, ""AutoDML|ARW_cf|n=4000|coverage"": 0.2742564457930648, ""AutoDML|ARW_cf|n=8000|coverage"": 0.6855214915064919}, ""H15-Bias"": {}}","{""H15-Suf"": [], ""H15-Bias"": []}",[],"{""fits_checked"": 60000, ""max_gap"": 1.7763568394002505e-15, ""tolerance"": 1e-10}"
2,2000,UKL1-L_us|RW_full,2000,2000,0.0,0.0014967448951882837,1898,0.949,0.949,"{""ok"": 2000}",0,ok,0.19067410398464488,0.19040759587669223,8.123457383522528,10.418585190979206,1666.0950783263693,0.003001444207598561,48.0,4.90059381963448e-16,0.0031084436042562277,6.492202608843201e-16,0.002414242632128524,1.7587804027101695e-05,1.1759236540314832e-05,0.003919354759851945,0.0010986907281233704,0.04927876675147254,2.1973814562467413,0.07976715782370944,0.9899543990826631,0.03489547466616194,,,,,0.1904447344378817,0.19090290666093998,8.058802142342316,8.19740444809738,0.958768754303311,1.0213026824839515,ok,ok,ok,"{""H15-Suf"": ""H15-Suf: no departure from the prediction was detected"", ""H15-Bias"": null}","{""H15-Suf"": {""SQ-L_us|RW_full|n=4000|coverage"": 1.0, ""SQ-L_us|RW_full|n=8000|coverage"": 1.0, ""SQ-L_0|RW_full|n=4000|coverage"": 1.0, ""SQ-L_0|RW_full|n=8000|coverage"": 1.0, ""SQ-L_th|ARW_cf|n=4000|coverage"": 0.09169292963055858, ""SQ-L_th|ARW_cf|n=8000|coverage"": 0.0011235248563936622, ""UKL1-L_us|RW_full|n=4000|coverage"": 1.0, ""UKL1-L_us|RW_full|n=8000|coverage"": 1.0, ""UKL1-L_0|RW_full|n=4000|coverage"": 1.0, ""UKL1-L_0|RW_full|n=8000|coverage"": 1.0, ""UKL1-L_th|ARW_cf|n=4000|coverage"": 0.8856678415360081, ""UKL1-L_th|ARW_cf|n=8000|coverage"": 0.6229892369865333, ""AutoDML|ARW_cf|n=4000|coverage"": 0.2742564457930648, ""AutoDML|ARW_cf|n=8000|coverage"": 0.6855214915064919}, ""H15-Bias"": {}}","{""H15-Suf"": [], ""H15-Bias"": []}",[],"{""fits_checked"": 60000, ""max_gap"": 1.7763568394002505e-15, ""tolerance"": 1e-10}"
2,2000,UKL1-L_us|ARW_cf,2000,2000,0.0,0.0014967448951882837,1919,0.9595,0.9595,"{""ok"": 2000}",0,ok,0.20439880720647916,0.2037144495831203,10.568194249179658,15.379943331893841,1595.8608828035726,0.0034456749174308215,,,0.0035731555123975785,7.238133703513228e-16,0.002550008088096231,1.9567380445395064e-05,1.3064839196038868e-05,0.0018583423556406409,0.001129160769796806,0.05051916983050049,2.2583215395936125,0.036800603986864765,1.0325747743930607,0.03578913976619249,0.22112028210974258,0.49892763246030997,,,0.20408334088625885,0.20473114867449235,10.45273040549436,10.691631923830398,1.002695400276016,1.0650044657823425,ok,ok,ok,"{""H15-Suf"": ""H15-Suf: no departure from the prediction was detected"", ""H15-Bias"": null}","{""H15-Suf"": {""SQ-L_us|RW_full|n=4000|coverage"": 1.0, ""SQ-L_us|RW_full|n=8000|coverage"": 1.0, ""SQ-L_0|RW_full|n=4000|coverage"": 1.0, ""SQ-L_0|RW_full|n=8000|coverage"": 1.0, ""SQ-L_th|ARW_cf|n=4000|coverage"": 0.09169292963055858, ""SQ-L_th|ARW_cf|n=8000|coverage"": 0.0011235248563936622, ""UKL1-L_us|RW_full|n=4000|coverage"": 1.0, ""UKL1-L_us|RW_full|n=8000|coverage"": 1.0, ""UKL1-L_0|RW_full|n=4000|coverage"": 1.0, ""UKL1-L_0|RW_full|n=8000|coverage"": 1.0, ""UKL1-L_th|ARW_cf|n=4000|coverage"": 0.8856678415360081, ""UKL1-L_th|ARW_cf|n=8000|coverage"": 0.6229892369865333, ""AutoDML|ARW_cf|n=4000|coverage"": 0.2742564457930648, ""AutoDML|ARW_cf|n=8000|coverage"": 0.6855214915064919}, ""H15-Bias"": {}}","{""H15-Suf"": [], ""H15-Bias"": []}",[],"{""fits_checked"": 60000, ""max_gap"": 1.7763568394002505e-15, ""tolerance"": 1e-10}"
2,2000,UKL1-L_0|RW_full,2000,2000,0.0,0.0014967448951882837,1896,0.948,0.948,"{""ok"": 2000}",0,ok,0.1914941422743393,0.19125784890613196,8.452093364370182,10.897812174431305,1652.2687587508813,0.0,52.0,5.244138456776602e-16,9.375685996459993e-09,9.375685783297172e-09,0.0024292846081006977,1.7742815993144454e-05,1.1841392285989493e-05,0.001617403350750557,0.0011021081181310428,0.049301987377748435,2.204216236262086,0.032815508567773356,0.9911290998747309,0.03490858051570313,,,,,0.19125178206597185,0.19173618475593926,8.395144158263637,8.522074767004986,0.9610465601267234,1.0241714995220343,ok,ok,ok,"{""H15-Suf"": ""H15-Suf: no departure from the prediction was detected"", ""H15-Bias"": null}","{""H15-Suf"": {""SQ-L_us|RW_full|n=4000|coverage"": 1.0, ""SQ-L_us|RW_full|n=8000|coverage"": 1.0, ""SQ-L_0|RW_full|n=4000|coverage"": 1.0, ""SQ-L_0|RW_full|n=8000|coverage"": 1.0, ""SQ-L_th|ARW_cf|n=4000|coverage"": 0.09169292963055858, ""SQ-L_th|ARW_cf|n=8000|coverage"": 0.0011235248563936622, ""UKL1-L_us|RW_full|n=4000|coverage"": 1.0, ""UKL1-L_us|RW_full|n=8000|coverage"": 1.0, ""UKL1-L_0|RW_full|n=4000|coverage"": 1.0, ""UKL1-L_0|RW_full|n=8000|coverage"": 1.0, ""UKL1-L_th|ARW_cf|n=4000|coverage"": 0.8856678415360081, ""UKL1-L_th|ARW_cf|n=8000|coverage"": 0.6229892369865333, ""AutoDML|ARW_cf|n=4000|coverage"": 0.2742564457930648, ""AutoDML|ARW_cf|n=8000|coverage"": 0.6855214915064919}, ""H15-Bias"": {}}","{""H15-Suf"": [], ""H15-Bias"": []}",[],"{""fits_checked"": 60000, ""max_gap"": 1.7763568394002505e-15, ""tolerance"": 1e-10}"
2,2000,UKL1-L_0|ARW_cf,2000,2000,0.0,0.0014967448951882837,1921,0.9605,0.9605,"{""ok"": 2000}",0,ok,0.20712556207630986,0.20629911406374601,11.371227813952435,16.86717955378359,1567.687846573653,0.0,,,9.987245435660874e-09,9.987245475073792e-09,0.002588511716540486,2.012840744477326e-05,1.3428014538105887e-05,0.0018647278658767696,0.0011376536635858221,0.050898867086566796,2.2753073271716446,0.03665138522470918,1.0385384147791978,0.03601229824228584,0.23047258530220022,0.5212725494456167,,,0.20677991900208376,0.2074620957336997,11.26698940902958,11.468171979142733,1.0078661178568915,1.0750556086629013,ok,ok,ok,"{""H15-Suf"": ""H15-Suf: no departure from the prediction was detected"", ""H15-Bias"": null}","{""H15-Suf"": {""SQ-L_us|RW_full|n=4000|coverage"": 1.0, ""SQ-L_us|RW_full|n=8000|coverage"": 1.0, ""SQ-L_0|RW_full|n=4000|coverage"": 1.0, ""SQ-L_0|RW_full|n=8000|coverage"": 1.0, ""SQ-L_th|ARW_cf|n=4000|coverage"": 0.09169292963055858, ""SQ-L_th|ARW_cf|n=8000|coverage"": 0.0011235248563936622, ""UKL1-L_us|RW_full|n=4000|coverage"": 1.0, ""UKL1-L_us|RW_full|n=8000|coverage"": 1.0, ""UKL1-L_0|RW_full|n=4000|coverage"": 1.0, ""UKL1-L_0|RW_full|n=8000|coverage"": 1.0, ""UKL1-L_th|ARW_cf|n=4000|coverage"": 0.8856678415360081, ""UKL1-L_th|ARW_cf|n=8000|coverage"": 0.6229892369865333, ""AutoDML|ARW_cf|n=4000|coverage"": 0.2742564457930648, ""AutoDML|ARW_cf|n=8000|coverage"": 0.6855214915064919}, ""H15-Bias"": {}}","{""H15-Suf"": [], ""H15-Bias"": []}",[],"{""fits_checked"": 60000, ""max_gap"": 1.7763568394002505e-15, ""tolerance"": 1e-10}"
2,2000,AutoDML|ARW_cf,2000,2000,0.0,0.0014967448951882837,1813,0.9065,0.9065,"{""ok"": 2000}",0,ok,0.16539248925549532,0.165360997350793,3.1576444025180774,3.4313205588337534,1862.0234833486425,,,,,,0.0023364330341766595,1.6289020584424745e-05,1.0830101261232794e-05,0.0017447275670490203,0.001080840652958765,0.04835606365227418,2.16168130591753,0.036095324796117476,0.8728769949566314,0.034041570973450175,,,0.0,0.0,0.1652532057316982,0.16553436707237038,3.148997029160718,3.166597460680239,0.8460663425753708,0.9002892236504233,ok,ok,ok,"{""H15-Suf"": ""H15-Suf: no departure from the prediction was detected"", ""H15-Bias"": null}","{""H15-Suf"": {""SQ-L_us|RW_full|n=4000|coverage"": 1.0, ""SQ-L_us|RW_full|n=8000|coverage"": 1.0, ""SQ-L_0|RW_full|n=4000|coverage"": 1.0, ""SQ-L_0|RW_full|n=8000|coverage"": 1.0, ""SQ-L_th|ARW_cf|n=4000|coverage"": 0.09169292963055858, ""SQ-L_th|ARW_cf|n=8000|coverage"": 0.0011235248563936622, ""UKL1-L_us|RW_full|n=4000|coverage"": 1.0, ""UKL1-L_us|RW_full|n=8000|coverage"": 1.0, ""UKL1-L_0|RW_full|n=4000|coverage"": 1.0, ""UKL1-L_0|RW_full|n=8000|coverage"": 1.0, ""UKL1-L_th|ARW_cf|n=4000|coverage"": 0.8856678415360081, ""UKL1-L_th|ARW_cf|n=8000|coverage"": 0.6229892369865333, ""AutoDML|ARW_cf|n=4000|coverage"": 0.2742564457930648, ""AutoDML|ARW_cf|n=8000|coverage"": 0.6855214915064919}, ""H15-Bias"": {}}","{""H15-Suf"": [], ""H15-Bias"": []}",[],"{""fits_checked"": 60000, ""max_gap"": 1.7763568394002505e-15, ""tolerance"": 1e-10}"
3,4000,SQ-L_th|RW_full,2000,2000,0.0,0.0014967448951882837,1324,0.662,0.662,"{""ok"": 2000}",0,ok,0.11709694496461048,0.11708200871672059,2.8192854605522393,2.9295199825489466,3827.864721170655,0.12218320021490164,4.0,1.304512053934559e-15,0.12475327092163652,3.7470027081099033e-16,0.0011865893494710598,3.922844506443109e-06,2.5148502221649558e-06,0.044143138140314564,0.0007702562396602379,0.05598761201972452,2.178613641260019,1.281483388767444,0.8671800429961054,0.03255298676141291,,,,,0.11702758043389343,0.11716283110997641,2.8153766832846,2.8232292048545293,0.8417091765521785,0.8928151016859164,ok,ok,ok,"{""H15-Suf"": ""H15-Suf: no departure from the prediction was detected"", ""H15-Bias"": null}","{""H15-Suf"": {""SQ-L_us|RW_full|n=4000|coverage"": 1.0, ""SQ-L_us|RW_full|n=8000|coverage"": 1.0, ""SQ-L_0|RW_full|n=4000|coverage"": 1.0, ""SQ-L_0|RW_full|n=8000|coverage"": 1.0, ""SQ-L_th|ARW_cf|n=4000|coverage"": 0.09169292963055858, ""SQ-L_th|ARW_cf|n=8000|coverage"": 0.0011235248563936622, ""UKL1-L_us|RW_full|n=4000|coverage"": 1.0, ""UKL1-L_us|RW_full|n=8000|coverage"": 1.0, ""UKL1-L_0|RW_full|n=4000|coverage"": 1.0, ""UKL1-L_0|RW_full|n=8000|coverage"": 1.0, ""UKL1-L_th|ARW_cf|n=4000|coverage"": 0.8856678415360081, ""UKL1-L_th|ARW_cf|n=8000|coverage"": 0.6229892369865333, ""AutoDML|ARW_cf|n=4000|coverage"": 0.2742564457930648, ""AutoDML|ARW_cf|n=8000|coverage"": 0.6855214915064919}, ""H15-Bias"": {}}","{""H15-Suf"": [], ""H15-Bias"": []}",[],"{""fits_checked"": 60000, ""max_gap"": 1.7763568394002505e-15, ""tolerance"": 1e-10}"
3,4000,SQ-L_th|ARW_cf,2000,2000,0.0,0.0014967448951882837,1840,0.92,0.92,"{""ok"": 2000}",0,ok,0.11846771233655562,0.11845291707742006,2.7564736015189384,2.8657398001490653,3853.812830728726,0.1368993495533683,,,0.14026300780489506,3.0531133177191805e-16,0.0011661793032174581,3.932554712659751e-06,2.572580545406995e-06,6.37581812836796e-05,0.0007636030720267757,0.0341408886625924,2.1597956414600508,0.001867038422117077,0.884975546168752,0.03321137282347679,0.20030905847621988,0.28767276102892103,,,0.11839856470520671,0.11853522366068983,2.752773641767451,2.760777932477355,0.8579669808263248,0.9118508500817776,ok,ok,ok,"{""H15-Suf"": ""H15-Suf: no departure from the prediction was detected"", ""H15-Bias"": null}","{""H15-Suf"": {""SQ-L_us|RW_full|n=4000|coverage"": 1.0, ""SQ-L_us|RW_full|n=8000|coverage"": 1.0, ""SQ-L_0|RW_full|n=4000|coverage"": 1.0, ""SQ-L_0|RW_full|n=8000|coverage"": 1.0, ""SQ-L_th|ARW_cf|n=4000|coverage"": 0.09169292963055858, ""SQ-L_th|ARW_cf|n=8000|coverage"": 0.0011235248563936622, ""UKL1-L_us|RW_full|n=4000|coverage"": 1.0, ""UKL1-L_us|RW_full|n=8000|coverage"": 1.0, ""UKL1-L_0|RW_full|n=4000|coverage"": 1.0, ""UKL1-L_0|RW_full|n=8000|coverage"": 1.0, ""UKL1-L_th|ARW_cf|n=4000|coverage"": 0.8856678415360081, ""UKL1-L_th|ARW_cf|n=8000|coverage"": 0.6229892369865333, ""AutoDML|ARW_cf|n=4000|coverage"": 0.2742564457930648, ""AutoDML|ARW_cf|n=8000|coverage"": 0.6855214915064919}, ""H15-Bias"": {}}","{""H15-Suf"": [], ""H15-Bias"": []}",[],"{""fits_checked"": 60000, ""max_gap"": 1.7763568394002505e-15, ""tolerance"": 1e-10}"
3,4000,SQ-L_us|RW_full,2000,2000,0.0,0.0014967448951882837,1893,0.9465,0.9465,"{""ok"": 2000}",0,ok,0.13267140675948097,0.13264723311040588,4.37309153178487,4.661484835496374,3454.8309348401094,0.0018842984550342004,48.0,5.277896175659436e-16,0.0019239338570659274,6.670011765130823e-16,0.0011580317855091507,3.866605205737259e-06,2.525567589487747e-06,8.615770683984003e-05,0.0007609309382293345,0.03402146664632265,2.1522377057464177,0.0025318262091916332,0.9945600885260307,0.03302206743734709,,,,,0.1325884037875642,0.13275463855033215,4.363183343346081,4.380507229890072,0.9677017057623473,1.0252410947481585,ok,ok,ok,"{""H15-Suf"": ""H15-Suf: no departure from the prediction was detected"", ""H15-Bias"": null}","{""H15-Suf"": {""SQ-L_us|RW_full|n=4000|coverage"": 1.0, ""SQ-L_us|RW_full|n=8000|coverage"": 1.0, ""SQ-L_0|RW_full|n=4000|coverage"": 1.0, ""SQ-L_0|RW_full|n=8000|coverage"": 1.0, ""SQ-L_th|ARW_cf|n=4000|coverage"": 0.09169292963055858, ""SQ-L_th|ARW_cf|n=8000|coverage"": 0.0011235248563936622, ""UKL1-L_us|RW_full|n=4000|coverage"": 1.0, ""UKL1-L_us|RW_full|n=8000|coverage"": 1.0, ""UKL1-L_0|RW_full|n=4000|coverage"": 1.0, ""UKL1-L_0|RW_full|n=8000|coverage"": 1.0, ""UKL1-L_th|ARW_cf|n=4000|coverage"": 0.8856678415360081, ""UKL1-L_th|ARW_cf|n=8000|coverage"": 0.6229892369865333, ""AutoDML|ARW_cf|n=4000|coverage"": 0.2742564457930648, ""AutoDML|ARW_cf|n=8000|coverage"": 0.6855214915064919}, ""H15-Bias"": {}}","{""H15-Suf"": [], ""H15-Bias"": []}",[],"{""fits_checked"": 60000, ""max_gap"": 1.7763568394002505e-15, ""tolerance"": 1e-10}"
3,4000,SQ-L_us|ARW_cf,2000,2000,0.0,0.0014967448951882837,1892,0.946,0.946,"{""ok"": 2000}",0,ok,0.13505254745839784,0.13502550719504713,4.5026578991723625,4.814477235960158,3441.8853366506955,0.002169621206255187,,,0.0022229294527657388,6.938893903907228e-16,0.0011735655493209211,3.963396152387499e-06,2.586140053834584e-06,6.90435747574547e-05,0.0007660174767330446,0.03424884718587585,2.1666246092213766,0.0020154386976351,1.0056874660574304,0.03319382854807613,0.1349768219641559,0.23077175280449785,,,0.1349656627924981,0.13514408744320153,4.493232365671375,4.512859430310748,0.9769043608904433,1.039030004317841,ok,ok,ok,"{""H15-Suf"": ""H15-Suf: no departure from the prediction was detected"", ""H15-Bias"": null}","{""H15-Suf"": {""SQ-L_us|RW_full|n=4000|coverage"": 1.0, ""SQ-L_us|RW_full|n=8000|coverage"": 1.0, ""SQ-L_0|RW_full|n=4000|coverage"": 1.0, ""SQ-L_0|RW_full|n=8000|coverage"": 1.0, ""SQ-L_th|ARW_cf|n=4000|coverage"": 0.09169292963055858, ""SQ-L_th|ARW_cf|n=8000|coverage"": 0.0011235248563936622, ""UKL1-L_us|RW_full|n=4000|coverage"": 1.0, ""UKL1-L_us|RW_full|n=8000|coverage"": 1.0, ""UKL1-L_0|RW_full|n=4000|coverage"": 1.0, ""UKL1-L_0|RW_full|n=8000|coverage"": 1.0, ""UKL1-L_th|ARW_cf|n=4000|coverage"": 0.8856678415360081, ""UKL1-L_th|ARW_cf|n=8000|coverage"": 0.6229892369865333, ""AutoDML|ARW_cf|n=4000|coverage"": 0.2742564457930648, ""AutoDML|ARW_cf|n=8000|coverage"": 0.6855214915064919}, ""H15-Bias"": {}}","{""H15-Suf"": [], ""H15-Bias"": []}",[],"{""fits_checked"": 60000, ""max_gap"": 1.7763568394002505e-15, ""tolerance"": 1e-10}"
3,4000,SQ-L_0|RW_full,2000,2000,0.0,0.0014967448951882837,1893,0.9465,0.9465,"{""ok"": 2000}",0,ok,0.13311052823438516,0.13308205108122068,4.418903566903095,4.7219075826620704,3444.982575117784,0.0,52.0,5.349887199912473e-16,2.5808244430436387e-15,2.575739101173813e-15,0.0011656038645560338,3.924450945030904e-06,2.565818575962943e-06,9.807964631924904e-05,0.0007634146529102103,0.03413254579196779,2.159262711719937,0.002872786834034905,0.9946054863912878,0.0331758825865687,,,,,0.13302639048209472,0.13319968244133504,4.409747533303323,4.429374627647002,0.9678565664807863,1.0262986800861271,ok,ok,ok,"{""H15-Suf"": ""H15-Suf: no departure from the prediction was detected"", ""H15-Bias"": null}","{""H15-Suf"": {""SQ-L_us|RW_full|n=4000|coverage"": 1.0, ""SQ-L_us|RW_full|n=8000|coverage"": 1.0, ""SQ-L_0|RW_full|n=4000|coverage"": 1.0, ""SQ-L_0|RW_full|n=8000|coverage"": 1.0, ""SQ-L_th|ARW_cf|n=4000|coverage"": 0.09169292963055858, ""SQ-L_th|ARW_cf|n=8000|coverage"": 0.0011235248563936622, ""UKL1-L_us|RW_full|n=4000|coverage"": 1.0, ""UKL1-L_us|RW_full|n=8000|coverage"": 1.0, ""UKL1-L_0|RW_full|n=4000|coverage"": 1.0, ""UKL1-L_0|RW_full|n=8000|coverage"": 1.0, ""UKL1-L_th|ARW_cf|n=4000|coverage"": 0.8856678415360081, ""UKL1-L_th|ARW_cf|n=8000|coverage"": 0.6229892369865333, ""AutoDML|ARW_cf|n=4000|coverage"": 0.2742564457930648, ""AutoDML|ARW_cf|n=8000|coverage"": 0.6855214915064919}, ""H15-Bias"": {}}","{""H15-Suf"": [], ""H15-Bias"": []}",[],"{""fits_checked"": 60000, ""max_gap"": 1.7763568394002505e-15, ""tolerance"": 1e-10}"
3,4000,SQ-L_0|ARW_cf,2000,2000,0.0,0.0014967448951882837,1898,0.949,0.949,"{""ok"": 2000}",0,ok,0.13568457429030154,0.1356446338370685,4.56247756923631,4.883431203682896,3429.449042351783,0.0,,,2.7645594147251985e-15,2.764281858969042e-15,0.0011741833533226293,3.969401879846596e-06,2.5906953326266215e-06,7.38342916350998e-05,0.0007662190787635835,0.034257870820420075,2.167194825872957,0.002154716578358241,1.0101280936837764,0.03321430841366548,0.1375636730068291,0.23467310650116574,,,0.13559870705405172,0.1357752560788458,4.553724222376192,4.571844992178978,0.9818579108453138,1.0405095428289333,ok,ok,ok,"{""H15-Suf"": ""H15-Suf: no departure from the prediction was detected"", ""H15-Bias"": null}","{""H15-Suf"": {""SQ-L_us|RW_full|n=4000|coverage"": 1.0, ""SQ-L_us|RW_full|n=8000|coverage"": 1.0, ""SQ-L_0|RW_full|n=4000|coverage"": 1.0, ""SQ-L_0|RW_full|n=8000|coverage"": 1.0, ""SQ-L_th|ARW_cf|n=4000|coverage"": 0.09169292963055858, ""SQ-L_th|ARW_cf|n=8000|coverage"": 0.0011235248563936622, ""UKL1-L_us|RW_full|n=4000|coverage"": 1.0, ""UKL1-L_us|RW_full|n=8000|coverage"": 1.0, ""UKL1-L_0|RW_full|n=4000|coverage"": 1.0, ""UKL1-L_0|RW_full|n=8000|coverage"": 1.0, ""UKL1-L_th|ARW_cf|n=4000|coverage"": 0.8856678415360081, ""UKL1-L_th|ARW_cf|n=8000|coverage"": 0.6229892369865333, ""AutoDML|ARW_cf|n=4000|coverage"": 0.2742564457930648, ""AutoDML|ARW_cf|n=8000|coverage"": 0.6855214915064919}, ""H15-Bias"": {}}","{""H15-Suf"": [], ""H15-Bias"": []}",[],"{""fits_checked"": 60000, ""max_gap"": 1.7763568394002505e-15, ""tolerance"": 1e-10}"
3,4000,UKL1-L_th|RW_full,2000,2000,0.0,0.0014967448951882837,379,0.1895,0.1895,"{""ok"": 2000}",0,ok,0.12238990174456654,0.12234201364467587,3.3878590322801054,3.7187096038572496,3822.0276068634566,0.1284453876598488,4.0,1.3322676295501878e-15,0.13457782919535272,7.771561172376096e-15,0.0011891470294556187,3.9029171728359076e-06,2.4888465151727855e-06,0.09218065193156266,0.0007710859321293634,0.09841658928488013,2.1809603659448915,2.6731418035343006,0.905402608645434,0.032349403869592966,,,,,0.12232709044699955,0.12245708864585371,3.3771891610958575,3.400893988122611,0.8798446563659292,0.9326099264617799,ok,ok,ok,"{""H15-Suf"": ""H15-Suf: no departure from the prediction was detected"", ""H15-Bias"": null}","{""H15-Suf"": {""SQ-L_us|RW_full|n=4000|coverage"": 1.0, ""SQ-L_us|RW_full|n=8000|coverage"": 1.0, ""SQ-L_0|RW_full|n=4000|coverage"": 1.0, ""SQ-L_0|RW_full|n=8000|coverage"": 1.0, ""SQ-L_th|ARW_cf|n=4000|coverage"": 0.09169292963055858, ""SQ-L_th|ARW_cf|n=8000|coverage"": 0.0011235248563936622, ""UKL1-L_us|RW_full|n=4000|coverage"": 1.0, ""UKL1-L_us|RW_full|n=8000|coverage"": 1.0, ""UKL1-L_0|RW_full|n=4000|coverage"": 1.0, ""UKL1-L_0|RW_full|n=8000|coverage"": 1.0, ""UKL1-L_th|ARW_cf|n=4000|coverage"": 0.8856678415360081, ""UKL1-L_th|ARW_cf|n=8000|coverage"": 0.6229892369865333, ""AutoDML|ARW_cf|n=4000|coverage"": 0.2742564457930648, ""AutoDML|ARW_cf|n=8000|coverage"": 0.6855214915064919}, ""H15-Bias"": {}}","{""H15-Suf"": [], ""H15-Bias"": []}",[],"{""fits_checked"": 60000, ""max_gap"": 1.7763568394002505e-15, ""tolerance"": 1e-10}"
3,4000,UKL1-L_th|ARW_cf,2000,2000,0.0,0.0014967448951882837,1858,0.929,0.929,"{""ok"": 2000}",0,ok,0.12305552012314196,0.12299571937635351,3.2346007039259024,3.538588995007769,3848.5370722535426,0.14253639243819272,,,0.15088990671348718,1.2906342661267445e-14,0.0011674997891088766,3.935944477693731e-06,2.5728887201244598e-06,4.925049766146827e-05,0.0007640352704911195,0.03416018830196698,2.161018083319875,0.0014413923669511735,0.9187273134423654,0.03319457390243706,0.20822603871673834,0.29451343987631445,,,0.12299324857750533,0.12312097588629066,3.223545079550959,3.2435184788567595,0.8918334907729214,0.9487984992950204,ok,ok,ok,"{""H15-Suf"": ""H15-Suf: no departure from the prediction was detected"", ""H15-Bias"": null}","{""H15-Suf"": {""SQ-L_us|RW_full|n=4000|coverage"": 1.0, ""SQ-L_us|RW_full|n=8000|coverage"": 1.0, ""SQ-L_0|RW_full|n=4000|coverage"": 1.0, ""SQ-L_0|RW_full|n=8000|coverage"": 1.0, ""SQ-L_th|ARW_cf|n=4000|coverage"": 0.09169292963055858, ""SQ-L_th|ARW_cf|n=8000|coverage"": 0.0011235248563936622, ""UKL1-L_us|RW_full|n=4000|coverage"": 1.0, ""UKL1-L_us|RW_full|n=8000|coverage"": 1.0, ""UKL1-L_0|RW_full|n=4000|coverage"": 1.0, ""UKL1-L_0|RW_full|n=8000|coverage"": 1.0, ""UKL1-L_th|ARW_cf|n=4000|coverage"": 0.8856678415360081, ""UKL1-L_th|ARW_cf|n=8000|coverage"": 0.6229892369865333, ""AutoDML|ARW_cf|n=4000|coverage"": 0.2742564457930648, ""AutoDML|ARW_cf|n=8000|coverage"": 0.6855214915064919}, ""H15-Bias"": {}}","{""H15-Suf"": [], ""H15-Bias"": []}",[],"{""fits_checked"": 60000, ""max_gap"": 1.7763568394002505e-15, ""tolerance"": 1e-10}"
3,4000,UKL1-L_us|RW_full,2000,2000,0.0,0.0014967448951882837,1906,0.953,0.953,"{""ok"": 2000}",0,ok,0.13486068845895835,0.13476779087357116,8.065064830733066,9.799463679117267,3353.689014830239,0.0019808733532763025,48.0,5.39499001028787e-16,0.0020754473216339463,7.064661355915547e-16,0.0011910909148270554,4.0699305702116705e-06,2.651233002828119e-06,0.0014417251236635842,0.0007717159175587398,0.034533663876018784,2.1827422338215343,0.041774379768908715,0.9968431970400496,0.03336080293460662,,,,,0.13475996796945397,0.13497328658429972,8.009610871202916,8.116484031957018,0.9667439819438157,1.027567535485314,ok,ok,ok,"{""H15-Suf"": ""H15-Suf: no departure from the prediction was detected"", ""H15-Bias"": null}","{""H15-Suf"": {""SQ-L_us|RW_full|n=4000|coverage"": 1.0, ""SQ-L_us|RW_full|n=8000|coverage"": 1.0, ""SQ-L_0|RW_full|n=4000|coverage"": 1.0, ""SQ-L_0|RW_full|n=8000|coverage"": 1.0, ""SQ-L_th|ARW_cf|n=4000|coverage"": 0.09169292963055858, ""SQ-L_th|ARW_cf|n=8000|coverage"": 0.0011235248563936622, ""UKL1-L_us|RW_full|n=4000|coverage"": 1.0, ""UKL1-L_us|RW_full|n=8000|coverage"": 1.0, ""UKL1-L_0|RW_full|n=4000|coverage"": 1.0, ""UKL1-L_0|RW_full|n=8000|coverage"": 1.0, ""UKL1-L_th|ARW_cf|n=4000|coverage"": 0.8856678415360081, ""UKL1-L_th|ARW_cf|n=8000|coverage"": 0.6229892369865333, ""AutoDML|ARW_cf|n=4000|coverage"": 0.2742564457930648, ""AutoDML|ARW_cf|n=8000|coverage"": 0.6855214915064919}, ""H15-Bias"": {}}","{""H15-Suf"": [], ""H15-Bias"": []}",[],"{""fits_checked"": 60000, ""max_gap"": 1.7763568394002505e-15, ""tolerance"": 1e-10}"
3,4000,UKL1-L_us|ARW_cf,2000,2000,0.0,0.0014967448951882837,1905,0.9525,0.9525,"{""ok"": 2000}",0,ok,0.13927473092554601,0.13909683191018551,9.29526330239781,11.68805487049758,3292.6959583382063,0.002258958721907277,,,0.002391347676110378,7.73686670285656e-16,0.0012149128567567743,4.216889151299679e-06,2.7408759017867725e-06,0.00014582318959988072,0.0007793949116964949,0.03484719019850842,2.204461709131528,0.004183637328750604,1.019327396869918,0.03358591035221478,0.1458163704433029,0.3116766193674673,,,0.1391546830597731,0.13939874777322583,9.214988136697478,9.34818760436244,0.9897994833109319,1.0496142477678636,ok,ok,ok,"{""H15-Suf"": ""H15-Suf: no departure from the prediction was detected"", ""H15-Bias"": null}","{""H15-Suf"": {""SQ-L_us|RW_full|n=4000|coverage"": 1.0, ""SQ-L_us|RW_full|n=8000|coverage"": 1.0, ""SQ-L_0|RW_full|n=4000|coverage"": 1.0, ""SQ-L_0|RW_full|n=8000|coverage"": 1.0, ""SQ-L_th|ARW_cf|n=4000|coverage"": 0.09169292963055858, ""SQ-L_th|ARW_cf|n=8000|coverage"": 0.0011235248563936622, ""UKL1-L_us|RW_full|n=4000|coverage"": 1.0, ""UKL1-L_us|RW_full|n=8000|coverage"": 1.0, ""UKL1-L_0|RW_full|n=4000|coverage"": 1.0, ""UKL1-L_0|RW_full|n=8000|coverage"": 1.0, ""UKL1-L_th|ARW_cf|n=4000|coverage"": 0.8856678415360081, ""UKL1-L_th|ARW_cf|n=8000|coverage"": 0.6229892369865333, ""AutoDML|ARW_cf|n=4000|coverage"": 0.2742564457930648, ""AutoDML|ARW_cf|n=8000|coverage"": 0.6855214915064919}, ""H15-Bias"": {}}","{""H15-Suf"": [], ""H15-Bias"": []}",[],"{""fits_checked"": 60000, ""max_gap"": 1.7763568394002505e-15, ""tolerance"": 1e-10}"
3,4000,UKL1-L_0|RW_full,2000,2000,0.0,0.0014967448951882837,1902,0.951,0.951,"{""ok"": 2000}",0,ok,0.13518467352642255,0.1350893355485348,8.285564282543783,10.138503864337993,3338.043613291069,0.0,52.0,4.452549440261565e-16,5.281360647702016e-10,5.281360470482666e-10,0.0011975399498486915,4.135425143266673e-06,2.701323211783066e-06,0.0001548737986918347,0.000773802284129703,0.03459718436184206,2.1886433696230103,0.004475411211767797,0.9965437835179175,0.033583679154700716,,,,,0.13508133173596584,0.1352937287343027,8.238998123395396,8.333430500867825,0.9666879370355325,1.0279347648835861,ok,ok,ok,"{""H15-Suf"": ""H15-Suf: no departure from the prediction was detected"", ""H15-Bias"": null}","{""H15-Suf"": {""SQ-L_us|RW_full|n=4000|coverage"": 1.0, ""SQ-L_us|RW_full|n=8000|coverage"": 1.0, ""SQ-L_0|RW_full|n=4000|coverage"": 1.0, ""SQ-L_0|RW_full|n=8000|coverage"": 1.0, ""SQ-L_th|ARW_cf|n=4000|coverage"": 0.09169292963055858, ""SQ-L_th|ARW_cf|n=8000|coverage"": 0.0011235248563936622, ""UKL1-L_us|RW_full|n=4000|coverage"": 1.0, ""UKL1-L_us|RW_full|n=8000|coverage"": 1.0, ""UKL1-L_0|RW_full|n=4000|coverage"": 1.0, ""UKL1-L_0|RW_full|n=8000|coverage"": 1.0, ""UKL1-L_th|ARW_cf|n=4000|coverage"": 0.8856678415360081, ""UKL1-L_th|ARW_cf|n=8000|coverage"": 0.6229892369865333, ""AutoDML|ARW_cf|n=4000|coverage"": 0.2742564457930648, ""AutoDML|ARW_cf|n=8000|coverage"": 0.6855214915064919}, ""H15-Bias"": {}}","{""H15-Suf"": [], ""H15-Bias"": []}",[],"{""fits_checked"": 60000, ""max_gap"": 1.7763568394002505e-15, ""tolerance"": 1e-10}"
3,4000,UKL1-L_0|ARW_cf,2000,2000,0.0,0.0014967448951882837,1905,0.9525,0.9525,"{""ok"": 2000}",0,ok,0.1400520200082087,0.13984585035461833,9.69370058954835,12.35419281521465,3267.15250121206,0.0,,,2.9729696762043065e-09,2.972969662118352e-09,0.0012199204108207014,4.2520990392125535e-06,2.7638932304756045e-06,0.00015714680621936594,0.0007809994912996747,0.03491897973500938,2.209000145604976,0.0044992467353433645,1.0229103226619534,0.03365734732365435,0.14942853353200908,0.31883748737230744,,,0.13992422298129872,0.1401793800530716,9.636012355736064,9.78245863711496,0.9943274763394436,1.0524648123338312,ok,ok,ok,"{""H15-Suf"": ""H15-Suf: no departure from the prediction was detected"", ""H15-Bias"": null}","{""H15-Suf"": {""SQ-L_us|RW_full|n=4000|coverage"": 1.0, ""SQ-L_us|RW_full|n=8000|coverage"": 1.0, ""SQ-L_0|RW_full|n=4000|coverage"": 1.0, ""SQ-L_0|RW_full|n=8000|coverage"": 1.0, ""SQ-L_th|ARW_cf|n=4000|coverage"": 0.09169292963055858, ""SQ-L_th|ARW_cf|n=8000|coverage"": 0.0011235248563936622, ""UKL1-L_us|RW_full|n=4000|coverage"": 1.0, ""UKL1-L_us|RW_full|n=8000|coverage"": 1.0, ""UKL1-L_0|RW_full|n=4000|coverage"": 1.0, ""UKL1-L_0|RW_full|n=8000|coverage"": 1.0, ""UKL1-L_th|ARW_cf|n=4000|coverage"": 0.8856678415360081, ""UKL1-L_th|ARW_cf|n=8000|coverage"": 0.6229892369865333, ""AutoDML|ARW_cf|n=4000|coverage"": 0.2742564457930648, ""AutoDML|ARW_cf|n=8000|coverage"": 0.6855214915064919}, ""H15-Bias"": {}}","{""H15-Suf"": [], ""H15-Bias"": []}",[],"{""fits_checked"": 60000, ""max_gap"": 1.7763568394002505e-15, ""tolerance"": 1e-10}"
3,4000,AutoDML|ARW_cf,2000,2000,0.0,0.0014967448951882837,1847,0.9235,0.9235,"{""ok"": 2000}",0,ok,0.12085552878486773,0.12083106982031006,3.4470290619436543,3.6449945018488688,3657.8321683094864,,,,,,0.0011664162077292092,3.924666253450885e-06,2.5641394837974954e-06,7.440014175763565e-05,0.0007636806294941652,0.03414437779498168,2.1600150071045423,0.002178446959115454,0.9027212857299062,0.033153474731439155,,,0.0,0.0,0.12078286011787616,0.12092287100455755,3.4398485067042786,3.4532774285623034,0.8771593947968803,0.9301536684908229,ok,ok,ok,"{""H15-Suf"": ""H15-Suf: no departure from the prediction was detected"", ""H15-Bias"": null}","{""H15-Suf"": {""SQ-L_us|RW_full|n=4000|coverage"": 1.0, ""SQ-L_us|RW_full|n=8000|coverage"": 1.0, ""SQ-L_0|RW_full|n=4000|coverage"": 1.0, ""SQ-L_0|RW_full|n=8000|coverage"": 1.0, ""SQ-L_th|ARW_cf|n=4000|coverage"": 0.09169292963055858, ""SQ-L_th|ARW_cf|n=8000|coverage"": 0.0011235248563936622, ""UKL1-L_us|RW_full|n=4000|coverage"": 1.0, ""UKL1-L_us|RW_full|n=8000|coverage"": 1.0, ""UKL1-L_0|RW_full|n=4000|coverage"": 1.0, ""UKL1-L_0|RW_full|n=8000|coverage"": 1.0, ""UKL1-L_th|ARW_cf|n=4000|coverage"": 0.8856678415360081, ""UKL1-L_th|ARW_cf|n=8000|coverage"": 0.6229892369865333, ""AutoDML|ARW_cf|n=4000|coverage"": 0.2742564457930648, ""AutoDML|ARW_cf|n=8000|coverage"": 0.6855214915064919}, ""H15-Bias"": {}}","{""H15-Suf"": [], ""H15-Bias"": []}",[],"{""fits_checked"": 60000, ""max_gap"": 1.7763568394002505e-15, ""tolerance"": 1e-10}"
4,8000,SQ-L_th|RW_full,2000,2000,0.0,0.0014967448951882837,1877,0.9385,0.9385,"{""ok"": 2000}",0,ok,0.0829036170416675,0.08289962907208707,3.101656502535655,3.2274703095524218,7498.82446053938,0.0870000687411612,5.0,1.4155343563970746e-15,0.09091791552081516,8.326672684688674e-16,0.00047541349319570167,6.585600729060692e-07,4.325420833935297e-07,0.0026178464374966293,0.0004875517886315779,0.021955156715892918,1.950207154526312,0.1200627856443266,0.9699551652888712,0.030163270722233727,,,,,0.08286844675915805,0.08293892381399143,3.09738147270557,3.104500787070676,0.9431785031512016,1.0001551645201125,ok,ok,ok,"{""H15-Suf"": ""H15-Suf: no departure from the prediction was detected"", ""H15-Bias"": null}","{""H15-Suf"": {""SQ-L_us|RW_full|n=4000|coverage"": 1.0, ""SQ-L_us|RW_full|n=8000|coverage"": 1.0, ""SQ-L_0|RW_full|n=4000|coverage"": 1.0, ""SQ-L_0|RW_full|n=8000|coverage"": 1.0, ""SQ-L_th|ARW_cf|n=4000|coverage"": 0.09169292963055858, ""SQ-L_th|ARW_cf|n=8000|coverage"": 0.0011235248563936622, ""UKL1-L_us|RW_full|n=4000|coverage"": 1.0, ""UKL1-L_us|RW_full|n=8000|coverage"": 1.0, ""UKL1-L_0|RW_full|n=4000|coverage"": 1.0, ""UKL1-L_0|RW_full|n=8000|coverage"": 1.0, ""UKL1-L_th|ARW_cf|n=4000|coverage"": 0.8856678415360081, ""UKL1-L_th|ARW_cf|n=8000|coverage"": 0.6229892369865333, ""AutoDML|ARW_cf|n=4000|coverage"": 0.2742564457930648, ""AutoDML|ARW_cf|n=8000|coverage"": 0.6855214915064919}, ""H15-Bias"": {}}","{""H15-Suf"": [], ""H15-Bias"": []}",[],"{""fits_checked"": 60000, ""max_gap"": 1.7763568394002505e-15, ""tolerance"": 1e-10}"
4,8000,SQ-L_th|ARW_cf,2000,2000,0.0,0.0014967448951882837,1821,0.9105,0.9105,"{""ok"": 2000}",0,ok,0.08292469356389638,0.08293647992713898,3.026581411102977,3.1500814552048126,7546.495381433671,0.09655232967996939,,,0.10091127894907834,9.159339953157541e-16,0.0005887595327847986,1.0210558234794956e-06,6.744180360345213e-07,0.00023207272973402304,0.0005425677528128623,0.02425941076717018,2.1702710112514496,0.009564342825737324,0.871824024068798,0.033845085229405006,0.1441857564127056,0.20996901977431898,,,0.08289024726862204,0.08296215052690094,3.0235948394307948,3.0306511453042377,0.8461737926930661,0.8993707829275416,ok,ok,ok,"{""H15-Suf"": ""H15-Suf: no departure from the prediction was detected"", ""H15-Bias"": null}","{""H15-Suf"": {""SQ-L_us|RW_full|n=4000|coverage"": 1.0, ""SQ-L_us|RW_full|n=8000|coverage"": 1.0, ""SQ-L_0|RW_full|n=4000|coverage"": 1.0, ""SQ-L_0|RW_full|n=8000|coverage"": 1.0, ""SQ-L_th|ARW_cf|n=4000|coverage"": 0.09169292963055858, ""SQ-L_th|ARW_cf|n=8000|coverage"": 0.0011235248563936622, ""UKL1-L_us|RW_full|n=4000|coverage"": 1.0, ""UKL1-L_us|RW_full|n=8000|coverage"": 1.0, ""UKL1-L_0|RW_full|n=4000|coverage"": 1.0, ""UKL1-L_0|RW_full|n=8000|coverage"": 1.0, ""UKL1-L_th|ARW_cf|n=4000|coverage"": 0.8856678415360081, ""UKL1-L_th|ARW_cf|n=8000|coverage"": 0.6229892369865333, ""AutoDML|ARW_cf|n=4000|coverage"": 0.2742564457930648, ""AutoDML|ARW_cf|n=8000|coverage"": 0.6855214915064919}, ""H15-Bias"": {}}","{""H15-Suf"": [], ""H15-Bias"": []}",[],"{""fits_checked"": 60000, ""max_gap"": 1.7763568394002505e-15, ""tolerance"": 1e-10}"
4,8000,SQ-L_us|RW_full,2000,2000,0.0,0.0014967448951882837,1891,0.9455,0.9455,"{""ok"": 2000}",0,ok,0.09392069914210566,0.09389637038903133,4.33410592160077,4.537710068577966,6929.061921647275,0.0012382267135147076,49.0,5.984795992119984e-16,0.0012939873883305566,7.80191883320569e-16,0.0005864875524811568,1.0174127426741377e-06,6.734450934588e-07,0.000225029741687921,0.0005415198761269788,0.02421249568073395,2.1660795045079153,0.009292028262604725,0.9893406419528445,0.03388610849249381,,,,,0.09387526558686167,0.0939658345318445,4.327442327231877,4.33970754681712,0.9604726926343189,1.0203938466822358,ok,ok,ok,"{""H15-Suf"": ""H15-Suf: no departure from the prediction was detected"", ""H15-Bias"": null}","{""H15-Suf"": {""SQ-L_us|RW_full|n=4000|coverage"": 1.0, ""SQ-L_us|RW_full|n=8000|coverage"": 1.0, ""SQ-L_0|RW_full|n=4000|coverage"": 1.0, ""SQ-L_0|RW_full|n=8000|coverage"": 1.0, ""SQ-L_th|ARW_cf|n=4000|coverage"": 0.09169292963055858, ""SQ-L_th|ARW_cf|n=8000|coverage"": 0.0011235248563936622, ""UKL1-L_us|RW_full|n=4000|coverage"": 1.0, ""UKL1-L_us|RW_full|n=8000|coverage"": 1.0, ""UKL1-L_0|RW_full|n=4000|coverage"": 1.0, ""UKL1-L_0|RW_full|n=8000|coverage"": 1.0, ""UKL1-L_th|ARW_cf|n=4000|coverage"": 0.8856678415360081, ""UKL1-L_th|ARW_cf|n=8000|coverage"": 0.6229892369865333, ""AutoDML|ARW_cf|n=4000|coverage"": 0.2742564457930648, ""AutoDML|ARW_cf|n=8000|coverage"": 0.6855214915064919}, ""H15-Bias"": {}}","{""H15-Suf"": [], ""H15-Bias"": []}",[],"{""fits_checked"": 60000, ""max_gap"": 1.7763568394002505e-15, ""tolerance"": 1e-10}"
4,8000,SQ-L_us|ARW_cf,2000,2000,0.0,0.0014967448951882837,1895,0.9475,0.9475,"{""ok"": 2000}",0,ok,0.09474792156867792,0.09473808718849253,4.408238884380083,4.632108183884519,6916.949312158897,0.0014091673591321143,,,0.0014727855965222972,1.0184995208328829e-15,0.0005893843493377397,1.0196066108718902e-06,6.722326996276195e-07,0.000255849078350856,0.000542855574410791,0.02427251770859306,2.171422297643164,0.010538639707147338,0.9955987099591299,0.033772290588312597,0.09390424324678008,0.1532339496598931,,,0.09470272195008722,0.09479550522358478,4.402635062476762,4.412954929053749,0.9659504524114187,1.0250396923378788,ok,ok,ok,"{""H15-Suf"": ""H15-Suf: no departure from the prediction was detected"", ""H15-Bias"": null}","{""H15-Suf"": {""SQ-L_us|RW_full|n=4000|coverage"": 1.0, ""SQ-L_us|RW_full|n=8000|coverage"": 1.0, ""SQ-L_0|RW_full|n=4000|coverage"": 1.0, ""SQ-L_0|RW_full|n=8000|coverage"": 1.0, ""SQ-L_th|ARW_cf|n=4000|coverage"": 0.09169292963055858, ""SQ-L_th|ARW_cf|n=8000|coverage"": 0.0011235248563936622, ""UKL1-L_us|RW_full|n=4000|coverage"": 1.0, ""UKL1-L_us|RW_full|n=8000|coverage"": 1.0, ""UKL1-L_0|RW_full|n=4000|coverage"": 1.0, ""UKL1-L_0|RW_full|n=8000|coverage"": 1.0, ""UKL1-L_th|ARW_cf|n=4000|coverage"": 0.8856678415360081, ""UKL1-L_th|ARW_cf|n=8000|coverage"": 0.6229892369865333, ""AutoDML|ARW_cf|n=4000|coverage"": 0.2742564457930648, ""AutoDML|ARW_cf|n=8000|coverage"": 0.6855214915064919}, ""H15-Bias"": {}}","{""H15-Suf"": [], ""H15-Bias"": []}",[],"{""fits_checked"": 60000, ""max_gap"": 1.7763568394002505e-15, ""tolerance"": 1e-10}"
4,8000,SQ-L_0|RW_full,2000,2000,0.0,0.0014967448951882837,1891,0.9455,0.9455,"{""ok"": 2000}",0,ok,0.09411639320533331,0.0940942557948181,4.3656640024092965,4.57718001680357,6917.284910660532,0.0,52.0,5.324022472885659e-16,2.6443430778400055e-15,2.5777990853015353e-15,0.0005890611237866921,1.0263728365094092e-06,6.793798289525685e-07,0.00022746883549262797,0.0005427066996945459,0.024265579228526967,2.170826798778184,0.009372203792776297,0.989233984078745,0.033960661684503145,,,,,0.09407194859598654,0.0941617882788533,4.359096261516828,4.372745295695285,0.9607353468406701,1.0202709119135083,ok,ok,ok,"{""H15-Suf"": ""H15-Suf: no departure from the prediction was detected"", ""H15-Bias"": null}","{""H15-Suf"": {""SQ-L_us|RW_full|n=4000|coverage"": 1.0, ""SQ-L_us|RW_full|n=8000|coverage"": 1.0, ""SQ-L_0|RW_full|n=4000|coverage"": 1.0, ""SQ-L_0|RW_full|n=8000|coverage"": 1.0, ""SQ-L_th|ARW_cf|n=4000|coverage"": 0.09169292963055858, ""SQ-L_th|ARW_cf|n=8000|coverage"": 0.0011235248563936622, ""UKL1-L_us|RW_full|n=4000|coverage"": 1.0, ""UKL1-L_us|RW_full|n=8000|coverage"": 1.0, ""UKL1-L_0|RW_full|n=4000|coverage"": 1.0, ""UKL1-L_0|RW_full|n=8000|coverage"": 1.0, ""UKL1-L_th|ARW_cf|n=4000|coverage"": 0.8856678415360081, ""UKL1-L_th|ARW_cf|n=8000|coverage"": 0.6229892369865333, ""AutoDML|ARW_cf|n=4000|coverage"": 0.2742564457930648, ""AutoDML|ARW_cf|n=8000|coverage"": 0.6855214915064919}, ""H15-Bias"": {}}","{""H15-Suf"": [], ""H15-Bias"": []}",[],"{""fits_checked"": 60000, ""max_gap"": 1.7763568394002505e-15, ""tolerance"": 1e-10}"
4,8000,SQ-L_0|ARW_cf,2000,2000,0.0,0.0014967448951882837,1895,0.9475,0.9475,"{""ok"": 2000}",0,ok,0.09500822108972619,0.09499575628820958,4.446997464259413,4.678356155209753,6902.484009501062,0.0,,,3.251860586361843e-15,3.2786273695961654e-15,0.0005895736662266369,1.0199970560480228e-06,6.723999481401049e-07,0.00025686965412807794,0.0005429427530719223,0.02427642604282466,2.171771012287689,0.010578979178513049,0.9981736036944073,0.033771068136869434,0.09537010289915315,0.15498106162400158,,,0.09496326912316516,0.09505531696994725,4.441322820440741,4.452689523579509,0.9692110529007312,1.0294316792580687,ok,ok,ok,"{""H15-Suf"": ""H15-Suf: no departure from the prediction was detected"", ""H15-Bias"": null}","{""H15-Suf"": {""SQ-L_us|RW_full|n=4000|coverage"": 1.0, ""SQ-L_us|RW_full|n=8000|coverage"": 1.0, ""SQ-L_0|RW_full|n=4000|coverage"": 1.0, ""SQ-L_0|RW_full|n=8000|coverage"": 1.0, ""SQ-L_th|ARW_cf|n=4000|coverage"": 0.09169292963055858, ""SQ-L_th|ARW_cf|n=8000|coverage"": 0.0011235248563936622, ""UKL1-L_us|RW_full|n=4000|coverage"": 1.0, ""UKL1-L_us|RW_full|n=8000|coverage"": 1.0, ""UKL1-L_0|RW_full|n=4000|coverage"": 1.0, ""UKL1-L_0|RW_full|n=8000|coverage"": 1.0, ""UKL1-L_th|ARW_cf|n=4000|coverage"": 0.8856678415360081, ""UKL1-L_th|ARW_cf|n=8000|coverage"": 0.6229892369865333, ""AutoDML|ARW_cf|n=4000|coverage"": 0.2742564457930648, ""AutoDML|ARW_cf|n=8000|coverage"": 0.6855214915064919}, ""H15-Bias"": {}}","{""H15-Suf"": [], ""H15-Bias"": []}",[],"{""fits_checked"": 60000, ""max_gap"": 1.7763568394002505e-15, ""tolerance"": 1e-10}"
4,8000,UKL1-L_th|RW_full,2000,2000,0.0,0.0014967448951882837,512,0.256,0.256,"{""ok"": 2000}",0,ok,0.08780395467751813,0.08780043554522941,4.138309668183345,4.4985830238837154,7476.49501018076,0.09435140852137203,4.0,1.27675647831893e-15,0.09833651100607528,1.734723475976807e-15,0.0006254181414551114,1.1389507840626243e-06,7.478029324014586e-07,0.06065700496842097,0.0005592039616522362,0.06560775628021019,2.236815846608945,2.425468983091375,0.8956591615140529,0.03457867474710694,,,,,0.08776708209134557,0.08784100950024123,4.126726796922433,4.150116812190916,0.8692968749423466,0.9237069439928188,ok,ok,ok,"{""H15-Suf"": ""H15-Suf: no departure from the prediction was detected"", ""H15-Bias"": null}","{""H15-Suf"": {""SQ-L_us|RW_full|n=4000|coverage"": 1.0, ""SQ-L_us|RW_full|n=8000|coverage"": 1.0, ""SQ-L_0|RW_full|n=4000|coverage"": 1.0, ""SQ-L_0|RW_full|n=8000|coverage"": 1.0, ""SQ-L_th|ARW_cf|n=4000|coverage"": 0.09169292963055858, ""SQ-L_th|ARW_cf|n=8000|coverage"": 0.0011235248563936622, ""UKL1-L_us|RW_full|n=4000|coverage"": 1.0, ""UKL1-L_us|RW_full|n=8000|coverage"": 1.0, ""UKL1-L_0|RW_full|n=4000|coverage"": 1.0, ""UKL1-L_0|RW_full|n=8000|coverage"": 1.0, ""UKL1-L_th|ARW_cf|n=4000|coverage"": 0.8856678415360081, ""UKL1-L_th|ARW_cf|n=8000|coverage"": 0.6229892369865333, ""AutoDML|ARW_cf|n=4000|coverage"": 0.2742564457930648, ""AutoDML|ARW_cf|n=8000|coverage"": 0.6855214915064919}, ""H15-Bias"": {}}","{""H15-Suf"": [], ""H15-Bias"": []}",[],"{""fits_checked"": 60000, ""max_gap"": 1.7763568394002505e-15, ""tolerance"": 1e-10}"
4,8000,UKL1-L_th|ARW_cf,2000,2000,0.0,0.0014967448951882837,1854,0.927,0.927,"{""ok"": 2000}",0,ok,0.08778225176913672,0.08778544885085426,3.970608868583551,4.2965353383449445,7528.080603606514,0.10408079581543159,,,0.11063675144559802,3.3029134982598407e-15,0.0005881695630963412,1.0259017693526441e-06,6.799583343997033e-07,0.0002042362999368219,0.0005422958431964701,0.024247003748525404,2.1691833727858807,0.008421348897677525,0.9233564276146375,0.03400085807156505,0.15271170802712591,0.22947251191446064,,,0.0877456691418867,0.08782102318976179,3.961412085952777,3.979566104366439,0.8963870861148746,0.9515479544131873,ok,ok,ok,"{""H15-Suf"": ""H15-Suf: no departure from the prediction was detected"", ""H15-Bias"": null}","{""H15-Suf"": {""SQ-L_us|RW_full|n=4000|coverage"": 1.0, ""SQ-L_us|RW_full|n=8000|coverage"": 1.0, ""SQ-L_0|RW_full|n=4000|coverage"": 1.0, ""SQ-L_0|RW_full|n=8000|coverage"": 1.0, ""SQ-L_th|ARW_cf|n=4000|coverage"": 0.09169292963055858, ""SQ-L_th|ARW_cf|n=8000|coverage"": 0.0011235248563936622, ""UKL1-L_us|RW_full|n=4000|coverage"": 1.0, ""UKL1-L_us|RW_full|n=8000|coverage"": 1.0, ""UKL1-L_0|RW_full|n=4000|coverage"": 1.0, ""UKL1-L_0|RW_full|n=8000|coverage"": 1.0, ""UKL1-L_th|ARW_cf|n=4000|coverage"": 0.8856678415360081, ""UKL1-L_th|ARW_cf|n=8000|coverage"": 0.6229892369865333, ""AutoDML|ARW_cf|n=4000|coverage"": 0.2742564457930648, ""AutoDML|ARW_cf|n=8000|coverage"": 0.6855214915064919}, ""H15-Bias"": {}}","{""H15-Suf"": [], ""H15-Bias"": []}",[],"{""fits_checked"": 60000, ""max_gap"": 1.7763568394002505e-15, ""tolerance"": 1e-10}"
4,8000,UKL1-L_us|RW_full,2000,2000,0.0,0.0014967448951882837,1889,0.9445,0.9445,"{""ok"": 2000}",0,ok,0.09534776753168006,0.09530610084001054,8.003349327926689,9.325052318314963,6737.298490507268,0.0013428545078106194,48.0,6.557254739192331e-16,0.0013995723980842866,8.413408858487514e-16,0.0005969667483010948,1.0750865568950369e-06,7.187172583178542e-07,0.0009334835286922694,0.0005463363196333805,0.024444624284805115,2.1853452785335223,0.03820600152362186,0.9955186290798784,0.03469796193197426,,,,,0.09529289138690923,0.0954006421322312,7.969588454113948,8.035498666438599,0.9659498936267896,1.027894978038876,ok,ok,ok,"{""H15-Suf"": ""H15-Suf: no departure from the prediction was detected"", ""H15-Bias"": null}","{""H15-Suf"": {""SQ-L_us|RW_full|n=4000|coverage"": 1.0, ""SQ-L_us|RW_full|n=8000|coverage"": 1.0, ""SQ-L_0|RW_full|n=4000|coverage"": 1.0, ""SQ-L_0|RW_full|n=8000|coverage"": 1.0, ""SQ-L_th|ARW_cf|n=4000|coverage"": 0.09169292963055858, ""SQ-L_th|ARW_cf|n=8000|coverage"": 0.0011235248563936622, ""UKL1-L_us|RW_full|n=4000|coverage"": 1.0, ""UKL1-L_us|RW_full|n=8000|coverage"": 1.0, ""UKL1-L_0|RW_full|n=4000|coverage"": 1.0, ""UKL1-L_0|RW_full|n=8000|coverage"": 1.0, ""UKL1-L_th|ARW_cf|n=4000|coverage"": 0.8856678415360081, ""UKL1-L_th|ARW_cf|n=8000|coverage"": 0.6229892369865333, ""AutoDML|ARW_cf|n=4000|coverage"": 0.2742564457930648, ""AutoDML|ARW_cf|n=8000|coverage"": 0.6855214915064919}, ""H15-Bias"": {}}","{""H15-Suf"": [], ""H15-Bias"": []}",[],"{""fits_checked"": 60000, ""max_gap"": 1.7763568394002505e-15, ""tolerance"": 1e-10}"
4,8000,UKL1-L_us|ARW_cf,2000,2000,0.0,0.0014967448951882837,1899,0.9495,0.9495,"{""ok"": 2000}",0,ok,0.09682036595220234,0.09676858882695766,8.649021305332642,10.278380514839442,6679.0186691658,0.0015190442391368618,,,0.0016147274682477496,9.777335191474279e-16,0.0006003969297789123,1.0795237992353344e-06,7.190473259473903e-07,0.0001582727883533419,0.0005479037003794152,0.024497383157993755,2.1916148015176615,0.006459323298992741,1.0080020640935887,0.034606645675250056,0.09872352141079976,0.17719183542844397,,,0.09676453933405342,0.09687934959854679,8.597984542856048,8.690713557989595,0.9780961462411518,1.0401310633874357,ok,ok,ok,"{""H15-Suf"": ""H15-Suf: no departure from the prediction was detected"", ""H15-Bias"": null}","{""H15-Suf"": {""SQ-L_us|RW_full|n=4000|coverage"": 1.0, ""SQ-L_us|RW_full|n=8000|coverage"": 1.0, ""SQ-L_0|RW_full|n=4000|coverage"": 1.0, ""SQ-L_0|RW_full|n=8000|coverage"": 1.0, ""SQ-L_th|ARW_cf|n=4000|coverage"": 0.09169292963055858, ""SQ-L_th|ARW_cf|n=8000|coverage"": 0.0011235248563936622, ""UKL1-L_us|RW_full|n=4000|coverage"": 1.0, ""UKL1-L_us|RW_full|n=8000|coverage"": 1.0, ""UKL1-L_0|RW_full|n=4000|coverage"": 1.0, ""UKL1-L_0|RW_full|n=8000|coverage"": 1.0, ""UKL1-L_th|ARW_cf|n=4000|coverage"": 0.8856678415360081, ""UKL1-L_th|ARW_cf|n=8000|coverage"": 0.6229892369865333, ""AutoDML|ARW_cf|n=4000|coverage"": 0.2742564457930648, ""AutoDML|ARW_cf|n=8000|coverage"": 0.6855214915064919}, ""H15-Bias"": {}}","{""H15-Suf"": [], ""H15-Bias"": []}",[],"{""fits_checked"": 60000, ""max_gap"": 1.7763568394002505e-15, ""tolerance"": 1e-10}"
4,8000,UKL1-L_0|RW_full,2000,2000,0.0,0.0014967448951882837,1891,0.9455,0.9455,"{""ok"": 2000}",0,ok,0.09548501692609847,0.09544430608785534,8.164582497707638,9.53150161417223,6718.621979668482,0.0,52.0,5.200839758855867e-16,1.4591556773968507e-10,1.459155019034597e-10,0.000597280195480377,1.0776232712833502e-06,7.208796393702729e-07,0.00014904828104378431,0.0005464797322318445,0.024433660609346253,2.185918928927378,0.006098709040539491,0.9966900094610968,0.03474100057103494,,,,,0.09542961833442701,0.09554358734383143,8.132774536698433,8.200814297415628,0.9673888632308014,1.030298286799867,ok,ok,ok,"{""H15-Suf"": ""H15-Suf: no departure from the prediction was detected"", ""H15-Bias"": null}","{""H15-Suf"": {""SQ-L_us|RW_full|n=4000|coverage"": 1.0, ""SQ-L_us|RW_full|n=8000|coverage"": 1.0, ""SQ-L_0|RW_full|n=4000|coverage"": 1.0, ""SQ-L_0|RW_full|n=8000|coverage"": 1.0, ""SQ-L_th|ARW_cf|n=4000|coverage"": 0.09169292963055858, ""SQ-L_th|ARW_cf|n=8000|coverage"": 0.0011235248563936622, ""UKL1-L_us|RW_full|n=4000|coverage"": 1.0, ""UKL1-L_us|RW_full|n=8000|coverage"": 1.0, ""UKL1-L_0|RW_full|n=4000|coverage"": 1.0, ""UKL1-L_0|RW_full|n=8000|coverage"": 1.0, ""UKL1-L_th|ARW_cf|n=4000|coverage"": 0.8856678415360081, ""UKL1-L_th|ARW_cf|n=8000|coverage"": 0.6229892369865333, ""AutoDML|ARW_cf|n=4000|coverage"": 0.2742564457930648, ""AutoDML|ARW_cf|n=8000|coverage"": 0.6855214915064919}, ""H15-Bias"": {}}","{""H15-Suf"": [], ""H15-Bias"": []}",[],"{""fits_checked"": 60000, ""max_gap"": 1.7763568394002505e-15, ""tolerance"": 1e-10}"
4,8000,UKL1-L_0|ARW_cf,2000,2000,0.0,0.0014967448951882837,1900,0.95,0.95,"{""ok"": 2000}",0,ok,0.09708386470374268,0.0970412384562782,8.88132838313718,10.649481348559448,6652.00099575786,0.0,,,3.009351650512526e-10,3.0093527669805553e-10,0.0006013724100569977,1.0829196383070788e-06,7.212708627293171e-07,0.00016008664894529012,0.0005483486163276961,0.02451728679089796,2.1933944653107846,0.006528048374209667,1.0099252710774567,0.03463198975919951,0.10044015687551514,0.18050108012410082,,,0.0970233946605645,0.0971428355743187,8.828014209183964,8.924040754140105,0.9801299362770451,1.0417593802187437,ok,ok,ok,"{""H15-Suf"": ""H15-Suf: no departure from the prediction was detected"", ""H15-Bias"": null}","{""H15-Suf"": {""SQ-L_us|RW_full|n=4000|coverage"": 1.0, ""SQ-L_us|RW_full|n=8000|coverage"": 1.0, ""SQ-L_0|RW_full|n=4000|coverage"": 1.0, ""SQ-L_0|RW_full|n=8000|coverage"": 1.0, ""SQ-L_th|ARW_cf|n=4000|coverage"": 0.09169292963055858, ""SQ-L_th|ARW_cf|n=8000|coverage"": 0.0011235248563936622, ""UKL1-L_us|RW_full|n=4000|coverage"": 1.0, ""UKL1-L_us|RW_full|n=8000|coverage"": 1.0, ""UKL1-L_0|RW_full|n=4000|coverage"": 1.0, ""UKL1-L_0|RW_full|n=8000|coverage"": 1.0, ""UKL1-L_th|ARW_cf|n=4000|coverage"": 0.8856678415360081, ""UKL1-L_th|ARW_cf|n=8000|coverage"": 0.6229892369865333, ""AutoDML|ARW_cf|n=4000|coverage"": 0.2742564457930648, ""AutoDML|ARW_cf|n=8000|coverage"": 0.6855214915064919}, ""H15-Bias"": {}}","{""H15-Suf"": [], ""H15-Bias"": []}",[],"{""fits_checked"": 60000, ""max_gap"": 1.7763568394002505e-15, ""tolerance"": 1e-10}"
4,8000,AutoDML|ARW_cf,2000,2000,0.0,0.0014967448951882837,1855,0.9275,0.9275,"{""ok"": 2000}",0,ok,0.08765698770749084,0.08763875635500665,3.663397001624758,3.818744283069622,7218.075355334815,,,,,,0.0005884283566461367,1.019564183246417e-06,6.733162523411441e-07,0.00023436183612624006,0.0005424151346736818,0.024252609507804432,2.1696605386947274,0.009661400713407597,0.9218360299430367,0.033826943033030424,,,0.0,0.0,0.08761730072718013,0.08769692309522832,3.659552025087988,3.669104500070901,0.8970132606174945,0.9516813140626073,ok,ok,ok,"{""H15-Suf"": ""H15-Suf: no departure from the prediction was detected"", ""H15-Bias"": null}","{""H15-Suf"": {""SQ-L_us|RW_full|n=4000|coverage"": 1.0, ""SQ-L_us|RW_full|n=8000|coverage"": 1.0, ""SQ-L_0|RW_full|n=4000|coverage"": 1.0, ""SQ-L_0|RW_full|n=8000|coverage"": 1.0, ""SQ-L_th|ARW_cf|n=4000|coverage"": 0.09169292963055858, ""SQ-L_th|ARW_cf|n=8000|coverage"": 0.0011235248563936622, ""UKL1-L_us|RW_full|n=4000|coverage"": 1.0, ""UKL1-L_us|RW_full|n=8000|coverage"": 1.0, ""UKL1-L_0|RW_full|n=4000|coverage"": 1.0, ""UKL1-L_0|RW_full|n=8000|coverage"": 1.0, ""UKL1-L_th|ARW_cf|n=4000|coverage"": 0.8856678415360081, ""UKL1-L_th|ARW_cf|n=8000|coverage"": 0.6229892369865333, ""AutoDML|ARW_cf|n=4000|coverage"": 0.2742564457930648, ""AutoDML|ARW_cf|n=8000|coverage"": 0.6855214915064919}, ""H15-Bias"": {}}","{""H15-Suf"": [], ""H15-Bias"": []}",[],"{""fits_checked"": 60000, ""max_gap"": 1.7763568394002505e-15, ""tolerance"": 1e-10}"
