a0,a1,a2,a3,span,generator,status,certified,max_gradient,min_hessian_eig,min_dual_margin,correctly_specified,delta,norm_e,mu_line,C_line,mu_range,C_range,orthogonality,bias,identity_gap,res_gamma_norm,category,lower_ok_line,upper_ok_line,lower_ok_range,upper_ok_range,orth_ok,identity_ok,bias_bound_ok,spec_norm_ok,spec_bias_ok,sq_curvature_ok,sq_equality_ok,judged,passes,violation
0.0,0.5,0.0,0.0,lin,SQ,ok,True,1.1102230246251565e-16,0.08850164814943463,inf,False,0.08192738671158395,0.040963693355791975,2.0,2.0,2.0,2.0,9.77950359581925e-17,-0.006186789232004497,3.382710778154774e-17,0.38373463189756,sq,True,True,True,True,True,True,True,False,False,True,True,True,True,False
0.0,0.5,0.0,0.0,lin,UKL(1),ok,True,8.115730310009894e-14,0.17700329629889375,inf,True,1.591215287495685e-16,2.013071809727577e-13,0.6065306597124721,1.6487212707001282,0.6065306597124721,1.6487212707001282,8.099297628144049e-14,-5.6066262743570405e-15,9.606655235684676e-15,0.38373463189756,correctly_specified,True,False,True,False,True,True,False,True,True,False,False,True,True,False
0.0,0.5,0.0,0.0,lin,BKL(1),ok,True,1.1102230246251565e-16,0.26770457417109733,0.7796149226612893,False,0.008908877107832011,0.014784472556287983,0.3196074793730162,1.265069539509577,0.3196074793730162,1.265069539509577,1.809533425878307e-16,0.003030424711002788,5.637851296924623e-17,0.38373463189756,main,True,True,True,True,True,True,True,False,False,False,False,True,True,False
0.0,0.5,0.0,0.0,lin,"BP(0.25,0)",ok,True,1.1102230246251565e-16,0.24310766163372843,5.5945002809454465,False,0.018683012807843267,0.02567519663057256,0.6020503575112666,0.8923518452436232,0.6020503575112666,0.8923518452436232,1.2728533504979822e-16,-0.004098162421422191,2.6020852139652106e-18,0.38373463189756,main,True,True,True,True,True,True,True,False,False,False,False,True,True,False
0.0,0.5,0.0,0.0,lin,"BP(0.5,0)",ok,True,1.4224732503009818e-16,0.16930168783157917,3.745788502782889,False,0.03215019728785825,0.03079077651498392,0.9216650719192018,1.2013491943436685,0.9216650719192018,1.2013491943436685,2.5196858488563123e-16,-0.004847054931870098,4.85722573273506e-17,0.38373463189756,main,True,True,True,True,True,True,True,False,False,False,False,True,True,False
0.0,0.5,0.0,0.0,lin,"BP(0.75,0)",ok,True,1.1102230246251565e-16,0.12118915137353897,3.241745421541937,False,0.05236330956979575,0.03588364872426396,1.3717626817960789,1.5683296090591503,1.3717626817960789,1.5683296090591503,2.1098574276567916e-16,-0.005543093936245969,9.627715291671279e-17,0.38373463189756,main,True,True,True,True,True,True,True,False,False,False,False,True,True,False
0.0,0.5,0.0,0.0,quad,SQ,ok,True,3.3306690738754696e-16,0.022836053836821794,inf,False,0.007177297366180139,0.0035886486830900904,2.0,2.0,2.0,2.0,1.37287100090977e-16,-0.0008402804573473532,8.435092901937224e-17,0.336033852263102,sq,True,True,True,True,True,True,True,False,False,True,True,True,True,False
0.0,0.5,0.0,0.0,quad,UKL(1),ok,True,3.3306690738754696e-16,0.04567210767364359,inf,True,1.5759501578924737e-16,9.849406832474134e-16,0.6065306597126334,1.648721270700131,0.6065306597126334,1.648721270700131,1.6222666204497185e-16,-1.1102230246251565e-16,6.148785508173938e-17,0.336033852263102,correctly_specified,True,False,True,False,True,True,False,True,True,False,False,True,True,False
0.0,0.5,0.0,0.0,quad,BKL(1),ok,True,5.551115123125783e-16,0.06906808701067409,0.7939956860191427,False,0.00025978079013807816,0.00040058916172861696,0.33212655563054755,1.2664234018528149,0.33212655563054755,1.2664234018528149,5.081147362671207e-16,9.037270001560627e-05,2.9558061727386065e-16,0.336033852263102,main,True,True,True,True,True,True,True,False,False,False,False,True,True,False
0.0,0.5,0.0,0.0,quad,"BP(0.25,0)",ok,True,3.3306690738754696e-16,0.06233495091822345,5.630211654555738,False,0.0005362847721358017,0.0007296712101928526,0.6020503575112666,0.8759781013467117,0.6020503575112666,0.8759781013467117,1.5653846491617274e-16,-0.0001707762411541358,3.469446951953614e-18,0.336033852263102,main,True,True,True,True,True,True,True,False,False,False,False,True,True,False
0.0,0.5,0.0,0.0,quad,"BP(0.5,0)",ok,True,1.1102230246251565e-16,0.04348984662976679,3.805515565741743,False,0.0016469843542578663,0.0015739508956053392,0.9216650719192018,1.18344137801759,0.9216650719192018,1.18344137801759,1.7921861911185388e-16,-0.0003678550416147397,9.69276742202041e-17,0.336033852263102,main,True,True,True,True,True,True,True,False,False,False,False,True,True,False
0.0,0.5,0.0,0.0,quad,"BP(0.75,0)",ok,True,1.1102230246251565e-16,0.031196957407086372,3.3360731605696072,False,0.0036896417714345283,0.002527220434281721,1.3717626817960789,1.554410760852028,1.3717626817960789,1.554410760852028,2.578910392528333e-16,-0.0005910837360273424,6.440160904563896e-17,0.336033852263102,main,True,True,True,True,True,True,True,False,False,False,False,True,True,False
0.0,0.5,0.0,1.0,lin,SQ,ok,True,3.3306690738754696e-16,0.07405212952973879,inf,False,1.1545448207613627,0.5772724103806812,2.0,2.0,2.0,2.0,3.157196726277789e-16,0.09790664294514662,2.7755575615628914e-17,0.3498695562236407,sq,True,True,True,True,True,True,True,False,False,True,True,True,True,False
0.0,0.5,0.0,1.0,lin,UKL(1),ok,True,1.2836953722228372e-16,0.16895646303917125,inf,False,0.4664726996131135,0.6313127351157666,0.28620225971951885,3.494032510365258,0.28620225971951885,3.494032510365258,1.457167719820518e-16,0.13748126213817213,0.0,0.3498695562236407,main,True,True,True,True,True,True,True,False,False,False,False,True,True,False
0.0,0.5,0.0,1.0,lin,BKL(1),ok,True,2.220446049250313e-16,0.27027271267939024,0.4070045428489737,False,0.32342263346050654,0.7350912667586584,0.08397604840274,3.056625891703844,0.08397604840274,3.056625891703844,1.2663481374630692e-16,0.1629605879655477,0.0,0.3498695562236407,main,True,True,True,True,True,True,True,False,False,False,False,True,True,False
0.0,0.5,0.0,1.0,lin,"BP(0.25,0)",ok,True,2.220446049250313e-16,0.23572198625073174,5.106130791867921,False,0.3485172115634831,0.5688794655965215,0.4049793282173497,1.17366518274471,0.4049793282173497,1.17366518274471,1.6653345369377348e-16,0.11030568037493238,4.163336342344337e-17,0.3498695562236407,main,True,True,True,True,True,True,True,False,False,False,False,True,True,False
0.0,0.5,0.0,1.0,lin,"BP(0.5,0)",ok,True,6.661338147750939e-16,0.1560850449524841,3.0536819927212324,False,0.5274449415423458,0.5659015118635583,0.7075760982775757,1.4736308530902096,0.7075760982775757,1.4736308530902096,6.696032617270475e-16,0.10537548594512491,1.249000902703301e-16,0.3498695562236407,main,True,True,True,True,True,True,True,False,False,False,False,True,True,False
0.0,0.5,0.0,1.0,lin,"BP(0.75,0)",ok,True,2.220446049250313e-16,0.1062804472303957,2.293095446854722,False,0.7844896271892478,0.568717047374396,1.2019295045814393,1.7601766945154766,1.2019295045814393,1.7601766945154766,1.6306400674181987e-16,0.10123002070684883,6.938893903907228e-17,0.3498695562236407,main,True,True,True,True,True,True,True,False,False,False,False,True,True,False
0.0,0.5,0.0,1.0,quad,SQ,ok,True,2.220446049250313e-16,0.022845582991926357,inf,False,1.127036092366216,0.563518046183108,2.0,2.0,2.0,2.0,2.949029909160572e-16,0.11065643557481619,1.3877787807814457e-17,0.31888666039532276,sq,True,True,True,True,True,True,True,False,False,True,True,True,True,False
0.0,0.5,0.0,1.0,quad,UKL(1),ok,True,8.881784197001252e-16,0.03555790115933405,inf,False,0.4509738399909287,0.5185248023316468,0.28620225971951885,5.598973830948294,0.28620225971951885,5.598973830948294,8.586881206085195e-16,0.10072399417264843,0.0,0.31888666039532276,main,True,True,True,True,True,True,True,False,False,False,False,True,True,False
0.0,0.5,0.0,1.0,quad,BKL(1),ok,True,1.3322676295501878e-14,0.05417558257340676,0.5470483014064552,False,0.31304782394898967,0.4835372310192586,0.10418659124406655,4.690523806486528,0.10418659124406655,4.690523806486528,1.3287981825982342e-14,0.09473411653794428,1.6209256159527285e-14,0.31888666039532276,main,True,True,True,True,True,True,True,False,False,False,False,True,True,False
0.0,0.5,0.0,1.0,quad,"BP(0.25,0)",ok,True,2.220446049250313e-16,0.062530076493728,5.131715742349979,False,0.3380426915940306,0.5723014893931817,0.4049793282173497,1.1561980981142428,0.4049793282173497,1.1561980981142428,1.9081958235744878e-16,0.11287991490934901,1.1102230246251565e-16,0.31888666039532276,main,True,True,True,True,True,True,True,False,False,False,False,True,True,False
0.0,0.5,0.0,1.0,quad,"BP(0.5,0)",ok,True,2.220446049250313e-16,0.04375304097461719,3.1630516333299745,False,0.5126015510333677,0.5710207535128625,0.7075760982775757,1.4226767443762918,0.7075760982775757,1.4226767443762918,1.734723475976807e-16,0.11257490005291254,4.163336342344337e-17,0.31888666039532276,main,True,True,True,True,True,True,True,False,False,False,False,True,True,False
0.0,0.5,0.0,1.0,quad,"BP(0.75,0)",ok,True,2.220446049250313e-16,0.03137029437437261,2.5353795949090276,False,0.7640658779472521,0.5680382378145538,1.2019295045814393,1.7022211417939366,1.2019295045814393,1.7022211417939366,1.8388068845354155e-16,0.11183375074548008,5.551115123125783e-17,0.31888666039532276,main,True,True,True,True,True,True,True,False,False,False,False,True,True,False
0.0,0.5,1.0,0.0,lin,SQ,ok,True,3.3306690738754696e-16,0.06140041688069132,inf,False,0.7959602363419649,0.39798011817098244,2.0,2.0,2.0,2.0,2.0816681711721685e-16,0.04756114429669178,9.020562075079397e-17,0.43298504981346037,sq,True,True,True,True,True,True,True,False,False,True,True,True,True,False
0.0,0.5,1.0,0.0,lin,UKL(1),ok,True,3.6637359812630166e-15,0.1638270832651149,inf,False,0.3205570033004898,0.36771505557397266,0.22313016014842985,4.481689070338064,0.22313016014842985,4.481689070338064,3.54230533794464e-15,0.05141502504601908,1.0061396160665481e-15,0.43298504981346037,main,True,True,True,True,True,True,True,False,False,False,False,True,True,False
0.0,0.5,1.0,0.0,lin,BKL(1),ok,True,2.220446049250313e-16,0.2214056922452706,0.5742424377233613,False,0.22657597700349943,0.3529880822103857,0.06884938716654358,4.031872852679788,0.06884938716654358,4.031872852679788,2.5153490401663703e-16,0.052767657126744416,1.6653345369377348e-16,0.43298504981346037,main,True,True,True,True,True,True,True,False,False,False,False,True,True,False
0.0,0.5,1.0,0.0,lin,"BP(0.25,0)",ok,True,3.5638159090467525e-14,0.19369713910504713,5.484127894296645,False,0.2363283536601901,0.3838572085829974,0.34891867488958506,1.0747451812970528,0.34891867488958506,1.0747451812970528,3.574571194597809e-14,0.04866521777659111,9.360567876370851e-15,0.43298504981346037,main,True,True,True,True,True,True,True,False,False,False,False,True,True,False
0.0,0.5,1.0,0.0,lin,"BP(0.5,0)",ok,True,3.3306690738754696e-16,0.1286907881070609,3.604958177476364,False,0.3583639844508681,0.38859998440758653,0.640669515869377,1.356297375738705,0.640669515869377,1.356297375738705,2.1510571102112408e-16,0.04828005161279325,1.1796119636642288e-16,0.43298504981346037,main,True,True,True,True,True,True,True,False,False,False,False,True,True,False
0.0,0.5,1.0,0.0,lin,"BP(0.75,0)",ok,True,2.220446049250313e-16,0.08796621570513855,3.0681454995660227,False,0.5358864234336945,0.39330305265945664,1.1436929635614526,1.6640634429411607,1.1436929635614526,1.6640634429411607,2.6020852139652106e-16,0.04791205377983554,1.3877787807814457e-16,0.43298504981346037,main,True,True,True,True,True,True,True,False,False,False,False,True,True,False
0.0,0.5,1.0,0.0,quad,SQ,ok,True,1.1102230246251565e-16,0.01668521638817173,inf,False,0.22964246323810036,0.11482123161905014,2.0,2.0,2.0,2.0,2.0643209364124004e-16,0.014125638076757374,6.938893903907228e-18,0.3696389818929395,sq,True,True,True,True,True,True,True,False,False,True,True,True,True,False
0.0,0.5,1.0,0.0,quad,UKL(1),ok,True,2.220446049250313e-16,0.03337043277634349,inf,True,3.135871289278749e-16,6.178527661307414e-16,0.22313016014842985,4.481689070338068,0.22313016014842985,4.481689070338068,1.6597664426268625e-16,-5.551115123125783e-17,1.665764721004315e-17,0.3696389818929395,correctly_specified,True,True,True,True,True,True,True,True,True,False,False,True,True,False
0.0,0.5,1.0,0.0,quad,BKL(1),ok,True,1.6653345369377348e-15,0.04464871852323562,0.3296635747306844,False,0.01821144668539806,0.07348977277943955,0.05483294428785113,4.031872852679788,0.05483294428785113,4.031872852679788,1.5107273071413019e-15,-0.003029861833198866,1.5751289161869408e-15,0.3696389818929395,main,True,True,True,True,True,True,True,False,False,False,False,True,True,False
0.0,0.5,1.0,0.0,quad,"BP(0.25,0)",ok,True,3.3306690738754696e-16,0.05726793548883636,5.175638720320448,False,0.03976252866786837,0.06520607361416035,0.34891867488958506,1.1270110292179716,0.34891867488958506,1.1270110292179716,3.612561638721701e-16,0.01033221465834716,7.28583859910259e-17,0.3696389818929395,main,True,True,True,True,True,True,True,False,False,False,False,True,True,False
0.0,0.5,1.0,0.0,quad,"BP(0.5,0)",ok,True,2.220446049250313e-16,0.037014307328518986,3.1998942047787757,False,0.07324220759438854,0.08228840314966314,0.640669515869377,1.4062964935777016,0.640669515869377,1.4062964935777016,3.5388358909926865e-16,0.011597219101756817,3.469446951953614e-17,0.3696389818929395,main,True,True,True,True,True,True,True,False,False,False,False,True,True,False
0.0,0.5,1.0,0.0,quad,"BP(0.75,0)",ok,True,1.1102230246251565e-16,0.02459982832993924,2.5517675725152484,False,0.13129663405744837,0.09881672213716201,1.1436929635614526,1.6985693079160227,1.1436929635614526,1.6985693079160227,2.1597307275911248e-16,0.012861599965552029,4.5102810375396984e-17,0.3696389818929395,main,True,True,True,True,True,True,True,False,False,False,False,True,True,False
0.0,0.5,1.0,1.0,lin,SQ,ok,True,6.661338147750939e-16,0.05018928866542137,inf,False,1.4289771582361588,0.7144885791180794,2.0,2.0,2.0,2.0,4.0375688903360185e-16,0.15078567095923723,1.942890293094024e-16,0.39242272993939104,sq,True,True,True,True,True,True,True,False,False,True,True,True,True,False
0.0,0.5,1.0,1.0,lin,UKL(1),ok,True,1.214306433183765e-17,0.1548444210710879,inf,False,0.556339061042883,0.6416494652922459,0.16769292098238184,5.201863851648524,0.16769292098238184,5.201863851648524,3.5388358909926865e-16,0.1765782397439537,5.551115123125783e-17,0.39242272993939104,main,True,True,True,True,True,True,True,False,False,False,False,True,True,False
0.0,0.5,1.0,1.0,lin,BKL(1),ok,True,1.1102230246251565e-16,0.21371287722406038,0.22788618861321652,False,0.3770329862897775,0.7502337723770973,0.0260786248760554,4.74570916372621,0.0260786248760554,4.74570916372621,2.3722343533982837e-16,0.18850099625870165,1.1102230246251565e-16,0.39242272993939104,main,True,True,True,True,True,True,True,False,False,False,False,True,True,False
0.0,0.5,1.0,1.0,lin,"BP(0.25,0)",ok,True,2.220446049250313e-16,0.18509387381724754,5.024544306388355,False,0.427052446985981,0.6423051888625192,0.3180668017820747,1.2317710293092161,0.3180668017820747,1.2317710293092161,8.847089727481716e-17,0.1579157310199122,2.7755575615628914e-17,0.39242272993939104,main,True,True,True,True,True,True,True,False,False,False,False,True,True,False
0.0,0.5,1.0,1.0,lin,"BP(0.5,0)",ok,True,1.1102230246251565e-16,0.11563642883595379,2.8727076213138454,False,0.6466357159364514,0.6598687525967737,0.6023239677929669,1.5664664119009457,0.6023239677929669,1.5664664119009457,3.209238430557093e-16,0.15524975346200665,1.942890293094024e-16,0.39242272993939104,main,True,True,True,True,True,True,True,False,False,False,False,True,True,False
0.0,0.5,1.0,1.0,lin,"BP(0.75,0)",ok,True,4.440892098500626e-16,0.0749170285481892,1.9610119025835577,False,0.9645397821336197,0.6840207059427734,1.1089385770083515,1.8544006345372657,1.1089385770083515,1.8544006345372657,4.445228907190568e-17,0.15286970524196608,0.0,0.39242272993939104,main,True,True,True,True,True,True,True,False,False,False,False,True,True,False
0.0,0.5,1.0,1.0,quad,SQ,ok,True,4.440892098500626e-16,0.016415121761474995,inf,False,1.0202009474582727,0.5101004737291364,2.0,2.0,2.0,2.0,2.255140518769849e-16,0.12739028728241641,1.1102230246251565e-16,0.34955392000302854,sq,True,True,True,True,True,True,True,False,False,True,True,True,True,False
0.0,0.5,1.0,1.0,quad,UKL(1),ok,True,1.214306433183765e-17,0.022398646683499418,inf,False,0.4476517327975961,0.5853806226837122,0.12941194680437407,22.929060041196223,0.12941194680437407,22.929060041196223,3.3566899260151217e-16,0.07352495679409765,9.71445146547012e-17,0.34955392000302854,main,True,True,True,True,True,True,True,False,False,False,False,True,True,False
0.0,0.5,1.0,1.0,quad,BKL(1),ok,True,1.3100631690576847e-14,0.032387967712222174,0.20688506835070297,False,0.3118988941339305,0.6575474093781154,0.021477156512609584,15.932084631484488,0.021477156512609584,15.932084631484488,1.2846494701346245e-14,0.06258570617911396,1.1546319456101628e-14,0.34955392000302854,main,True,True,True,True,True,True,True,False,False,False,False,True,True,False
0.0,0.5,1.0,1.0,quad,"BP(0.25,0)",ok,True,4.440892098500626e-16,0.05803002589133659,4.77764940585312,False,0.3272820132649443,0.5724353664145388,0.260286318554458,1.4327723593912656,0.260286318554458,1.4327723593912656,2.914335439641036e-16,0.11678270401394669,4.163336342344337e-17,0.34955392000302854,main,True,True,True,True,True,True,True,False,False,False,False,True,True,False
0.0,0.5,1.0,1.0,quad,"BP(0.5,0)",ok,True,1.1102230246251565e-16,0.03767318806532964,2.70068450995839,False,0.4847623588363254,0.5496310446728164,0.5355558155612661,1.6662442367506793,0.5355558155612661,1.6662442367506793,3.5735303605122226e-16,0.12049519234992895,6.938893903907228e-17,0.34955392000302854,main,True,True,True,True,True,True,True,False,False,False,False,True,True,False
0.0,0.5,1.0,1.0,quad,"BP(0.75,0)",ok,True,6.8833827526759706e-15,0.02480355802797279,1.9470311404693248,False,0.7060197195982194,0.5285555548095137,1.0537488823643275,1.8588285942441356,1.0537488823643275,1.8588285942441356,6.519090822720841e-15,0.1240314579261863,2.3592239273284576e-15,0.34955392000302854,main,True,True,True,True,True,True,True,False,False,False,False,True,True,False
0.0,0.5,2.0,0.0,lin,SQ,ok,True,2.220446049250313e-16,0.040989280331009216,inf,False,1.8874511440819013,0.9437255720409506,2.0,2.0,2.0,2.0,1.8041124150158794e-16,0.07665592581033615,5.551115123125783e-17,0.4665997277535184,sq,True,True,True,True,True,True,True,False,False,True,True,True,True,False
0.0,0.5,2.0,0.0,lin,UKL(1),ok,True,2.220446049250313e-16,0.1445001401796156,inf,False,0.6265694413819842,0.9040614245468072,0.08208499862389869,12.182493960703486,0.08208499862389869,12.182493960703486,4.163336342344337e-16,0.07857669928403316,2.498001805406602e-16,0.4665997277535184,main,True,True,True,True,True,True,True,False,False,False,False,True,True,False
0.0,0.5,2.0,0.0,lin,BKL(1),ok,True,1.1102230246251565e-16,0.1818291759265277,0.44395612417782215,False,0.47952512217201776,0.8808304616219534,0.011575537962693706,11.702206171943219,0.011575537962693706,11.702206171943219,2.6194324487249787e-16,0.07907545405429589,9.71445146547012e-17,0.4665997277535184,main,True,True,True,True,True,True,True,False,False,False,False,True,True,False
0.0,0.5,2.0,0.0,lin,"BP(0.25,0)",ok,True,4.440892098500626e-16,0.1473726610310917,5.411559783738414,False,0.42821814495251215,0.9241845394233752,0.18068072611653205,1.178186333535812,0.18068072611653205,1.178186333535812,5.967448757360216e-16,0.07712158317501455,5.551115123125783e-17,0.4665997277535184,main,True,True,True,True,True,True,True,False,False,False,False,True,True,False
0.0,0.5,2.0,0.0,lin,"BP(0.5,0)",ok,True,2.90878432451791e-14,0.09361784319487432,3.5126602781464147,False,0.6951920982277098,0.930803276940656,0.4131354560526096,1.4419844295110134,0.4131354560526096,1.4419844295110134,2.898375983662049e-14,0.07696198274784255,6.50868248186498e-15,0.4665997277535184,main,True,True,True,True,True,True,True,False,False,False,False,True,True,False
0.0,0.5,2.0,0.0,lin,"BP(0.75,0)",ok,True,2.220446049250313e-16,0.06126255864674243,2.9543239625259083,False,1.1374164143511905,0.9373053258136097,0.9184143342962069,1.715823867296695,0.9184143342962069,1.715823867296695,3.469446951953614e-16,0.07680676739341313,1.5265566588595902e-16,0.4665997277535184,main,True,True,True,True,True,True,True,False,False,False,False,True,True,False
0.0,0.5,2.0,0.0,quad,SQ,ok,True,1.1102230246251565e-16,0.011018587303125181,inf,False,0.7385946305332041,0.36929731526660203,2.0,2.0,2.0,2.0,1.7520707107365752e-16,0.019632420595080247,6.938893903907228e-18,0.39263957328130317,sq,True,True,True,True,True,True,True,False,False,True,True,True,True,False
0.0,0.5,2.0,0.0,quad,UKL(1),ok,True,2.220446049250313e-16,0.022037174606250355,inf,True,1.1527522363397631e-15,1.5209030332515864e-15,0.08208499862389862,12.182493960703486,0.08208499862389862,12.182493960703486,1.6480944064299519e-16,5.551115123125783e-17,5.849035738093424e-17,0.39263957328130317,correctly_specified,True,True,True,True,True,True,True,True,True,False,False,True,True,False
0.0,0.5,2.0,0.0,quad,BKL(1),ok,True,1.1102230246251565e-16,0.027795743010323806,0.09892635828818608,False,0.03558976521835005,0.4707790264181576,0.004897204071671419,11.702206171943219,0.004897204071671419,11.702206171943219,2.220446049250313e-16,-0.0025191388048614316,4.683753385137379e-17,0.39263957328130317,main,True,True,True,True,True,True,True,False,False,False,False,True,True,False
0.0,0.5,2.0,0.0,quad,"BP(0.25,0)",ok,True,4.440892098500626e-16,0.050562014646399506,4.939889638951328,False,0.08353022988298942,0.19427979453191727,0.18068072611653205,1.2961888652153435,0.18068072611653205,1.2961888652153435,2.3592239273284576e-16,0.015615327949600022,0.0,0.39263957328130317,main,True,True,True,True,True,True,True,False,False,False,False,True,True,False
0.0,0.5,2.0,0.0,quad,"BP(0.5,0)",ok,True,4.440892098500626e-16,0.029542848233508924,2.9067410990918905,False,0.17250882724264593,0.2588978267690639,0.4131354560526096,1.548125494013164,0.4131354560526096,1.548125494013164,6.245004513516506e-17,0.01693986097791811,3.122502256758253e-17,0.39263957328130317,main,True,True,True,True,True,True,True,False,False,False,False,True,True,False
0.0,0.5,2.0,0.0,quad,"BP(0.75,0)",ok,True,9.992007221626409e-15,0.01782120841667893,2.198645421763958,False,0.35964748132090785,0.3166423859535622,0.9184143342962069,1.7850288726954988,0.9184143342962069,1.7850288726954988,9.747411211513679e-15,0.018278204861492064,2.779027008514845e-15,0.39263957328130317,main,True,True,True,True,True,True,True,False,False,False,False,True,True,False
0.0,0.5,2.0,1.0,lin,SQ,ok,True,3.3306690738754696e-16,0.03368390699974077,inf,False,2.329763669822841,1.1648818349114205,2.0,2.0,2.0,2.0,2.0816681711721685e-16,0.1730624762418782,1.3877787807814457e-16,0.4230305125839154,sq,True,True,True,True,True,True,True,False,False,True,True,True,True,False
0.0,0.5,2.0,1.0,lin,UKL(1),ok,True,3.0097452308197603e-16,0.13831416693475648,inf,False,0.7536660145958344,0.8364538084834051,0.08208499862389869,12.182493960703486,0.08208499862389869,12.182493960703486,2.8709673527416157e-16,0.18886147492171468,3.608224830031759e-16,0.4230305125839154,main,True,True,True,True,True,True,True,False,False,False,False,True,True,False
0.0,0.5,2.0,1.0,lin,BKL(1),ok,True,1.1102230246251565e-16,0.17577971494415082,0.11369549595208306,False,0.5372282554318183,0.8740118095512414,0.006470298345990274,11.702206171943219,0.006470298345990274,11.702206171943219,1.3530843112619095e-16,0.19442159356335886,0.0,0.4230305125839154,main,True,True,True,True,True,True,True,False,False,False,False,True,True,False
0.0,0.5,2.0,1.0,lin,"BP(0.25,0)",ok,True,9.2148511043888e-15,0.13896965427036176,4.896586976044553,False,0.5625089212035864,0.9795901468395574,0.18068072611653205,1.3308821697066306,0.18068072611653205,1.3308821697066306,9.10035935497433e-15,0.17684328396236382,1.970645868709653e-15,0.4230305125839154,main,True,True,True,True,True,True,True,False,False,False,False,True,True,False
0.0,0.5,2.0,1.0,lin,"BP(0.5,0)",ok,True,2.220446049250313e-16,0.08248278745299517,2.5868530024970395,False,0.8949885364813587,1.0378219155011388,0.4131354560526096,1.7395654084929586,0.4131354560526096,1.7395654084929586,2.1510571102112408e-16,0.1754786300435156,1.1102230246251565e-16,0.4230305125839154,main,True,True,True,True,True,True,True,False,False,False,False,True,True,False
0.0,0.5,2.0,1.0,lin,"BP(0.75,0)",ok,True,1.3444106938820255e-16,0.05137004732133766,1.427431073984739,False,1.4325743730667682,1.0988094579300138,0.9184143342962069,2.061477480118837,0.9184143342962069,2.061477480118837,1.6349768761081407e-16,0.17421759803238968,1.1102230246251565e-16,0.4230305125839154,main,True,True,True,True,True,True,True,False,False,False,False,True,True,False
0.0,0.5,2.0,1.0,quad,SQ,ok,True,2.220446049250313e-16,0.01041038647983506,inf,False,0.8104482380210233,0.4052241190105116,2.0,2.0,2.0,2.0,2.1684043449710089e-16,0.1265256301503342,0.0,0.3717256753244931,sq,True,True,True,True,True,True,True,False,False,True,True,True,True,False
0.0,0.5,2.0,1.0,quad,UKL(1),ok,True,1.1535911115245767e-16,0.013126308748464295,inf,False,0.4401886942086331,0.7986401653785941,0.04744387963381507,106.48337490398886,0.04744387963381507,106.48337490398886,1.5178830414797062e-16,0.048623878915495966,6.938893903907228e-18,0.3717256753244931,main,True,True,True,True,True,True,True,False,False,False,False,True,True,False
0.0,0.5,2.0,1.0,quad,BKL(1),ok,True,1.6653345369377348e-16,0.018587112255167522,0.06032653943654531,False,0.31251115928801376,1.445781956631222,0.001820197598877416,57.87669634150454,0.001820197598877416,57.87669634150454,2.0816681711721685e-16,0.040209387812470854,2.1510571102112408e-16,0.3717256753244931,main,True,True,True,True,True,True,True,False,False,False,False,True,True,False
0.0,0.5,2.0,1.0,quad,"BP(0.25,0)",ok,True,1.6393136847980827e-16,0.051705557259291615,4.614541593378777,False,0.3045175636997062,0.5789673380025628,0.14315032594850546,1.5901362250414603,0.14315032594850546,1.5901362250414603,2.0469737016526324e-16,0.11329862986260741,8.326672684688674e-17,0.3717256753244931,main,True,True,True,True,True,True,True,False,False,False,False,True,True,False
0.0,0.5,2.0,1.0,quad,"BP(0.5,0)",ok,True,5.784261958297066e-14,0.030221874942346256,2.50413991739093,False,0.42880274924685213,0.48664190043151906,0.37040139028687014,1.797024187325987,0.37040139028687014,1.797024187325987,5.758588050852609e-14,0.11774976208607346,1.9984014443252818e-14,0.3717256753244931,main,True,True,True,True,True,True,True,False,False,False,False,True,True,False
0.0,0.5,2.0,1.0,quad,"BP(0.75,0)",ok,True,1.1102230246251565e-16,0.017722956940397137,1.71791862231333,False,0.5892954780329936,0.42600084909527947,0.8875667228055933,1.9380402003734203,0.8875667228055933,1.9380402003734203,1.1102230246251565e-16,0.12215606523080136,8.326672684688674e-17,0.3717256753244931,main,True,True,True,True,True,True,True,False,False,False,False,True,True,False
0.0,1.5,0.0,0.0,lin,SQ,ok,True,4.440892098500626e-16,0.07057394994210718,inf,False,0.752861444797325,0.37643072239866254,2.0,2.0,2.0,2.0,4.718447854656915e-16,-0.044204979000750544,9.71445146547012e-17,0.3278440174316352,sq,True,True,True,True,True,True,True,False,False,True,True,True,True,False
0.0,1.5,0.0,0.0,lin,UKL(1),ok,True,4.440892098500626e-16,0.14114789988421442,inf,True,3.644559634176049e-16,4.735522325243331e-16,0.2231301601484298,4.481689070338064,0.2231301601484298,4.481689070338064,2.4170012083688995e-16,5.551115123125783e-17,6.840160036393676e-17,0.3278440174316352,correctly_specified,True,True,True,True,True,True,True,True,True,False,False,True,True,False
0.0,1.5,0.0,0.0,lin,BKL(1),ok,True,2.220446049250313e-16,0.24183035749406798,0.2889102907035265,False,0.06956011541745369,0.23649597540645004,0.04202568276779604,4.031872852679788,0.04202568276779604,4.031872852679788,5.082739784612045e-16,0.04175832017294956,2.2898349882893854e-16,0.3278440174316352,main,True,True,True,True,True,True,True,False,False,False,False,True,True,False
0.0,1.5,0.0,0.0,lin,"BP(0.25,0)",ok,True,2.220446049250313e-16,0.21826673660890109,4.983521147911928,False,0.14949486690383001,0.24178332096120336,0.34891867488958506,1.2624410545458298,0.34891867488958506,1.2624410545458298,4.3194614551822497e-16,-0.03337735996377528,1.457167719820518e-16,0.3278440174316352,main,True,True,True,True,True,True,True,False,False,False,False,True,True,False
0.0,1.5,0.0,0.0,lin,"BP(0.5,0)",ok,True,1.9984014443252818e-15,0.14586719711288365,2.892724289782848,False,0.26668048915535547,0.28819899442497116,0.640669515869377,1.555626996977928,0.640669515869377,1.555626996977928,2.2447321779139884e-15,-0.038334878168348574,1.6653345369377348e-16,0.3278440174316352,main,True,True,True,True,True,True,True,False,False,False,False,True,True,False
0.0,1.5,0.0,0.0,lin,"BP(0.75,0)",ok,True,3.3306690738754696e-16,0.1003000199364334,2.09179051465307,False,0.45512703584930936,0.3327897750044787,1.1436929635614526,1.8149203935791642,1.1436929635614526,1.8149203935791642,2.0296264668928643e-16,-0.04193483671017101,0.0,0.3278440174316352,main,True,True,True,True,True,True,True,False,False,False,False,True,True,False
0.0,1.5,0.0,0.0,quad,SQ,ok,True,2.220446049250313e-16,0.019684481421457022,inf,False,0.19430504093125542,0.09715252046562767,2.0,2.0,2.0,2.0,4.2760933682828295e-16,-0.021087695317000443,6.938893903907228e-17,0.3152786138703693,sq,True,True,True,True,True,True,True,False,False,True,True,True,True,False
0.0,1.5,0.0,0.0,quad,UKL(1),ok,True,1.3322676295501878e-15,0.039368962842914426,inf,True,4.79581050733142e-16,4.651550593595727e-15,0.22313016014842918,4.481689070338064,0.22313016014842918,4.481689070338064,1.5334589640202113e-15,2.6645352591003757e-15,2.2024640160735166e-15,0.3152786138703693,correctly_specified,True,False,True,False,True,True,False,True,True,False,False,True,True,False
0.0,1.5,0.0,0.0,quad,BKL(1),ok,True,2.220446049250313e-16,0.062004840016447835,0.36552211599135753,False,0.0059641039112947785,0.00993949665772631,0.06755030711914047,4.147002354153355,0.06755030711914047,4.147002354153355,2.470354650008222e-16,0.0017110100765522773,9.172350379227368e-17,0.3152786138703693,main,True,True,True,True,True,True,True,False,False,False,False,True,True,False
0.0,1.5,0.0,0.0,quad,"BP(0.25,0)",ok,True,4.440892098500626e-16,0.06051434878432369,5.285411199914521,False,0.013373172280075916,0.020014124808688638,0.34891867488958506,1.0747451812970528,0.34891867488958506,1.0747451812970528,3.6635191408285195e-16,-0.004309450570846973,1.249000902703301e-16,0.3152786138703693,main,True,True,True,True,True,True,True,False,False,False,False,True,True,False
0.0,1.5,0.0,0.0,quad,"BP(0.5,0)",ok,True,2.220446049250313e-16,0.04075785674643581,3.3878839337340763,False,0.04097645982474372,0.04356283021404477,0.640669515869377,1.356297375738705,0.640669515869377,1.356297375738705,4.592680402648597e-16,-0.009284711609558682,2.0469737016526324e-16,0.3152786138703693,main,True,True,True,True,True,True,True,False,False,False,False,True,True,False
0.0,1.5,0.0,0.0,quad,"BP(0.75,0)",ok,True,2.220446049250313e-16,0.02810323987647348,2.8271111191882827,False,0.09514953089130324,0.06931320805029378,1.1436929635614526,1.6640634429411607,1.1436929635614526,1.6640634429411607,1.9212062496443139e-16,-0.014890728123862718,6.591949208711867e-17,0.3152786138703693,main,True,True,True,True,True,True,True,False,False,False,False,True,True,False
0.0,1.5,0.0,1.0,lin,SQ,ok,True,2.654126918244515e-16,0.05324762581884169,inf,False,1.79265422130248,0.89632711065124,2.0,2.0,2.0,2.0,3.8033812210791496e-16,0.046970296667642075,4.510281037539698e-16,0.29986037085607664,sq,True,True,True,True,True,True,True,False,False,True,True,True,True,False
0.0,1.5,0.0,1.0,lin,UKL(1),ok,True,4.440892098500626e-16,0.13464752629813667,inf,False,0.464687180496195,0.9149746770336149,0.10977176104040666,8.546152313968982,0.10977176104040666,8.546152313968982,7.91033905045424e-16,0.14893374345846133,6.106226635438361e-16,0.29986037085607664,main,True,True,True,True,True,True,True,False,False,False,False,True,True,False
0.0,1.5,0.0,1.0,lin,BKL(1),ok,True,2.220446049250313e-16,0.24611431176800094,0.132559825233464,False,0.32681073322796084,1.5885575514357893,0.008798926961036528,5.953565918977516,0.008798926961036528,5.953565918977516,4.923633115799797e-16,0.24454906390477305,8.326672684688674e-17,0.29986037085607664,main,True,True,True,True,True,True,True,False,False,False,False,True,True,False
0.0,1.5,0.0,1.0,lin,"BP(0.25,0)",ok,True,2.220446049250313e-16,0.20105926127501958,4.523800769850031,False,0.41612614579428175,0.6977343469649473,0.2781122552526592,1.6877558249555995,0.2781122552526592,1.6877558249555995,2.7755575615628914e-16,0.0709842808014845,1.1102230246251565e-16,0.29986037085607664,main,True,True,True,True,True,True,True,False,False,False,False,True,True,False
0.0,1.5,0.0,1.0,lin,"BP(0.5,0)",ok,True,6.765421556309548e-17,0.12307180816490704,2.205791158202957,False,0.6826785572618626,0.7342629685423764,0.5507628876550079,2.0400843403806728,0.5507628876550079,2.0400843403806728,2.3418766925686896e-16,0.05805708629124018,1.3877787807814457e-17,0.29986037085607664,main,True,True,True,True,True,True,True,False,False,False,False,True,True,False
0.0,1.5,0.0,1.0,lin,"BP(0.75,0)",ok,True,2.220446049250313e-16,0.07883145062442765,1.126343543231379,False,1.1089178083741316,0.8030948105160284,1.0604122919705845,2.2308653216425904,1.0604122919705845,2.2308653216425904,4.718447854656915e-16,0.0498798699166334,2.7755575615628914e-16,0.29986037085607664,main,True,True,True,True,True,True,True,False,False,False,False,True,True,False
0.0,1.5,0.0,1.0,quad,SQ,ok,True,2.445960101127298e-16,0.018812693634579818,inf,False,1.2381576960097376,0.6190788480048687,2.0,2.0,2.0,2.0,3.187554387107383e-16,0.07533378771040616,5.551115123125783e-16,0.2934052803646533,sq,True,True,True,True,True,True,True,False,False,True,True,True,True,False
0.0,1.5,0.0,1.0,quad,UKL(1),ok,True,3.1086244689504383e-15,0.02254125070033393,inf,False,0.41493772676357304,0.5760122106505353,0.14681067559644514,27.38357550423996,0.14681067559644514,27.38357550423996,3.331536435613458e-15,0.07907867171206467,3.913536161803677e-15,0.2934052803646533,main,True,True,True,True,True,True,True,False,False,False,False,True,True,False
0.0,1.5,0.0,1.0,quad,BKL(1),ok,True,2.220446049250313e-16,0.03944617952916423,0.2749245546713961,False,0.3169652917068987,0.42201637789049484,0.03702455965743341,19.26183345156694,0.03702455965743341,19.26183345156694,2.714842239903703e-16,0.06413716779295053,2.0816681711721685e-16,0.2934052803646533,main,True,True,True,True,True,True,True,False,False,False,False,True,True,False
0.0,1.5,0.0,1.0,quad,"BP(0.25,0)",ok,True,2.220446049250313e-16,0.06279324781351664,4.92188726322365,False,0.3007064829532649,0.7387056268834328,0.24850281922834444,1.3104638355738272,0.24850281922834444,1.3104638355738272,3.677613769070831e-16,0.1074356588119969,1.942890293094024e-16,0.2934052803646533,main,True,True,True,True,True,True,True,False,False,False,False,True,True,False
0.0,1.5,0.0,1.0,quad,"BP(0.5,0)",ok,True,2.220446049250313e-16,0.04211084463490973,2.976094759116121,False,0.48077761025824345,0.7006783438261925,0.5166117872894739,1.5120486289006696,0.5166117872894739,1.5120486289006696,4.787836793695988e-16,0.09912493779483078,8.326672684688674e-17,0.2934052803646533,main,True,True,True,True,True,True,True,False,False,False,False,True,True,False
0.0,1.5,0.0,1.0,quad,"BP(0.75,0)",ok,True,2.6423307986078726e-14,0.028295229612530264,2.4014681205371042,False,0.7694817201977601,0.6591390683071162,1.033351371821442,1.7332905472293911,1.033351371821442,1.7332905472293911,2.6728619317850644e-14,0.08839552230188846,4.3576253716537394e-15,0.2934052803646533,main,True,True,True,True,True,True,True,False,False,False,False,True,True,False
0.0,1.5,1.0,0.0,lin,SQ,ok,True,2.5760643618255585e-16,0.051919376584000296,inf,False,1.5190673418237983,0.759533670911899,2.0,2.0,2.0,2.0,2.498001805406602e-16,0.03038172279591228,1.0061396160665481e-16,0.3818474895456381,sq,True,True,True,True,True,True,True,False,False,True,True,True,True,False
0.0,1.5,1.0,0.0,lin,UKL(1),ok,True,9.280770596475918e-17,0.13746997019840132,inf,False,0.30303150967419806,0.4516265338533549,0.08208499862389869,12.182493960703486,0.08208499862389869,12.182493960703486,1.3183898417423734e-16,0.06334269378334012,5.551115123125783e-17,0.3818474895456381,main,True,True,True,True,True,True,True,False,False,False,False,True,True,False
0.0,1.5,1.0,0.0,lin,BKL(1),ok,True,8.760353553682876e-17,0.1968395088052925,0.14579769667216003,False,0.2438732012921448,0.2914644884391197,0.010647324968984514,11.702206171943219,0.010647324968984514,11.702206171943219,6.982261990806649e-17,0.08262808309050013,5.551115123125783e-17,0.3818474895456381,main,True,True,True,True,True,True,True,False,False,False,False,True,True,False
0.0,1.5,1.0,0.0,lin,"BP(0.25,0)",ok,True,1.240327285323417e-16,0.17589802513751748,4.920099240258992,False,0.2651806967566763,0.6321883541916118,0.18068072611653205,1.3118930695867828,0.18068072611653205,1.3118930695867828,1.97758476261356e-16,0.03855777898481216,4.163336342344337e-17,0.3818474895456381,main,True,True,True,True,True,True,True,False,False,False,False,True,True,False
0.0,1.5,1.0,0.0,lin,"BP(0.5,0)",ok,True,2.220446049250313e-16,0.1131944580183502,2.755448548154578,False,0.47535569443922293,0.6774111554599226,0.4131354560526096,1.633127935926733,0.4131354560526096,1.633127935926733,1.3183898417423734e-16,0.03530869663126224,0.0,0.3818474895456381,main,True,True,True,True,True,True,True,False,False,False,False,True,True,False
0.0,1.5,1.0,0.0,lin,"BP(0.75,0)",ok,True,3.3306690738754696e-16,0.07547873186168336,1.847592137949366,False,0.8494454539206432,0.7193576557682224,0.9184143342962069,1.8915955134724498,0.9184143342962069,1.8915955134724498,1.8735013540549517e-16,0.03258456889359279,2.7755575615628914e-17,0.3818474895456381,main,True,True,True,True,True,True,True,False,False,False,False,True,True,False
0.0,1.5,1.0,0.0,quad,SQ,ok,True,2.220446049250313e-16,0.01391737317001396,inf,False,0.7982630324595638,0.3991315162297819,2.0,2.0,2.0,2.0,9.540979117872439e-17,0.02891690896349286,1.3183898417423734e-16,0.3510594229297515,sq,True,True,True,True,True,True,True,False,False,True,True,True,True,False
0.0,1.5,1.0,0.0,quad,UKL(1),ok,True,4.440892098500626e-16,0.027834746340027982,inf,True,5.754603064063159e-16,1.5543834056442028e-15,0.08208499862389865,12.182493960703486,0.08208499862389865,12.182493960703486,1.7631081198562325e-16,1.1102230246251565e-16,6.14088568821836e-17,0.3510594229297515,correctly_specified,True,True,True,True,True,True,True,True,True,False,False,True,True,False
0.0,1.5,1.0,0.0,quad,BKL(1),ok,True,2.220446049250313e-16,0.039198039085093686,0.11100172874864322,False,0.04035384455901824,0.32836106387507524,0.006167020178638714,11.702206171943219,0.006167020178638714,11.702206171943219,1.457167719820518e-16,-0.007804878357057898,8.673617379884035e-19,0.3510594229297515,main,True,True,True,True,True,True,True,False,False,False,False,True,True,False
0.0,1.5,1.0,0.0,quad,"BP(0.25,0)",ok,True,2.220446049250313e-16,0.055286801496714555,4.962140832898682,False,0.09343445869271107,0.1982420433848424,0.18068072611653205,1.2788298589949678,0.18068072611653205,1.2788298589949678,1.43982048506075e-16,0.025351108670416622,1.8041124150158794e-16,0.3510594229297515,main,True,True,True,True,True,True,True,False,False,False,False,True,True,False
0.0,1.5,1.0,0.0,quad,"BP(0.5,0)",ok,True,4.440892098500626e-16,0.03416261245630814,2.942838264431125,False,0.19322325175704883,0.2680926856222872,0.4131354560526096,1.5291360229984936,0.4131354560526096,1.5291360229984936,2.3245294578089215e-16,0.02680893477422369,1.1796119636642288e-16,0.3510594229297515,main,True,True,True,True,True,True,True,False,False,False,False,True,True,False
0.0,1.5,1.0,0.0,quad,"BP(0.75,0)",ok,True,1.2656542480726785e-14,0.021610677056611592,2.254562604983575,False,0.3962563666908369,0.3348126107323878,0.9184143342962069,1.770147858431036,0.9184143342962069,1.770147858431036,1.2536846560884385e-14,0.02799848889994644,3.4139358007223564e-15,0.3510594229297515,main,True,True,True,True,True,True,True,False,False,False,False,True,True,False
0.0,1.5,1.0,1.0,lin,SQ,ok,True,2.220446049250313e-16,0.038699109012882725,inf,False,2.364383295934781,1.1821916479673906,2.0,2.0,2.0,2.0,1.7694179454963432e-16,0.1267257378079793,1.1102230246251565e-16,0.3441425893293761,sq,True,True,True,True,True,True,True,False,False,True,True,True,True,False
0.0,1.5,1.0,1.0,lin,UKL(1),ok,True,4.218847493575595e-15,0.13201639646368338,inf,False,0.5467310120552549,0.8444826886652165,0.05837955864645638,12.182493960703486,0.05837955864645638,12.182493960703486,4.666406150377611e-15,0.2000784596410412,3.913536161803677e-15,0.3441425893293761,main,True,True,True,True,True,True,True,False,False,False,False,True,True,False
0.0,1.5,1.0,1.0,lin,BKL(1),ok,True,8.578207588705311e-16,0.1990420883320213,0.05070983284334729,False,0.38167879800351345,1.9608491947092852,0.0012860191198741145,11.702206171943219,0.0012860191198741145,11.702206171943219,9.159339953157541e-16,0.24620484983776447,5.551115123125783e-16,0.3441425893293761,main,True,True,True,True,True,True,True,False,False,False,False,True,True,False
0.0,1.5,1.0,1.0,lin,"BP(0.25,0)",ok,True,3.5083047578154947e-14,0.15601103092658153,4.234790702988156,False,0.48311359310690166,0.8491305148351915,0.18068072611653205,2.057425760042592,0.18068072611653205,2.057425760042592,3.520100877452137e-14,0.14569307319718128,7.271960811294775e-15,0.3441425893293761,main,True,True,True,True,True,True,True,False,False,False,False,True,True,False
0.0,1.5,1.0,1.0,lin,"BP(0.5,0)",ok,True,4.440892098500626e-16,0.09053904943922549,1.7016188682677613,False,0.8140375114459907,0.9470434039943827,0.4131354560526096,2.6445404925375415,0.4131354560526096,2.6445404925375415,4.0766001685454967e-16,0.1374911505213049,1.6653345369377348e-16,0.3441425893293761,main,True,True,True,True,True,True,True,False,False,False,False,True,True,False
0.0,1.5,1.0,1.0,lin,"BP(0.75,0)",ok,True,1.1324274851176597e-14,0.05571171762089318,0.34600120021151715,False,1.3793309257981152,1.0572003534250862,0.9184143342962069,3.3062658804319627,0.9184143342962069,3.3062658804319627,1.1733669591507123e-14,0.13111794655530223,4.6629367034256575e-15,0.3441425893293761,main,True,True,True,True,True,True,True,False,False,False,False,True,True,False
0.0,1.5,1.0,1.0,quad,SQ,ok,True,5.551115123125783e-16,0.012271871252836066,inf,False,1.2005837938273505,0.6002918969136751,2.0,2.0,2.0,2.0,5.334274688628682e-16,0.13545528723863376,3.3306690738754696e-16,0.3239636281621882,sq,True,True,True,True,True,True,True,False,False,True,True,True,True,False
0.0,1.5,1.0,1.0,quad,UKL(1),ok,True,1.1362438767648086e-16,0.013107690689810072,inf,False,0.4134501291570504,0.6898520790526489,0.05161749677150437,158.0140704337119,0.05161749677150437,158.0140704337119,2.1510571102112408e-16,0.053683243703263606,1.3877787807814457e-16,0.3239636281621882,main,True,True,True,True,True,True,True,False,False,False,False,True,True,False
0.0,1.5,1.0,1.0,quad,BKL(1),ok,True,2.220446049250313e-16,0.023209353791220917,0.09162387945323847,False,0.31156738968635805,0.7532817041851974,0.004200404920634901,61.23581140732029,0.004200404920634901,61.23581140732029,4.163336342344337e-16,0.03560412568573279,2.7755575615628914e-17,0.3239636281621882,main,True,True,True,True,True,True,True,False,False,False,False,True,True,False
0.0,1.5,1.0,1.0,quad,"BP(0.25,0)",ok,True,2.220446049250313e-16,0.05868894429432312,4.6373537329987045,False,0.3094113476795343,0.7096974212636498,0.13957818826435403,1.566784807849816,0.13957818826435403,1.566784807849816,3.382710778154774e-16,0.13200396215381438,1.942890293094024e-16,0.3239636281621882,main,True,True,True,True,True,True,True,False,False,False,False,True,True,False
0.0,1.5,1.0,1.0,quad,"BP(0.5,0)",ok,True,5.551115123125783e-17,0.03552531115190966,2.560606768284947,False,0.4814655474431028,0.6410831597745686,0.36192260781559427,1.7573959640097438,0.36192260781559427,1.7573959640097438,2.42861286636753e-16,0.13421053605393662,1.1102230246251565e-16,0.3239636281621882,main,True,True,True,True,True,True,True,False,False,False,False,True,True,False
0.0,1.5,1.0,1.0,quad,"BP(0.75,0)",ok,True,5.551115123125783e-17,0.021039549298990726,1.826526725260295,False,0.7530510191500216,0.6002585159643967,0.8761755730979575,1.8988396866070958,0.8761755730979575,1.8988396866070958,3.0531133177191805e-16,0.1353646615065326,5.551115123125783e-17,0.3239636281621882,main,True,True,True,True,True,True,True,False,False,False,False,True,True,False
0.0,1.5,2.0,0.0,lin,SQ,ok,True,4.440892098500626e-16,0.03795339855574022,inf,False,3.03710197772506,1.51855098886253,2.0,2.0,2.0,2.0,2.2898349882893854e-16,0.08432466432061747,4.163336342344337e-17,0.4278006845590911,sq,True,True,True,True,True,True,True,False,False,True,True,True,True,False
0.0,1.5,2.0,0.0,lin,UKL(1),ok,True,4.440892098500626e-16,0.1305294767043857,inf,False,0.6062888917205329,1.1765120858798817,0.030197383422318553,33.11545195869221,0.030197383422318553,33.11545195869221,3.608224830031759e-16,0.10297374554165928,3.7470027081099033e-16,0.4278006845590911,main,True,True,True,True,True,True,True,False,False,False,False,True,True,False
0.0,1.5,2.0,0.0,lin,BKL(1),ok,True,4.440892098500626e-16,0.16815848361315583,0.0733637372638336,False,0.4897912952953093,0.653204285651434,0.001719891485824595,32.62288901473141,0.001719891485824595,32.62288901473141,3.625572064791527e-16,0.11032298290082582,1.6653345369377348e-16,0.4278006845590911,main,True,True,True,True,True,True,True,False,False,False,False,True,True,False
0.0,1.5,2.0,0.0,lin,"BP(0.25,0)",ok,True,2.0556473190325164e-16,0.13754990609088702,4.92781597197156,False,0.42764910465462136,1.377662267985194,0.08855165168215105,1.30573962419944,0.08855165168215105,1.30573962419944,1.5352302762394743e-16,0.08861916662375419,5.551115123125783e-17,0.4278006845590911,main,True,True,True,True,True,True,True,False,False,False,False,True,True,False
0.0,1.5,2.0,0.0,lin,"BP(0.5,0)",ok,True,2.220446049250313e-16,0.0858217587425084,2.6974412890272985,False,0.7835870629831091,1.4296849777715446,0.2568122255472894,1.668247616103892,0.2568122255472894,1.668247616103892,6.591949208711867e-17,0.08703764686248966,1.3877787807814457e-17,0.4278006845590911,main,True,True,True,True,True,True,True,False,False,False,False,True,True,False
0.0,1.5,2.0,0.0,lin,"BP(0.75,0)",ok,True,2.220446049250313e-16,0.055901390479345676,1.6772154307077514,False,1.5063459396870342,1.4757287246669397,0.7241028659606195,1.953592716028694,0.7241028659606195,1.953592716028694,1.205632815803881e-16,0.08560614870262917,1.249000902703301e-16,0.4278006845590911,main,True,True,True,True,True,True,True,False,False,False,False,True,True,False
0.0,1.5,2.0,0.0,quad,SQ,ok,True,2.220446049250313e-16,0.009318403266818463,inf,False,1.9627595603656218,0.9813797801828109,2.0,2.0,2.0,2.0,2.393918396847994e-16,0.05250616256511914,8.326672684688674e-17,0.37843145476529355,sq,True,True,True,True,True,True,True,False,False,True,True,True,True,False
0.0,1.5,2.0,0.0,quad,UKL(1),ok,True,3.3306690738754696e-16,0.018636806533636897,inf,True,7.773298030167178e-16,1.1306510970529462e-15,0.030197383422318553,33.11545195869246,0.030197383422318553,33.11545195869246,1.014831354107597e-16,-2.220446049250313e-16,8.840499778012565e-17,0.37843145476529355,correctly_specified,True,True,True,True,True,True,True,True,True,False,False,True,True,False
0.0,1.5,2.0,0.0,quad,BKL(1),ok,True,1.0668549377257364e-16,0.02485120192309697,0.026574983778537176,False,0.06380678142947069,1.6560234580154436,0.0003531356635905818,32.62288901473141,0.0003531356635905818,32.62288901473141,9.71445146547012e-17,-0.007401003955829766,3.122502256758253e-17,0.37843145476529355,main,True,True,True,True,True,True,True,False,False,False,False,True,True,False
0.0,1.5,2.0,0.0,quad,"BP(0.25,0)",ok,True,4.0190073491430667e-14,0.04870635513171562,4.782723201615527,False,0.15701096611941423,0.5151475835530896,0.08855165168215105,1.4282172860173086,0.08855165168215105,1.4282172860173086,4.015537902191113e-14,0.04291330551472078,5.1861293037802625e-14,0.37843145476529355,main,True,True,True,True,True,True,True,False,False,False,False,True,True,False
0.0,1.5,2.0,0.0,quad,"BP(0.5,0)",ok,True,1.199040866595169e-14,0.027132860652650043,2.7131735613660757,False,0.3541030051972933,0.698541432482575,0.2568122255472894,1.6585743219959221,0.2568122255472894,1.6585743219959221,1.2025103135471227e-14,0.046170211457264854,3.4833247397614286e-15,0.37843145476529355,main,True,True,True,True,True,True,True,False,False,False,False,True,True,False
0.0,1.5,2.0,0.0,quad,"BP(0.75,0)",ok,True,3.3306690738754696e-16,0.015647487121832913,1.9684417510430365,False,0.8326707951300248,0.8501585805204089,0.7241028659606195,1.8520645588122298,0.7241028659606195,1.8520645588122298,1.5612511283791264e-16,0.04936812735791224,0.0,0.37843145476529355,main,True,True,True,True,True,True,True,False,False,False,False,True,True,False
0.0,1.5,2.0,1.0,lin,SQ,ok,True,4.440892098500626e-16,0.028841435666045127,inf,False,3.831938182354926,1.915969091177463,2.0,2.0,2.0,2.0,4.996003610813204e-16,0.1801823758940878,2.7755575615628914e-16,0.38256604187709775,sq,True,True,True,True,True,True,True,False,False,True,True,True,True,False
0.0,1.5,2.0,1.0,lin,UKL(1),ok,True,2.7755575615628914e-14,0.12765565303543427,inf,False,0.7379075730687479,0.8676781615470798,0.030197383422318553,33.11545195869221,0.030197383422318553,33.11545195869221,2.7712207528729493e-14,0.2246066003767685,2.425837308805967e-14,0.38256604187709775,main,True,True,True,True,True,True,True,False,False,False,False,True,True,False
0.0,1.5,2.0,1.0,lin,BKL(1),ok,True,1.4432899320127035e-15,0.17069582295049426,0.018475352610535456,False,0.5336826341916697,3.0928567157714943,0.0001706741817669035,32.62288901473141,0.0001706741817669035,32.62288901473141,1.5543122344752192e-15,0.24501326457223038,6.661338147750939e-16,0.38256604187709775,main,True,True,True,True,True,True,True,False,False,False,False,True,True,False
0.0,1.5,2.0,1.0,lin,"BP(0.25,0)",ok,True,1.1102230246251565e-16,0.11800756671827484,3.940039952987039,False,0.6042458714919221,1.4173124487171573,0.08855165168215105,2.5545720072516325,0.08855165168215105,2.5545720072516325,1.1796119636642288e-16,0.19119868216636027,5.551115123125783e-17,0.38256604187709775,main,True,True,True,True,True,True,True,False,False,False,False,True,True,False
0.0,1.5,2.0,1.0,lin,"BP(0.5,0)",ok,True,2.220446049250313e-16,0.06552146396300454,1.1421400417022551,False,1.062937750531444,1.5967082155316064,0.2568122255472894,3.9399721887809505,0.2568122255472894,3.9399721887809505,1.3877787807814457e-16,0.18691779834530897,8.326672684688674e-17,0.38256604187709775,main,True,True,True,True,True,True,True,False,False,False,False,True,True,False
0.0,1.5,2.0,1.0,lin,"BP(0.75,0)",maxit,False,0.03313519901443498,0.038567702995331084,8.881784197001252e-16,False,1.9630115125165268,1.7929009894381767,0.7241028659606195,252460.9548808173,0.7241028659606195,252460.9548808173,0.03313519901443507,0.23464430152211158,0.05206114762487399,0.38256604187709775,main,True,True,True,True,False,False,True,False,False,False,False,False,False,False
0.0,1.5,2.0,1.0,quad,SQ,ok,True,8.881784197001252e-16,0.007605204609184817,inf,False,1.7175904272935905,0.8587952136467951,2.0,2.0,2.0,2.0,9.332812300755222e-16,0.15835725251602006,1.1102230246251565e-16,0.348228324651125,sq,True,True,True,True,True,True,True,False,False,True,True,True,True,False
0.0,1.5,2.0,1.0,quad,UKL(1),ok,True,1.1535911115245767e-16,0.008257763834906524,inf,False,0.4101762706322927,1.0298097201185312,0.018308714961980686,912.4727579517131,0.018308714961980686,912.4727579517131,1.5504091066542713e-16,0.03404788588306973,9.020562075079397e-17,0.348228324651125,main,True,True,True,True,True,True,True,False,False,False,False,True,True,False
0.0,1.5,2.0,1.0,quad,BKL(1),ok,True,4.063416270128073e-14,0.014086010394875927,0.021733717838663402,False,0.2990278496325234,2.4047553430358968,0.00023618654230691464,213.04818833075873,0.00023618654230691464,213.04818833075873,4.0345764923399585e-14,0.0212964350809407,2.55351295663786e-14,0.348228324651125,main,True,True,True,True,True,True,True,False,False,False,False,True,True,False
0.0,1.5,2.0,1.0,quad,"BP(0.25,0)",ok,True,1.1102230246251565e-16,0.05242174678066834,4.491081815146573,False,0.3217854863513547,0.6086717168858479,0.0765648944234992,1.7249127233794552,0.0765648944234992,1.7249127233794552,1.8735013540549517e-16,0.1423842773272037,0.0,0.348228324651125,main,True,True,True,True,True,True,True,False,False,False,False,True,True,False
0.0,1.5,2.0,1.0,quad,"BP(0.5,0)",ok,True,1.1546319456101628e-14,0.027784754122820873,2.3626676589871227,False,0.49486600449623985,0.5162805928678252,0.2539809694191878,1.9046267395597878,0.2539809694191878,1.9046267395597878,1.1511624986582092e-14,0.1481037335546619,1.5154544286133387e-14,0.348228324651125,main,True,True,True,True,True,True,True,False,False,False,False,True,True,False
0.0,1.5,2.0,1.0,quad,"BP(0.75,0)",ok,True,6.661338147750939e-16,0.0144210725147048,1.56493978676766,False,0.8481773998552273,0.6337922341549875,0.7241028659606195,1.9992377014253977,0.7241028659606195,1.9992377014253977,4.614364446098307e-16,0.15342759586469168,2.220446049250313e-16,0.348228324651125,main,True,True,True,True,True,True,True,False,False,False,False,True,True,False
0.5,0.5,0.0,0.0,lin,SQ,ok,True,2.220446049250313e-16,0.06638897217677979,inf,False,0.09166861576764407,0.04583430788382204,2.0,2.0,2.0,2.0,2.675810961694225e-16,-0.004920529694628806,6.591949208711867e-17,0.43433373306615203,sq,True,True,True,True,True,True,True,False,False,True,True,True,True,False
0.5,0.5,0.0,0.0,lin,UKL(1),ok,True,6.661338147750939e-16,0.13277794435355958,inf,True,3.5981093683237765e-16,8.707124339919286e-16,0.3678794411714421,2.718281828459045,0.3678794411714421,2.718281828459045,5.066683058732095e-16,0.0,6.7352058577326924e-18,0.43433373306615203,correctly_specified,True,True,True,True,True,True,True,True,True,False,False,True,True,False
0.5,0.5,0.0,0.0,lin,BKL(1),ok,True,3.3306690738754696e-16,0.17396728686268115,0.535502214324687,False,0.008332570735393435,0.02093338068360289,0.14684059753287124,2.295963030207527,0.14684059753287124,2.295963030207527,4.1080420315475763e-16,0.0016444612138806214,1.446325698095663e-16,0.43433373306615203,main,True,True,True,True,True,True,True,False,False,False,False,True,True,False
0.5,0.5,0.0,0.0,lin,"BP(0.25,0)",ok,True,4.440892098500626e-16,0.22644897148774493,5.379044210638409,False,0.017838662426755688,0.02632139186263645,0.46682411749269687,1.0039328951030295,0.46682411749269687,1.0039328951030295,2.3136874360840665e-16,-0.0036638655932197395,1.231653667943533e-16,0.43433373306615203,main,True,True,True,True,True,True,True,False,False,False,False,True,True,False
0.5,0.5,0.0,0.0,lin,"BP(0.5,0)",ok,True,2.220446049250313e-15,0.14676227264700126,3.466863092996968,False,0.03195746078250786,0.03279578578922374,0.7778934361996435,1.2980033763346348,0.7778934361996435,1.2980033763346348,2.3652954594943765e-15,-0.0041057440559444935,5.230191280070073e-16,0.43433373306615203,main,True,True,True,True,True,True,True,False,False,False,False,True,True,False
0.5,0.5,0.0,0.0,lin,"BP(0.75,0)",ok,True,2.220446049250313e-16,0.0977381014551062,2.8918821798654717,False,0.05498793860163245,0.03930436165393274,1.2602377152377269,1.6291839092147058,1.2602377152377269,1.6291839092147058,4.375839968151496e-16,-0.0045245741762373615,1.0581813203458523e-16,0.43433373306615203,main,True,True,True,True,True,True,True,False,False,False,False,True,True,False
0.5,0.5,0.0,0.0,quad,SQ,ok,True,7.112366251504909e-17,0.017230277805824406,inf,False,0.008034609426142146,0.004017304713071062,2.0,2.0,2.0,2.0,2.3245294578089215e-16,-0.0006365784922819917,1.3227266504323154e-17,0.37528820693044523,sq,True,True,True,True,True,True,True,False,False,True,True,True,True,False
0.5,0.5,0.0,0.0,quad,UKL(1),ok,True,2.220446049250313e-16,0.03446055561164879,inf,True,4.730750849452533e-16,6.2595388167167e-16,0.36787944117144233,2.718281828459045,0.36787944117144233,2.718281828459045,1.7572257343163684e-16,0.0,3.022622012629986e-18,0.37528820693044523,correctly_specified,True,True,True,True,True,True,True,True,True,False,False,True,True,False
0.5,0.5,0.0,0.0,quad,BKL(1),ok,True,5.551115123125783e-17,0.04521298805110474,0.5513623790801474,False,0.00026960756684145544,0.00026332952502340406,0.15589014799630446,2.298591040052568,0.15589014799630446,2.298591040052568,3.33563268694638e-16,7.761516159576765e-05,1.0974836490984519e-16,0.37528820693044523,main,True,True,True,True,True,True,True,False,False,False,False,True,True,False
0.5,0.5,0.0,0.0,quad,"BP(0.25,0)",ok,True,2.220446049250313e-16,0.05811455541916341,5.4085645428146965,False,0.000552823441770217,0.0007012517011455038,0.46682411749269687,0.9882666644872365,0.46682411749269687,0.9882666644872365,4.689580971814489e-16,-0.00021339748981913376,5.1228552649940085e-17,0.37528820693044523,main,True,True,True,True,True,True,True,False,False,False,False,True,True,False
0.5,0.5,0.0,0.0,quad,"BP(0.5,0)",ok,True,1.7541523789077473e-14,0.03779267799523255,3.5112616031472976,False,0.0016077559749192864,0.0016020761227234313,0.7778934361996435,1.2825294546003656,0.7778934361996435,1.2825294546003656,1.7738848584469835e-14,-0.00034308607885435993,6.871781789430376e-15,0.37528820693044523,main,True,True,True,True,True,True,True,False,False,False,False,True,True,False
0.5,0.5,0.0,0.0,quad,"BP(0.75,0)",ok,True,2.220446049250313e-16,0.025264233435809684,2.95587868521673,False,0.003820134735760381,0.002719436812212065,1.2602377152377269,1.6181772574337294,1.2602377152377269,1.6181772574337294,5.793434308676293e-16,-0.00048416728549954824,2.076247160309741e-17,0.37528820693044523,main,True,True,True,True,True,True,True,False,False,False,False,True,True,False
0.5,0.5,0.0,1.0,lin,SQ,ok,True,2.220446049250313e-16,0.053722200252524034,inf,False,1.2812931998506722,0.6406465999253361,2.0,2.0,2.0,2.0,1.8735013540549517e-16,0.07931454293644186,6.938893903907228e-17,0.40093822169024806,sq,True,True,True,True,True,True,True,False,False,True,True,True,True,False
0.5,0.5,0.0,1.0,lin,UKL(1),ok,True,2.220446049250313e-16,0.12589249384363066,inf,False,0.46704739706735454,0.6923049331446993,0.1735904453989261,5.760685720356971,0.1735904453989261,5.760685720356971,3.885780586188048e-16,0.11197709876319939,2.7755575615628914e-17,0.40093822169024806,main,True,True,True,True,True,True,True,False,False,False,False,True,True,False
0.5,0.5,0.0,1.0,lin,BKL(1),ok,True,5.5289106626332796e-14,0.17417271565324235,0.25753499662379853,False,0.33216624758240276,0.8313116247596998,0.03334583082891847,5.3006174484721695,0.03334583082891847,5.3006174484721695,5.5164206536062466e-14,0.12682380024568157,2.5368596112684827e-14,0.40093822169024806,main,True,True,True,True,True,True,True,False,False,False,False,True,True,False
0.5,0.5,0.0,1.0,lin,"BP(0.25,0)",ok,True,3.3306690738754696e-16,0.21760630015337026,5.041164393889902,False,0.346944413266864,0.6277504463086081,0.29813773811857613,1.2196281666017526,0.29813773811857613,1.2196281666017526,5.082739784612045e-16,0.0873755840236301,2.220446049250313e-16,0.40093822169024806,main,True,True,True,True,True,True,True,False,False,False,False,True,True,False
0.5,0.5,0.0,1.0,lin,"BP(0.5,0)",ok,True,1.7520707107365752e-16,0.13256715103423333,3.009666251480472,False,0.5390800245566901,0.6235271283152579,0.5768938182097957,1.4951823969805371,0.5768938182097957,1.4951823969805371,2.5326962749261384e-16,0.08431048226633497,2.220446049250313e-16,0.40093822169024806,main,True,True,True,True,True,True,True,False,False,False,False,True,True,False
0.5,0.5,0.0,1.0,lin,"BP(0.75,0)",ok,True,6.071532165918825e-17,0.08323116317823827,2.292422155421942,False,0.8312802900951648,0.6278231837182056,1.0852764066563871,1.7603490007493077,1.0852764066563871,1.7603490007493077,1.942890293094024e-16,0.0816204709378393,8.326672684688674e-17,0.40093822169024806,main,True,True,True,True,True,True,True,False,False,False,False,True,True,False
0.5,0.5,0.0,1.0,quad,SQ,ok,True,4.440892098500626e-16,0.017605682763044583,inf,False,1.239723240530905,0.6198616202654526,2.0,2.0,2.0,2.0,2.185751579730777e-16,0.08764981183955778,1.1102230246251565e-16,0.3579596729273759,sq,True,True,True,True,True,True,True,False,False,True,True,True,True,False
0.5,0.5,0.0,1.0,quad,UKL(1),ok,True,1.1102230246251565e-16,0.026569257355652492,inf,False,0.4524543076072978,0.5826736577652789,0.1735904453989261,9.898207809408527,0.1735904453989261,9.898207809408527,8.326672684688674e-17,0.07635477813321379,0.0,0.3579596729273759,main,True,True,True,True,True,True,True,False,False,False,False,True,True,False
0.5,0.5,0.0,1.0,quad,BKL(1),ok,True,4.440892098500626e-16,0.03549890544402884,0.3635386266976476,False,0.32319381386673557,0.5379480812198273,0.04473585238571975,8.720509960552576,0.04473585238571975,8.720509960552576,2.3245294578089215e-16,0.07272842193913914,2.220446049250313e-16,0.3579596729273759,main,True,True,True,True,True,True,True,False,False,False,False,True,True,False
0.5,0.5,0.0,1.0,quad,"BP(0.25,0)",ok,True,9.992007221626409e-14,0.057721605560765415,5.052331156631478,False,0.3344007232519614,0.6331503192324477,0.29813773811857613,1.2115590881024052,0.29813773811857613,1.2115590881024052,9.977435544428204e-14,0.08860302081781873,4.1369685455094896e-14,0.3579596729273759,main,True,True,True,True,True,True,True,False,False,False,False,True,True,False
0.5,0.5,0.0,1.0,quad,"BP(0.5,0)",ok,True,4.440892098500626e-16,0.03813779097954056,3.0640775537358778,False,0.5199177636650275,0.6310919919392847,0.5768938182097957,1.468631234386797,0.5768938182097957,1.468631234386797,9.020562075079397e-17,0.08849036579090314,1.3877787807814457e-17,0.3579596729273759,main,True,True,True,True,True,True,True,False,False,False,False,True,True,False
0.5,0.5,0.0,1.0,quad,"BP(0.75,0)",ok,True,1.7763568394002505e-15,0.025761567759797443,2.4118731824987494,False,0.8027779776007149,0.6265633148725392,1.0852764066563871,1.7307944247224702,1.0852764066563871,1.7307944247224702,1.5161483180037294e-15,0.08817264607853759,6.661338147750939e-16,0.3579596729273759,main,True,True,True,True,True,True,True,False,False,False,False,True,True,False
0.5,0.5,1.0,0.0,lin,SQ,ok,True,2.220446049250313e-16,0.04337490914618328,inf,False,1.02912203245262,0.5145610162263099,2.0,2.0,2.0,2.0,9.367506770274758e-17,0.03507882851718008,5.551115123125783e-17,0.47615865686053366,sq,True,True,True,True,True,True,True,False,False,True,True,True,True,False
0.5,0.5,1.0,0.0,lin,UKL(1),ok,True,1.1102230246251565e-16,0.11597787341988333,inf,False,0.32171706577860937,0.46538359308094596,0.13533528323661284,7.389056098930643,0.13533528323661284,7.389056098930643,1.249000902703301e-16,0.037788089380516365,1.3877787807814457e-17,0.47615865686053366,main,True,True,True,True,True,True,True,False,False,False,False,True,True,False
0.5,0.5,1.0,0.0,lin,BKL(1),ok,True,5.329070518200751e-15,0.14105373089933992,0.3890823587446338,False,0.24701576900311148,0.43486451783907676,0.02882830431741202,6.920745568097161,0.02882830431741202,6.920745568097161,5.259681579161679e-15,0.03842500703463714,4.433953204596719e-15,0.47615865686053366,main,True,True,True,True,True,True,True,False,False,False,False,True,True,False
0.5,0.5,1.0,0.0,lin,"BP(0.25,0)",ok,True,3.3306690738754696e-16,0.17337904399263895,5.314660155857395,False,0.23132649511926479,0.48861360447378926,0.2535859508099556,1.1364933841362632,0.2535859508099556,1.1364933841362632,2.2898349882893854e-16,0.03564697625076929,5.551115123125783e-17,0.47615865686053366,main,True,True,True,True,True,True,True,False,False,False,False,True,True,False
0.5,0.5,1.0,0.0,lin,"BP(0.5,0)",ok,True,2.220446049250313e-16,0.10641131475665515,3.3875112433384595,False,0.3817027631712672,0.49739287258779413,0.5178866425674298,1.4077618496927082,0.5178866425674298,1.4077618496927082,1.1275702593849246e-16,0.03545147268405485,7.632783294297951e-17,0.47615865686053366,main,True,True,True,True,True,True,True,False,False,False,False,True,True,False
0.5,0.5,1.0,0.0,lin,"BP(0.75,0)",ok,True,8.066464163292153e-17,0.06721753849820046,2.797241551473104,False,0.6271114733273109,0.5060302918966199,1.0282761765410282,1.6953408044173928,1.0282761765410282,1.6953408044173928,2.671474153004283e-16,0.03526209773221095,1.249000902703301e-16,0.47615865686053366,main,True,True,True,True,True,True,True,False,False,False,False,True,True,False
0.5,0.5,1.0,0.0,quad,SQ,ok,True,6.678685382510707e-17,0.01188879807890747,inf,False,0.2977413542315368,0.14887067711576843,2.0,2.0,2.0,2.0,9.194034422677078e-17,0.010058363952048344,1.734723475976807e-17,0.40260225014150064,sq,True,True,True,True,True,True,True,False,False,True,True,True,True,False
0.5,0.5,1.0,0.0,quad,UKL(1),ok,True,5.551115123125783e-16,0.02377759615781494,inf,True,3.967911680305009e-16,7.912837350808988e-16,0.13533528323661276,7.389056098930643,0.13533528323661276,7.389056098930643,1.969655313210904e-16,-5.551115123125783e-17,6.83717366425434e-17,0.40260225014150064,correctly_specified,True,True,True,True,True,True,True,True,True,False,False,True,True,False
0.5,0.5,1.0,0.0,quad,BKL(1),ok,True,2.220446049250313e-16,0.028673784042087678,0.2047613800153174,False,0.014436634556065552,0.1284835686726328,0.02103695931587826,6.920745568097161,0.02103695931587826,6.920745568097161,1.3530843112619095e-16,-0.0014323882765566176,7.155734338404329e-17,0.40260225014150064,main,True,True,True,True,True,True,True,False,False,False,False,True,True,False
0.5,0.5,1.0,0.0,quad,"BP(0.25,0)",ok,True,2.220446049250313e-16,0.05269287826316467,5.0994288455830645,False,0.03411323639928854,0.07171979056011929,0.2535859508099556,1.1782987506366205,0.2535859508099556,1.1782987506366205,9.020562075079397e-17,0.008129413936926955,2.7755575615628914e-17,0.40260225014150064,main,True,True,True,True,True,True,True,False,False,False,False,True,True,False
0.5,0.5,1.0,0.0,quad,"BP(0.5,0)",ok,True,3.3306690738754696e-16,0.03127890575977947,3.113532480882873,False,0.07144613918110783,0.09861691602015009,0.5178866425674298,1.4453036952818237,0.5178866425674298,1.4453036952818237,1.1232334506949826e-16,0.008772502074170574,7.28583859910259e-17,0.40260225014150064,main,True,True,True,True,True,True,True,False,False,False,False,True,True,False
0.5,0.5,1.0,0.0,quad,"BP(0.75,0)",ok,True,2.886579864025407e-15,0.019089436424837805,2.4584044280653603,False,0.14821832308169255,0.12429095078284719,1.0282761765410282,1.7198049737713486,1.0282761765410282,1.7198049737713486,2.856222203195813e-15,0.009415465202022744,1.0096090630185017e-15,0.40260225014150064,main,True,True,True,True,True,True,True,False,False,False,False,True,True,False
0.5,0.5,1.0,1.0,lin,SQ,ok,True,2.220446049250313e-16,0.034767602813439075,inf,False,1.7348244062111835,0.8674122031055916,2.0,2.0,2.0,2.0,4.0072112295064244e-16,0.11703863909610351,5.551115123125783e-17,0.4395139193909645,sq,True,True,True,True,True,True,True,False,False,True,True,True,True,False
0.5,0.5,1.0,1.0,lin,UKL(1),ok,True,7.815970093361102e-14,0.11097701968867214,inf,False,0.5574948374702917,0.680970933144398,0.10265696253773268,8.576423579499021,0.10265696253773268,8.576423579499021,7.842576414673896e-14,0.13752652859272263,6.661338147750939e-14,0.4395139193909645,main,True,True,True,True,True,True,True,False,False,False,False,True,True,False
0.5,0.5,1.0,1.0,lin,BKL(1),ok,True,8.586881206085195e-17,0.13877250550936812,0.13369623726454516,False,0.3929913471961541,0.8929333613601538,0.008950662544006432,8.103967468103411,0.008950662544006432,8.103967468103411,4.0354004859910475e-16,0.1441886834248569,2.220446049250313e-16,0.4395139193909645,main,True,True,True,True,True,True,True,False,False,False,False,True,True,False
0.5,0.5,1.0,1.0,lin,"BP(0.25,0)",ok,True,2.220446049250313e-16,0.16459203077791304,5.08601880836259,False,0.4286781653082251,0.713206454149712,0.2296188314866677,1.1876436207937753,0.2296188314866677,1.1876436207937753,4.748805515486509e-16,0.12135246868483723,2.220446049250313e-16,0.4395139193909645,main,True,True,True,True,True,True,True,False,False,False,False,True,True,False
0.5,0.5,1.0,1.0,lin,"BP(0.5,0)",ok,True,5.984795992119984e-17,0.09387110562563772,2.902786354782556,False,0.6806594804417702,0.7523247698535542,0.48471848868941647,1.5502346538820932,0.48471848868941647,1.5502346538820932,3.885780586188048e-16,0.11978631814823376,2.7755575615628914e-16,0.4395139193909645,main,True,True,True,True,True,True,True,False,False,False,False,True,True,False
0.5,0.5,1.0,1.0,lin,"BP(0.75,0)",ok,True,3.1086244689504383e-15,0.05586089416553264,1.8099828385786998,False,1.081860039772153,0.803920342625318,0.9948032876273709,1.9046075054564495,0.9948032876273709,1.9046075054564495,3.411333715508391e-15,0.11834764226856809,4.163336342344337e-16,0.4395139193909645,main,True,True,True,True,True,True,True,False,False,False,False,True,True,False
0.5,0.5,1.0,1.0,quad,SQ,ok,True,1.1275702593849246e-17,0.01181423050911226,inf,False,1.0253485534810134,0.5126742767405067,2.0,2.0,2.0,2.0,4.891920202254596e-16,0.09596326505937658,1.3877787807814457e-17,0.384130539865309,sq,True,True,True,True,True,True,True,False,False,True,True,True,True,False
0.5,0.5,1.0,1.0,quad,UKL(1),ok,True,5.551115123125783e-17,0.015464037514633327,inf,False,0.451632153971839,0.756931958790887,0.07632969621240583,43.08323760747313,0.07632969621240583,43.08323760747313,3.7730235602495554e-16,0.05267927037803011,1.5265566588595902e-16,0.384130539865309,main,True,True,True,True,True,True,True,False,False,False,False,True,True,False
0.5,0.5,1.0,1.0,quad,BKL(1),ok,True,2.177077962350893e-16,0.01993664078453661,0.12292673686380728,False,0.33024015592398964,0.9190758934633868,0.00756501035311256,32.342250112661326,0.00756501035311256,32.342250112661326,2.3592239273284576e-16,0.04708945651089358,8.326672684688674e-17,0.384130539865309,main,True,True,True,True,True,True,True,False,False,False,False,True,True,False
0.5,0.5,1.0,1.0,quad,"BP(0.25,0)",ok,True,4.951594689828198e-14,0.05295366660371988,4.816715560563339,False,0.30515083580283475,0.6736461781161381,0.18197875701150695,1.3981926777272977,0.18197875701150695,1.3981926777272977,4.968421507545173e-14,0.0898120113619808,6.525335827234358e-14,0.384130539865309,main,True,True,True,True,True,True,True,False,False,False,False,True,True,False
0.5,0.5,1.0,1.0,quad,"BP(0.5,0)",ok,True,1.2656542480726785e-14,0.032021127391568587,2.7641318792623846,False,0.4555030158160188,0.6173012629560896,0.4238529472814884,1.6279975762953955,0.4238529472814884,1.6279975762953955,1.3163081735712012e-14,0.09193570538258472,4.801714581503802e-15,0.384130539865309,main,True,True,True,True,True,True,True,False,False,False,False,True,True,False
0.5,0.5,1.0,1.0,quad,"BP(0.75,0)",ok,True,2.220446049250313e-16,0.01948437396423663,2.0400316077047047,False,0.6787401017695176,0.5627828173748611,0.9394951171021095,1.8301415388472233,0.9394951171021095,1.8301415388472233,2.42861286636753e-16,0.09398642118209527,8.326672684688674e-17,0.384130539865309,main,True,True,True,True,True,True,True,False,False,False,False,True,True,False
0.5,0.5,2.0,0.0,lin,SQ,ok,True,1.1102230246251565e-16,0.027963350979780893,inf,False,2.460473292464362,1.230236646232181,2.0,2.0,2.0,2.0,2.42861286636753e-16,0.054161791366286016,9.020562075079397e-17,0.5018512560560102,sq,True,True,True,True,True,True,True,False,False,True,True,True,True,False
0.5,0.5,2.0,0.0,lin,UKL(1),ok,True,2.4646951146678475e-14,0.09928877392300581,inf,False,0.6331439863511467,1.178533827103245,0.049787068367863785,20.08553692318771,0.049787068367863785,20.08553692318771,2.4293067557579207e-14,0.055443700931822604,2.1545265571631944e-14,0.5018512560560102,main,True,True,True,True,True,True,True,False,False,False,False,True,True,False
0.5,0.5,2.0,0.0,lin,BKL(1),ok,True,2.220446049250313e-16,0.11544721415633627,0.3011258313809081,False,0.5248434662991935,1.1415554384160487,0.00450856762423485,19.597681372027342,0.00450856762423485,19.597681372027342,2.1510571102112408e-16,0.05566685298558943,1.5959455978986625e-16,0.5018512560560102,main,True,True,True,True,True,True,True,False,False,False,False,True,True,False
0.5,0.5,2.0,0.0,lin,"BP(0.25,0)",ok,True,4.6629367034256575e-15,0.12860189883011222,5.272040110452765,False,0.40682755713954244,1.2014064972948622,0.12703445090184634,1.2052693122735776,0.12703445090184634,1.2052693122735776,4.232725281383409e-15,0.05438557081455453,8.257283745649602e-16,0.5018512560560102,main,True,True,True,True,True,True,True,False,False,False,False,True,True,False
0.5,0.5,2.0,0.0,lin,"BP(0.5,0)",ok,True,1.1102230246251565e-16,0.07520854782830565,3.3346186228516697,False,0.7295444141229629,1.2111881578276313,0.3266622332770119,1.46399856056981,0.3266622332770119,1.46399856056981,3.0878077872387166e-16,0.05430953829428392,5.551115123125783e-17,0.5018512560560102,main,True,True,True,True,True,True,True,False,False,False,False,True,True,False
0.5,0.5,2.0,0.0,lin,"BP(0.75,0)",ok,True,6.661338147750939e-16,0.04533788370260683,2.7335275802284755,False,1.3284775430916145,1.2207768319148589,0.8166611249107957,1.728871615003081,0.8166611249107957,1.728871615003081,6.175615574477433e-16,0.05423494617987995,2.706168622523819e-16,0.5018512560560102,main,True,True,True,True,True,True,True,False,False,False,False,True,True,False
0.5,0.5,2.0,0.0,quad,SQ,ok,True,3.3306690738754696e-16,0.007526505285876462,inf,False,0.9717241388504555,0.48586206942522775,2.0,2.0,2.0,2.0,1.942890293094024e-16,0.013462034158512048,1.1449174941446927e-16,0.4197844188012272,sq,True,True,True,True,True,True,True,False,False,True,True,True,True,False
0.5,0.5,2.0,0.0,quad,UKL(1),ok,True,1.1102230246251565e-16,0.015053010571752902,inf,True,8.979889726593604e-16,2.0350992669030007e-15,0.049787068367863785,20.08553692318771,0.049787068367863785,20.08553692318771,2.3817915683084934e-16,0.0,3.5764229860879354e-17,0.4197844188012272,correctly_specified,True,True,True,True,True,True,True,True,True,False,False,True,True,False
0.5,0.5,2.0,0.0,quad,BKL(1),ok,True,7.327471962526033e-15,0.01746705595584653,0.05609604244395805,False,0.026222550249587025,0.7647001126975888,0.0015737956212219636,19.597681372027342,0.0015737956212219636,19.597681372027342,7.088703539090413e-15,-0.001114450161583569,7.591800452177999e-15,0.4197844188012272,main,True,True,True,True,True,True,True,False,False,False,False,True,True,False
0.5,0.5,2.0,0.0,quad,"BP(0.25,0)",ok,True,1.1102230246251565e-14,0.0461316259442252,4.947614272311059,False,0.06888583755637395,0.22409954748219738,0.12703445090184634,1.2901271804259422,0.12703445090184634,1.2901271804259422,1.0896665514348314e-14,0.011553176374983154,1.4700046735427463e-14,0.4197844188012272,main,True,True,True,True,True,True,True,False,False,False,False,True,True,False
0.5,0.5,2.0,0.0,quad,"BP(0.5,0)",ok,True,1.7319479184152442e-14,0.02444634548172761,2.927582959199553,False,0.16821156861952882,0.32242784945117237,0.3266622332770119,1.537104178673854,0.3266622332770119,1.537104178673854,1.7305601396344628e-14,0.012184914574484784,5.537237335317968e-15,0.4197844188012272,main,True,True,True,True,True,True,True,False,False,False,False,True,True,False
0.5,0.5,2.0,0.0,quad,"BP(0.75,0)",ok,True,1.1102230246251565e-16,0.013389103509123942,2.237364933292459,False,0.4120440205759497,0.40844868639212845,0.8166611249107957,1.7746717447425946,0.8166611249107957,1.7746717447425946,2.914335439641036e-16,0.012821064291343776,3.2959746043559335e-17,0.4197844188012272,main,True,True,True,True,True,True,True,False,False,False,False,True,True,False
0.5,0.5,2.0,1.0,lin,SQ,ok,True,4.440892098500626e-16,0.022872339682048916,inf,False,3.0012093772082045,1.5006046886041022,2.0,2.0,2.0,2.0,5.238864897449957e-16,0.1297282657720114,1.6653345369377348e-16,0.46501192856981244,sq,True,True,True,True,True,True,True,False,False,True,True,True,True,False
0.5,0.5,2.0,1.0,lin,UKL(1),ok,True,4.440892098500626e-16,0.09753388124060176,inf,False,0.7619878705195675,0.9950471471804931,0.049787068367863785,20.08553692318771,0.049787068367863785,20.08553692318771,1.1275702593849246e-16,0.14217918342457148,2.7755575615628914e-17,0.46501192856981244,main,True,True,True,True,True,True,True,False,False,False,False,True,True,False
0.5,0.5,2.0,1.0,lin,BKL(1),ok,True,1.1622647289044608e-16,0.11540178502145511,0.06157844805745394,False,0.585020576806713,1.1404929192572082,0.0018965518143766711,19.597681372027342,0.0018965518143766711,19.597681372027342,9.020562075079397e-17,0.1452700490629848,8.326672684688674e-17,0.46501192856981244,main,True,True,True,True,True,True,True,False,False,False,False,True,True,False
0.5,0.5,2.0,1.0,lin,"BP(0.25,0)",ok,True,2.220446049250313e-16,0.12086378317564359,4.9829265329588,False,0.5471544734218597,1.193136433569042,0.12703445090184634,1.262893051522569,0.12703445090184634,1.262893051522569,2.1510571102112408e-16,0.13196014276525087,1.6653345369377348e-16,0.46501192856981244,main,True,True,True,True,True,True,True,False,False,False,False,True,True,False
0.5,0.5,2.0,1.0,lin,"BP(0.5,0)",ok,True,4.440892098500626e-16,0.06524129819422067,2.507679804347287,False,0.9401982350010624,1.289649400458606,0.3266622332770119,1.7944874749155966,0.3266622332770119,1.7944874749155966,1.8041124150158794e-16,0.13117063663939516,5.551115123125783e-17,0.46501192856981244,main,True,True,True,True,True,True,True,False,False,False,False,True,True,False
0.5,0.5,2.0,1.0,lin,"BP(0.75,0)",ok,True,3.8413716652030416e-14,0.03722553384866569,0.9980668973673319,False,1.6557988476601595,1.389683037143344,0.8166611249107957,2.32261428727931,0.8166611249107957,2.32261428727931,3.855249453010856e-14,0.13042652589982007,3.552713678800501e-15,0.46501192856981244,main,True,True,True,True,True,True,True,False,False,False,False,True,True,False
0.5,0.5,2.0,1.0,quad,SQ,ok,True,4.440892098500626e-16,0.0071179361280909355,inf,False,0.6879663451386824,0.3439831725693412,2.0,2.0,2.0,2.0,4.119968255444917e-16,0.09215708013508611,5.551115123125783e-17,0.40183053454954065,sq,True,True,True,True,True,True,True,False,False,True,True,True,True,False
0.5,0.5,2.0,1.0,quad,UKL(1),ok,True,7.460698725481052e-14,0.00871991844184558,inf,False,0.44747395854699107,1.0813695943028068,0.027933723173598726,206.7498102042034,0.027933723173598726,206.7498102042034,7.482035824235567e-14,0.0333811174562515,5.825201432330118e-14,0.40183053454954065,main,True,True,True,True,True,True,True,False,False,False,False,True,True,False
0.5,0.5,2.0,1.0,quad,BKL(1),ok,True,3.885780586188048e-16,0.011062341971188322,0.033811629347417105,False,0.3391078956188645,2.134129184666329,0.0005716675985690337,128.78378209293774,0.0005716675985690337,128.78378209293774,2.220446049250313e-16,0.029465734034547997,2.1163626406917047e-16,0.40183053454954065,main,True,True,True,True,True,True,True,False,False,False,False,True,True,False
0.5,0.5,2.0,1.0,quad,"BP(0.25,0)",ok,True,2.220446049250313e-16,0.04685533773288355,4.717464126151704,False,0.26892162869135144,0.7280460295554758,0.0972525165972804,1.4883127669699194,0.0972525165972804,1.4883127669699194,1.6653345369377348e-16,0.08504704834874283,6.938893903907228e-17,0.40183053454954065,main,True,True,True,True,True,True,True,False,False,False,False,True,True,False
0.5,0.5,2.0,1.0,quad,"BP(0.5,0)",ok,True,8.881784197001252e-16,0.025166231652923265,2.645332046742075,False,0.3715138704521174,0.5446263348825173,0.28877396695534846,1.7011096983239167,0.28877396695534846,1.7011096983239167,9.488937413593135e-16,0.08743356673118863,1.1657341758564144e-15,0.40183053454954065,main,True,True,True,True,True,True,True,False,False,False,False,True,True,False
0.5,0.5,2.0,1.0,quad,"BP(0.75,0)",ok,True,2.3765711620882257e-16,0.013417199153365963,1.9020654736317752,False,0.49733100607681485,0.40469949144305584,0.7866336460725204,1.873362502221791,0.7866336460725204,1.873362502221791,2.2638141361497333e-16,0.08980313900236642,5.551115123125783e-17,0.40183053454954065,main,True,True,True,True,True,True,True,False,False,False,False,True,True,False
0.5,1.5,0.0,0.0,lin,SQ,ok,True,4.440892098500626e-16,0.05176427273052701,inf,False,0.8347691774391398,0.4173845887195699,2.0,2.0,2.0,2.0,1.6132928326584306e-16,-0.0397023682479295,7.632783294297951e-17,0.3777056886687148,sq,True,True,True,True,True,True,True,False,False,True,True,True,True,False
0.5,1.5,0.0,0.0,lin,UKL(1),ok,True,2.353672812205332e-14,0.10352854546106809,inf,True,3.4672492110840104e-16,4.0705771290945914e-14,0.13533528323661276,7.389056098930643,0.13533528323661276,7.389056098930643,2.3943546373061122e-14,1.176836406102666e-14,1.8019352573234352e-14,0.3777056886687148,correctly_specified,True,False,True,False,True,True,False,True,True,False,False,True,True,False
0.5,1.5,0.0,0.0,lin,BKL(1),ok,True,6.661338147750939e-16,0.15036664013805487,0.1645060062584539,False,0.06604115228013513,0.3436145755701452,0.013561655757858415,6.920745568097161,0.013561655757858415,6.920745568097161,8.68229099726392e-16,0.023821258247800348,4.961309141293668e-16,0.3777056886687148,main,True,True,True,True,True,True,True,False,False,False,False,True,True,False
0.5,1.5,0.0,0.0,lin,"BP(0.25,0)",ok,True,2.220446049250313e-16,0.20214680886207326,4.937088725883371,False,0.14430706418874914,0.25007551169932585,0.2535859508099556,1.2983961816648284,0.2535859508099556,1.2983961816648284,2.246466901389965e-16,-0.03174781979593688,7.632783294297951e-17,0.3777056886687148,main,True,True,True,True,True,True,True,False,False,False,False,True,True,False
0.5,1.5,0.0,0.0,lin,"BP(0.5,0)",ok,True,2.220446049250313e-16,0.12465838149266348,2.8760762579110977,False,0.2658178326281491,0.3077230789694531,0.5178866425674298,1.5646316705344812,0.5178866425674298,1.5646316705344812,3.139849491518021e-16,-0.03504359602350671,2.7755575615628914e-17,0.3777056886687148,main,True,True,True,True,True,True,True,False,False,False,False,True,True,False
0.5,1.5,0.0,0.0,lin,"BP(0.75,0)",ok,True,2.220446049250313e-16,0.0792504248778748,2.0842814177664186,False,0.4757693932689556,0.3630616327693114,1.0282761765410282,1.8170973355788391,1.0282761765410282,1.8170973355788391,3.365363543395006e-16,-0.037690767537922165,4.163336342344337e-17,0.3777056886687148,main,True,True,True,True,True,True,True,False,False,False,False,True,True,False
0.5,1.5,0.0,0.0,quad,SQ,ok,True,2.220446049250313e-16,0.014707334659856854,inf,False,0.2162291311313295,0.10811456556566472,2.0,2.0,2.0,2.0,9.6710833785707e-17,-0.016339819806426237,1.0408340855860843e-16,0.3543769589748617,sq,True,True,True,True,True,True,True,False,False,True,True,True,True,False
0.5,1.5,0.0,0.0,quad,UKL(1),ok,True,4.440892098500626e-16,0.02941466931971374,inf,True,4.002472396535264e-16,1.2441560784798923e-15,0.13533528323661284,7.389056098930643,0.13533528323661284,7.389056098930643,2.0018587089814423e-16,1.1102230246251565e-16,7.126039924425777e-17,0.3543769589748617,correctly_specified,True,True,True,True,True,True,True,True,True,False,False,True,True,False
0.5,1.5,0.0,0.0,quad,BKL(1),ok,True,1.3322676295501878e-15,0.03989355357526242,0.24070521446651794,False,0.006229060913643346,0.008670479501802681,0.02882830431741202,7.1645059814283,0.02882830431741202,7.1645059814283,1.6096065452719799e-15,0.0016734723387754058,1.1104398650596536e-15,0.3543769589748617,main,True,True,True,True,True,True,True,False,False,False,False,True,True,False
0.5,1.5,0.0,0.0,quad,"BP(0.25,0)",ok,True,2.220446049250313e-16,0.05646064519552363,5.191244331464158,False,0.013555758472469577,0.019328146921329427,0.2535859508099556,1.1364933841362632,0.2535859508099556,1.1364933841362632,2.2540563165973637e-16,-0.005219869485883377,5.204170427930421e-17,0.3543769589748617,main,True,True,True,True,True,True,True,False,False,False,False,True,True,False
0.5,1.5,0.0,0.0,quad,"BP(0.5,0)",ok,True,3.3306690738754696e-16,0.03540879604922082,3.251032536252231,False,0.04026240584446383,0.04484115912906708,0.5178866425674298,1.4077618496927082,0.5178866425674298,1.4077618496927082,3.5063098258181213e-16,-0.008633987449352343,5.204170427930421e-17,0.3543769589748617,main,True,True,True,True,True,True,True,False,False,False,False,True,True,False
0.5,1.5,0.0,0.0,quad,"BP(0.75,0)",ok,True,1.0658141036401503e-14,0.022673425209542363,2.640457397459886,False,0.09856607319712096,0.07474987506281099,1.0282761765410282,1.6953408044173928,1.0282761765410282,1.6953408044173928,1.094176832472371e-14,-0.012345662907219057,3.453834440669823e-15,0.3543769589748617,main,True,True,True,True,True,True,True,False,False,False,False,True,True,False
0.5,1.5,0.0,1.0,lin,SQ,ok,True,3.3306690738754696e-16,0.038293576791309424,inf,False,2.0101226373771928,1.0050613186885964,2.0,2.0,2.0,2.0,2.3592239273284576e-16,0.035660022460971164,2.0122792321330962e-16,0.3465146641264104,sq,True,True,True,True,True,True,True,False,False,True,True,True,True,False
0.5,1.5,0.0,1.0,lin,UKL(1),ok,True,4.440892098500626e-16,0.10127671228135107,inf,False,0.46487279217713745,0.9930710389268148,0.06615130809113251,12.798671331249635,0.06615130809113251,12.798671331249635,4.718447854656915e-16,0.12726326248536995,8.326672684688674e-17,0.3465146641264104,main,True,True,True,True,True,True,True,False,False,False,False,True,True,False
0.5,1.5,0.0,1.0,lin,BKL(1),ok,True,3.3306690738754696e-16,0.1626637299904508,0.07214439626760716,False,0.3328784322798558,1.8917019876542125,0.0026035359059198696,10.103107668814484,0.0026035359059198696,10.103107668814484,2.636779683484747e-16,0.18761922982753387,0.0,0.3465146641264104,main,True,True,True,True,True,True,True,False,False,False,False,True,True,False
0.5,1.5,0.0,1.0,lin,"BP(0.25,0)",ok,True,1.1102230246251565e-16,0.18256354101635788,4.457216195795499,False,0.41400499875371616,0.7578224107115906,0.19911924971404724,1.764529511605273,0.19911924971404724,1.764529511605273,1.8735013540549517e-16,0.05488544484392266,6.938893903907228e-17,0.3465146641264104,main,True,True,True,True,True,True,True,False,False,False,False,True,True,False
0.5,1.5,0.0,1.0,lin,"BP(0.5,0)",ok,True,2.220446049250313e-16,0.10135476659265201,1.9683872688513142,False,0.6976390708658741,0.799191588723832,0.4407849406556362,2.286135493360537,0.4407849406556362,2.286135493360537,1.7694179454963432e-16,0.04598013971711162,2.7755575615628914e-17,0.3465146641264104,main,True,True,True,True,True,True,True,False,False,False,False,True,True,False
0.5,1.5,0.0,1.0,lin,"BP(0.75,0)",ok,True,4.107825191113079e-15,0.059467692581443125,0.6252864247459795,False,1.1793460822139714,0.8847906075550929,0.9486495245902237,2.714379981699554,0.9486495245902237,2.714379981699554,4.2179801318376065e-15,0.039530675910909974,4.0245584642661925e-16,0.3465146641264104,main,True,True,True,True,True,True,True,False,False,False,False,True,True,False
0.5,1.5,0.0,1.0,quad,SQ,ok,True,2.7755575615628914e-16,0.014017078409985994,inf,False,1.3392206350024307,0.6696103175012154,2.0,2.0,2.0,2.0,3.885780586188048e-16,0.06572375033619371,1.942890293094024e-16,0.3311372603623535,sq,True,True,True,True,True,True,True,False,False,True,True,True,True,False
0.5,1.5,0.0,1.0,quad,UKL(1),ok,True,1.1102230246251565e-16,0.015581814996592721,inf,False,0.4177487040031673,0.6592374468584798,0.08503109423722832,56.40465061059826,0.08503109423722832,56.40465061059826,2.732189474663471e-16,0.058370794665845604,1.3877787807814457e-16,0.3311372603623535,main,True,True,True,True,True,True,True,False,False,False,False,True,True,False
0.5,1.5,0.0,1.0,quad,BKL(1),ok,True,2.220446049250313e-16,0.023644682272375192,0.16895843591414605,False,0.32389716520221223,0.4597964376942489,0.014307464215875698,41.16901329854863,0.014307464215875698,41.16901329854863,3.200564813177209e-16,0.049918828137682836,1.6653345369377348e-16,0.3311372603623535,main,True,True,True,True,True,True,True,False,False,False,False,True,True,False
0.5,1.5,0.0,1.0,quad,"BP(0.25,0)",ok,True,8.826273045769994e-14,0.05849313180314662,4.917617282403009,False,0.29647589126740026,0.8144711484301004,0.1739401179243946,1.313880438728539,0.1739401179243946,1.313880438728539,8.81690553899972e-14,0.08606451912680785,1.1704526237110713e-13,0.3311372603623535,main,True,True,True,True,True,True,True,False,False,False,False,True,True,False
0.5,1.5,0.0,1.0,quad,"BP(0.5,0)",ok,True,7.960299086562372e-14,0.03707778713537678,2.9437338628674166,False,0.48177578042908953,0.7685357981750915,0.408488383183263,1.5286708002932927,0.408488383183263,1.5286708002932927,7.925951561738032e-14,0.08051250683448674,2.806088694740083e-14,0.3311372603623535,main,True,True,True,True,True,True,True,False,False,False,False,True,True,False
0.5,1.5,0.0,1.0,quad,"BP(0.75,0)",ok,True,3.3306690738754696e-16,0.023147252903692624,2.3329333052754944,False,0.7947071199157234,0.7175201550204726,0.9206743720432036,1.750100018446159,0.9206743720432036,1.750100018446159,2.706168622523819e-16,0.0737203306955928,4.163336342344337e-17,0.3311372603623535,main,True,True,True,True,True,True,True,False,False,False,False,True,True,False
0.5,1.5,1.0,0.0,lin,SQ,ok,True,6.661338147750939e-16,0.037055567705090185,inf,False,2.0389769321932265,1.0194884660966135,2.0,2.0,2.0,2.0,8.049116928532385e-16,0.023347460274410425,6.245004513516506e-17,0.4311604329594074,sq,True,True,True,True,True,True,True,False,False,True,True,True,True,False
0.5,1.5,1.0,0.0,lin,UKL(1),ok,True,2.220446049250313e-16,0.09817431760358632,inf,False,0.30726882617253304,0.584622180171202,0.049787068367863785,20.08553692318771,0.049787068367863785,20.08553692318771,3.0010716134398763e-16,0.04893464497818817,2.498001805406602e-16,0.4311604329594074,main,True,True,True,True,True,True,True,False,False,False,False,True,True,False
0.5,1.5,1.0,0.0,lin,BKL(1),ok,True,2.220446049250313e-16,0.12509355085980928,0.07883162545644296,False,0.2627935413485083,0.3260801581763443,0.0031088220477588375,19.597681372027342,0.0031088220477588375,19.597681372027342,2.671474153004283e-16,0.0586454860883755,1.0408340855860843e-16,0.4311604329594074,main,True,True,True,True,True,True,True,False,False,False,False,True,True,False
0.5,1.5,1.0,0.0,lin,"BP(0.25,0)",ok,True,2.220446049250313e-16,0.15813960901855587,5.034445296307462,False,0.264374022846774,0.8192178988189891,0.12703445090184634,1.2245179262689083,0.12703445090184634,1.2245179262689083,4.3021142204224816e-16,0.0282415453189791,6.938893903907228e-18,0.4311604329594074,main,True,True,True,True,True,True,True,False,False,False,False,True,True,False
0.5,1.5,1.0,0.0,lin,"BP(0.5,0)",ok,True,2.220446049250313e-16,0.09370856857758794,2.858514128187619,False,0.5212160077320339,0.8921560070641551,0.3266622332770119,1.5742444494591779,0.3266622332770119,1.5742444494591779,2.959871930885427e-16,0.026403969183605325,6.245004513516506e-17,0.4311604329594074,main,True,True,True,True,True,True,True,False,False,False,False,True,True,False
0.5,1.5,1.0,0.0,lin,"BP(0.75,0)",ok,True,1.7763568394002505e-15,0.05779506236194853,1.8300778813258354,False,1.0288493131168313,0.9577461684544479,0.8166611249107957,1.897610696599162,0.8166611249107957,1.897610696599162,2.0643209364124004e-15,0.024773142698561734,1.5265566588595902e-16,0.4311604329594074,main,True,True,True,True,True,True,True,False,False,False,False,True,True,False
0.5,1.5,1.0,0.0,quad,SQ,ok,True,4.440892098500626e-16,0.009899199671345223,inf,False,1.065131691494712,0.5325658457473561,2.0,2.0,2.0,2.0,6.140921104957897e-16,0.021385689093980198,0.0,0.3862443047168527,sq,True,True,True,True,True,True,True,False,False,True,True,True,True,False
0.5,1.5,1.0,0.0,quad,UKL(1),ok,True,2.220446049250313e-16,0.0197983993426905,inf,True,7.956257020673247e-16,2.831424833753907e-15,0.049787068367863785,20.08553692318771,0.049787068367863785,20.08553692318771,2.7065551793636833e-16,1.1102230246251565e-16,6.715057796464981e-17,0.3862443047168527,correctly_specified,True,True,True,True,True,True,True,True,True,False,False,True,True,False
0.5,1.5,1.0,0.0,quad,BKL(1),ok,True,3.0357660829594124e-16,0.024833106036894734,0.06454607363783116,False,0.031714595512677475,0.5233800488029933,0.0020838211275546904,19.597681372027342,0.0020838211275546904,19.597681372027342,2.478486166301863e-16,-0.0037053157969225703,1.4354836763708079e-16,0.3862443047168527,main,True,True,True,True,True,True,True,False,False,False,False,True,True,False
0.5,1.5,1.0,0.0,quad,"BP(0.25,0)",ok,True,1.3766765505351941e-14,0.05108953271011047,4.962095838349384,False,0.08101963125569016,0.22542647165681878,0.12703445090184634,1.278864647255876,0.12703445090184634,1.278864647255876,1.400398894069177e-14,0.019663596592867705,1.8068879725774423e-14,0.3862443047168527,main,True,True,True,True,True,True,True,False,False,False,False,True,True,False
0.5,1.5,1.0,0.0,quad,"BP(0.5,0)",ok,True,2.2870594307278225e-14,0.02897913397016756,2.9495167597094154,False,0.1949220358272328,0.33331433830622614,0.3266622332770119,1.5256736498230097,0.3266622332770119,1.5256736498230097,2.286192068989834e-14,0.020342988010331686,7.112366251504909e-15,0.3862443047168527,main,True,True,True,True,True,True,True,False,False,False,False,True,True,False
0.5,1.5,1.0,0.0,quad,"BP(0.75,0)",ok,True,2.220446049250313e-16,0.016790849740741288,2.2692643770624956,False,0.46341919475796733,0.43502284770927796,0.8166611249107957,1.7663168497876476,0.8166611249107957,1.7663168497876476,2.2898349882893854e-16,0.02091728273482979,1.457167719820518e-16,0.3862443047168527,main,True,True,True,True,True,True,True,False,False,False,False,True,True,False
0.5,1.5,1.0,1.0,lin,SQ,ok,True,2.220446049250313e-16,0.02752388429270619,inf,False,3.0410376919067503,1.5205188459533752,2.0,2.0,2.0,2.0,1.7694179454963432e-16,0.10367325971707059,2.220446049250313e-16,0.3930511773250958,sq,True,True,True,True,True,True,True,False,False,True,True,True,True,False
0.5,1.5,1.0,1.0,lin,UKL(1),ok,True,2.220446049250313e-16,0.09819546821673597,inf,False,0.5457755854549637,0.833026477571066,0.035910321368924886,20.08553692318771,0.035910321368924886,20.08553692318771,6.526897078362737e-17,0.1638325304176591,2.7755575615628914e-17,0.3930511773250958,main,True,True,True,True,True,True,True,False,False,False,False,True,True,False
0.5,1.5,1.0,1.0,lin,BKL(1),ok,True,1.1520298603961976e-14,0.13398717218902267,0.026843424721010756,False,0.3854383395248625,2.860641602778707,0.00036030636007647993,19.597681372027342,0.00036030636007647993,19.597681372027342,1.1518563880485999e-14,0.19078134124991242,5.578870698741412e-15,0.3930511773250958,main,True,True,True,True,True,True,True,False,False,False,False,True,True,False
0.5,1.5,1.0,1.0,lin,"BP(0.25,0)",ok,True,2.220446049250313e-16,0.13764301596564876,4.139708358250296,False,0.49088639962273756,0.9444845409589256,0.12703445090184634,2.2024739849327313,0.12703445090184634,2.2024739849327313,2.5326962749261384e-16,0.11648382102026811,1.249000902703301e-16,0.3930511773250958,main,True,True,True,True,True,True,True,False,False,False,False,True,True,False
0.5,1.5,1.0,1.0,lin,"BP(0.5,0)",ok,True,1.1102230246251565e-16,0.07181385767618219,1.332370668388785,False,0.8734156462531207,1.124473048876651,0.3266622332770119,3.377438506239243,0.3266622332770119,3.377438506239243,1.3877787807814457e-16,0.11135918952166096,2.7755575615628914e-17,0.3930511773250958,main,True,True,True,True,True,True,True,False,False,False,False,True,True,False
0.5,1.5,1.0,1.0,lin,"BP(0.75,0)",maxit,False,0.029393898509483506,0.03868927677647493,8.881784197001252e-16,False,1.6037236542452102,1.3528016101691327,0.8166611249107957,252460.9548808173,0.8166611249107957,252460.9548808173,0.029393898509483485,0.1573695730532122,0.050944603674948255,0.3930511773250958,main,True,True,True,True,False,False,True,False,False,False,False,False,False,False
0.5,1.5,1.0,1.0,quad,SQ,ok,True,3.660266534311063e-16,0.00858678682492757,inf,False,1.1218669234825671,0.5609334617412834,2.0,2.0,2.0,2.0,4.2674197509029455e-16,0.10802272938851709,2.220446049250313e-16,0.35982513761656576,sq,True,True,True,True,True,True,True,False,False,True,True,True,True,False
0.5,1.5,1.0,1.0,quad,UKL(1),ok,True,3.3306690738754696e-16,0.00879665284248179,inf,False,0.4213519346690471,0.933652210352781,0.029925600696168238,347.9166137162255,0.029925600696168238,347.9166137162255,1.0581813203458523e-16,0.03764778318893269,6.938893903907228e-17,0.35982513761656576,main,True,True,True,True,True,True,True,False,False,False,False,True,True,False
0.5,1.5,1.0,1.0,quad,BKL(1),ok,True,4.440892098500626e-16,0.01342811043600947,0.05421433695814182,False,0.31988397014140874,1.0649103929977706,0.0014699571538113532,151.55766988414166,0.0014699571538113532,151.55766988414166,2.1510571102112408e-16,0.028518812433852736,8.673617379884035e-17,0.35982513761656576,main,True,True,True,True,True,True,True,False,False,False,False,True,True,False
0.5,1.5,1.0,1.0,quad,"BP(0.25,0)",ok,True,2.220446049250313e-16,0.05426953129507108,4.7167701276466545,False,0.2824241966704346,0.7975384339131831,0.09498510235089926,1.488969809048205,0.09498510235089926,1.488969809048205,1.3183898417423734e-16,0.10540177541627949,5.551115123125783e-17,0.35982513761656576,main,True,True,True,True,True,True,True,False,False,False,False,True,True,False
0.5,1.5,1.0,1.0,quad,"BP(0.5,0)",ok,True,1.7763568394002505e-15,0.030500167364652563,2.6585544957593807,False,0.42154145364695217,0.6449585464526879,0.28229094191990656,1.6926491471880227,0.28229094191990656,1.6926491471880227,1.779826286352204e-15,0.1067525211096701,2.220446049250313e-15,0.35982513761656576,main,True,True,True,True,True,True,True,False,False,False,False,True,True,False
0.5,1.5,1.0,1.0,quad,"BP(0.75,0)",ok,True,2.220446049250313e-16,0.016383695441584495,1.9375216055245061,False,0.6551312448011543,0.5488913741893467,0.7769653158764065,1.8618647332247993,0.7769653158764065,1.8618647332247993,1.97758476261356e-16,0.1076275358105383,8.326672684688674e-17,0.35982513761656576,main,True,True,True,True,True,True,True,False,False,False,False,True,True,False
0.5,1.5,2.0,0.0,lin,SQ,ok,True,2.220446049250313e-16,0.026412146090332322,inf,False,3.9752594150765717,1.9876297075382858,2.0,2.0,2.0,2.0,1.3183898417423734e-16,0.06252274565286114,1.1102230246251565e-16,0.4711513231127631,sq,True,True,True,True,True,True,True,False,False,True,True,True,True,False
0.5,1.5,2.0,0.0,lin,UKL(1),ok,True,2.220446049250313e-16,0.09130979683733516,inf,False,0.617914981741266,1.5559811135236492,0.018315638888734165,54.59815003314412,0.018315638888734165,54.59815003314412,9.8879238130678e-17,0.0757534268457804,1.3877787807814457e-16,0.4711513231127631,main,True,True,True,True,True,True,True,False,False,False,False,True,True,False
0.5,1.5,2.0,0.0,lin,BKL(1),ok,True,2.1467203015212988e-17,0.10828058437702365,0.038535356891038486,False,0.5297241223730287,0.7458037223578678,0.0006472168746861312,54.10268739056625,0.0006472168746861312,54.10268739056625,5.551115123125783e-17,0.07919131540822771,0.0,0.4711513231127631,main,True,True,True,True,True,True,True,False,False,False,False,True,True,False
0.5,1.5,2.0,0.0,lin,"BP(0.25,0)",ok,True,6.006480035569695e-17,0.1205740806196835,5.101991344235654,False,0.41086918627901375,1.7828909624963056,0.061392420589032166,1.2330997305448734,0.061392420589032166,1.2330997305448734,1.734723475976807e-16,0.06478118091148166,9.71445146547012e-17,0.4711513231127631,main,True,True,True,True,True,True,True,False,False,False,False,True,True,False
0.5,1.5,2.0,0.0,lin,"BP(0.5,0)",ok,True,2.220446049250313e-16,0.06916772779674978,2.8431920291158743,False,0.8265764051938083,1.8592638959458887,0.20116901454922423,1.582728128778319,0.20116901454922423,1.582728128778319,1.942890293094024e-16,0.06397584890141023,8.326672684688674e-17,0.4711513231127631,main,True,True,True,True,True,True,True,False,False,False,False,True,True,False
0.5,1.5,2.0,0.0,lin,"BP(0.75,0)",ok,True,1.509903313490213e-14,0.041636808970055006,1.6547883563719725,False,1.7646222326091476,1.9258052210652052,0.6408744583546242,1.9623787165803104,0.6408744583546242,1.9623787165803104,1.5154544286133387e-14,0.06322308193782938,1.582067810090848e-15,0.4711513231127631,main,True,True,True,True,True,True,True,False,False,False,False,True,True,False
0.5,1.5,2.0,0.0,quad,SQ,ok,True,2.220446049250313e-16,0.0064012632619598825,inf,False,2.578043942857247,1.2890219714286235,2.0,2.0,2.0,2.0,1.214306433183765e-16,0.03699460778156333,5.551115123125783e-17,0.4084729753530307,sq,True,True,True,True,True,True,True,False,False,True,True,True,True,False
0.5,1.5,2.0,0.0,quad,UKL(1),ok,True,5.551115123125783e-17,0.012802526523919807,inf,True,1.0772420535357796e-15,2.9107175959704186e-15,0.018315638888734147,54.59815003314412,0.018315638888734147,54.59815003314412,2.2158926885000562e-16,3.885780586188048e-16,1.4183968005310194e-16,0.4084729753530307,correctly_specified,True,True,True,True,True,True,True,True,True,False,False,True,True,False
0.5,1.5,2.0,0.0,quad,BKL(1),ok,True,1.1102230246251565e-15,0.015470089364968381,0.014804800424415232,False,0.04725610775854274,2.4949109914239167,0.00010959305951800238,54.10268739056625,0.00010959305951800238,54.10268739056625,1.2006725908647597e-15,-0.003358965597228647,1.078998002057574e-15,0.4084729753530307,main,True,True,True,True,True,True,True,False,False,False,False,True,True,False
0.5,1.5,2.0,0.0,quad,"BP(0.25,0)",ok,True,5.861977570020827e-14,0.04462682021345657,4.842877366892791,False,0.13025312766959438,0.613845954866941,0.061392420589032166,1.3756552519594343,0.061392420589032166,1.3756552519594343,5.88487591990372e-14,0.0322260182105113,7.518291544883482e-14,0.4084729753530307,main,True,True,True,True,True,True,True,False,False,False,False,True,True,False
0.5,1.5,2.0,0.0,quad,"BP(0.5,0)",ok,True,2.220446049250313e-16,0.02254142376800583,2.7995926688152055,False,0.3481054987080161,0.884701593485296,0.20116901454922423,1.6073766909471197,0.20116901454922423,1.6073766909471197,1.8735013540549517e-16,0.03383563250106569,5.551115123125783e-17,0.4084729753530307,main,True,True,True,True,True,True,True,False,False,False,False,True,True,False
0.5,1.5,2.0,0.0,quad,"BP(0.75,0)",ok,True,1.6653345369377348e-16,0.011797479722546855,2.0857834720823423,False,0.957350445207267,1.1029497086626734,0.6408744583546242,1.8166610431941195,0.6408744583546242,1.8166610431941195,1.1449174941446927e-16,0.03542528786670751,5.551115123125783e-17,0.4084729753530307,main,True,True,True,True,True,True,True,False,False,False,False,True,True,False
0.5,1.5,2.0,1.0,lin,SQ,ok,True,3.423910460709223e-16,0.020273757897903134,inf,False,4.99499470559774,2.49749735279887,2.0,2.0,2.0,2.0,3.400058012914542e-16,0.14191082574127545,1.6653345369377348e-16,0.42914218055970915,sq,True,True,True,True,True,True,True,False,False,True,True,True,True,False
0.5,1.5,2.0,1.0,lin,UKL(1),ok,True,1.242495689668388e-16,0.0937799859802806,inf,False,0.7452708625889874,0.9588596395916433,0.018315638888734165,54.59815003314412,0.018315638888734165,54.59815003314412,8.847089727481716e-17,0.1768763206564956,5.551115123125783e-17,0.42914218055970915,main,True,True,True,True,True,True,True,False,False,False,False,True,True,False
0.5,1.5,2.0,1.0,lin,BKL(1),ok,True,1.3322676295501878e-15,0.11648538162621855,0.009946355157108844,False,0.5645878781597992,4.62088242574007,4.946539825456001e-05,54.10268739056625,4.946539825456001e-05,54.10268739056625,1.3461454173580023e-15,0.18842542632015669,5.273559366969494e-16,0.42914218055970915,main,True,True,True,True,True,True,True,False,False,False,False,True,True,False
0.5,1.5,2.0,1.0,lin,"BP(0.25,0)",ok,True,2.220446049250313e-16,0.1019786995860587,3.808377289823003,False,0.5958144776960578,1.7302276149505589,0.061392420589032166,2.8287862081124766,0.061392420589032166,2.8287862081124766,1.249000902703301e-16,0.1487340334381303,1.6653345369377348e-16,0.42914218055970915,main,True,True,True,True,True,True,True,False,False,False,False,True,True,False
0.5,1.5,2.0,1.0,lin,"BP(0.5,0)",ok,True,2.220446049250313e-16,0.05028700634886183,0.6015532042285878,False,1.1206732893929725,2.008575578826654,0.20116901454922423,7.480635076610809,0.20116901454922423,7.480635076610809,1.8041124150158794e-16,0.1461930291296366,2.7755575615628914e-17,0.42914218055970915,main,True,True,True,True,True,True,True,False,False,False,False,True,True,False
0.5,1.5,2.0,1.0,lin,"BP(0.75,0)",maxit,False,0.11088058770956866,0.028534471753213914,8.881784197001252e-16,False,2.2806665970240285,2.4145447724316256,0.6408744583546242,252460.9548808173,0.6408744583546242,252460.9548808173,0.11088058770956859,0.2884489375894701,0.14563873462980195,0.42914218055970915,main,True,True,True,True,False,False,True,False,False,False,False,False,False,False
0.5,1.5,2.0,1.0,quad,SQ,ok,True,6.661338147750939e-16,0.005158693069672362,inf,False,2.0294692871448645,1.0147346435724323,2.0,2.0,2.0,2.0,7.615436059538183e-16,0.12024148113553157,1.942890293094024e-16,0.38117649326584463,sq,True,True,True,True,True,True,True,False,False,True,True,True,True,False
0.5,1.5,2.0,1.0,quad,UKL(1),ok,True,2.220446049250313e-16,0.005536488340933812,inf,False,0.42239109953265874,1.4375043437584176,0.010665480640670404,1987.3668396504954,0.010665480640670404,1987.3668396504954,9.096456227153382e-17,0.023102584786251712,1.700029006457271e-16,0.38117649326584463,main,True,True,True,True,True,True,True,False,False,False,False,True,True,False
0.5,1.5,2.0,1.0,quad,BKL(1),ok,True,1.1102230246251565e-15,0.008087790444140748,0.012160933284810271,False,0.31512806052508824,3.5142959768912023,7.394506047282573e-05,602.4210974672894,7.394506047282573e-05,602.4210974672894,8.881784197001252e-16,0.017181957937843162,3.434752482434078e-16,0.38117649326584463,main,True,True,True,True,True,True,True,False,False,False,False,True,True,False
0.5,1.5,2.0,1.0,quad,"BP(0.25,0)",ok,True,4.440892098500626e-16,0.0480861582739246,4.6235227463259365,False,0.2724156275388413,0.6850509313320713,0.051377683054498656,1.580887735845586,0.051377683054498656,1.580887735845586,2.636779683484747e-16,0.11088620943973915,0.0,0.38117649326584463,main,True,True,True,True,True,True,True,False,False,False,False,True,True,False
0.5,1.5,2.0,1.0,quad,"BP(0.5,0)",ok,True,4.218847493575595e-15,0.023284814759839984,2.534878202460409,False,0.3970791311962604,0.40257664192484705,0.1971777074141624,1.7752332225004737,0.1971777074141624,1.7752332225004737,4.066191827689636e-15,0.11416740656972679,5.551115123125783e-15,0.38117649326584463,main,True,True,True,True,True,True,True,False,False,False,False,True,True,False
0.5,1.5,2.0,1.0,quad,"BP(0.75,0)",ok,True,3.3306690738754696e-16,0.010846174721110935,1.7774902941267177,False,0.7727339708440685,0.6169617221070992,0.6408744583546242,1.9161429154741494,0.6408744583546242,1.9161429154741494,1.457167719820518e-16,0.11728623959876167,1.1102230246251565e-16,0.38117649326584463,main,True,True,True,True,True,True,True,False,False,False,False,True,True,False
