cell,generator,p_c,n,penalty,R,R_s,failure_rate,failure_rate_cp_upper,status_counts,E1_rate,E2_rate,E3_rate,events_rate,lam_median,bound_median,err_mean,err_median,err_max,support_median,ball_active_rate,bnd_checked,bnd_violations,max_err_over_bound,eval_out_of_range,h14_bnd,h14_rate,health,h14_bnd_reevaluation
0,SQ,50,4000,SN,200,200,0.0,0.014867039231272054,"{""ok"": 200}",0.99,1.0,1.0,0.99,0.2512203390545257,6.191925847781776,0.4371347187482957,0.4372246848807575,0.43811231478155305,0.0,0.0,198,0,0.07060922944308155,0,"{""verdict"": ""no violation"", ""violations"": 0, ""checked"": 27448, ""violating_cells"": []}","{""slopes"": [{""generator"": ""SQ"", ""p_c"": 50, ""slope"": -0.37387744893943003, ""lo"": -0.38204560748021754, ""hi"": -0.3656656886490169, ""intersects"": true}, {""generator"": ""SQ"", ""p_c"": 200, ""slope"": -0.3630240734188334, ""lo"": -0.3700524449828918, ""hi"": -0.35598837640050307, ""intersects"": true}, {""generator"": ""SQ"", ""p_c"": 800, ""slope"": -0.3420416645418425, ""lo"": -0.3479978577657304, ""hi"": -0.3358800925209334, ""intersects"": false}, {""generator"": ""UKL"", ""p_c"": 50, ""slope"": -0.4568061703848367, ""lo"": -0.4652538888003753, ""hi"": -0.44842177415408196, ""intersects"": true}, {""generator"": ""UKL"", ""p_c"": 200, ""slope"": -0.4555670306078159, ""lo"": -0.46316886778399097, ""hi"": -0.447775703849196, ""intersects"": true}, {""generator"": ""UKL"", ""p_c"": 800, ""slope"": -0.46269340659628444, ""lo"": -0.46997582070031146, ""hi"": -0.4555881153024492, ""intersects"": true}, {""generator"": ""BP"", ""p_c"": 50, ""slope"": -0.39263053619822913, ""lo"": -0.40009686121742893, ""hi"": -0.3850923790781503, ""intersects"": true}, {""generator"": ""BP"", ""p_c"": 200, ""slope"": -0.3956786453174106, ""lo"": -0.40234794273824365, ""hi"": -0.3888287183068256, ""intersects"": true}, {""generator"": ""BP"", ""p_c"": 800, ""slope"": -0.3904151304230434, ""lo"": -0.3963248349564689, ""hi"": -0.3845194345684493, ""intersects"": true}, {""generator"": ""BKL"", ""p_c"": 50, ""slope"": -0.2716605165364226, ""lo"": -0.2782109477822056, ""hi"": -0.264790285226348, ""intersects"": false}, {""generator"": ""BKL"", ""p_c"": 200, ""slope"": -0.22858791151984645, ""lo"": -0.23406550695731218, ""hi"": -0.22319437726683475, ""intersects"": false}, {""generator"": ""BKL"", ""p_c"": 800, ""slope"": -0.18599097556953456, ""lo"": -0.19090654823264008, ""hi"": -0.1810761635318152, ""intersects"": false}], ""ratios"": [{""generator"": ""SQ"", ""ratio"": 1.1669286866466106, ""lo"": 1.1555528846250227, ""hi"": 1.1785271747931854, ""below_limit"": true}, {""generator"": ""UKL"", ""ratio"": 1.1783067953267283, ""lo"": 1.1647303012157761, ""hi"": 1.1924567982824075, ""below_limit"": true}, {""generator"": ""BP"", ""ratio"": 1.1621284425783103, ""lo"": 1.1513730346281459, ""hi"": 1.1731592855942279, ""below_limit"": true}, {""generator"": ""BKL"", ""ratio"": 1.1524930865497358, ""lo"": 1.1404872046601389, ""hi"": 1.1642952261699173, ""below_limit"": true}], ""verdict"": ""negative"", ""failed"": [""slope|SQ|p_c=800"", ""slope|BKL|p_c=50"", ""slope|BKL|p_c=200"", ""slope|BKL|p_c=800""], ""incomplete"": []}","{""failures"": {""SQ|SN"": [0, 3000], ""SQ|TH"": [0, 3000], ""SQ|LTH"": [0, 3000], ""UKL|SN"": [0, 3000], ""UKL|TH"": [0, 3000], ""UKL|LTH"": [0, 3000], ""BP|SN"": [0, 3000], ""BP|TH"": [0, 3000], ""BP|LTH"": [0, 3000], ""BKL|SN"": [0, 3000], ""BKL|TH"": [0, 3000], ""BKL|LTH"": [0, 3000]}, ""pvalues"": {""SQ|SN"": 1.0, ""SQ|TH"": 1.0, ""SQ|LTH"": 1.0, ""UKL|SN"": 1.0, ""UKL|TH"": 1.0, ""UKL|LTH"": 1.0, ""BP|SN"": 1.0, ""BP|TH"": 1.0, ""BP|LTH"": 1.0, ""BKL|SN"": 1.0, ""BKL|TH"": 1.0, ""BKL|LTH"": 1.0}, ""rejected"": [], ""verdict"": ""H14-health: no departure from the prediction was detected"", ""bkl_zero_offset"": {""verdict"": ""pass"", ""expected"": 3000, ""replications"": 3000, ""infeasible_start"": 3000, ""mismatches"": [], ""missing"": []}}",[]
0,SQ,50,4000,TH,200,200,0.0,0.014867039231272054,"{""ok"": 200}",1.0,1.0,1.0,1.0,1.9789161558571517,48.77511965058431,0.43719692782355524,0.4372296831336062,0.43811231478155305,0.0,0.0,200,0,0.0088114499688098,0,"{""verdict"": ""no violation"", ""violations"": 0, ""checked"": 27448, ""violating_cells"": []}","{""slopes"": [{""generator"": ""SQ"", ""p_c"": 50, ""slope"": -0.37387744893943003, ""lo"": -0.38204560748021754, ""hi"": -0.3656656886490169, ""intersects"": true}, {""generator"": ""SQ"", ""p_c"": 200, ""slope"": -0.3630240734188334, ""lo"": -0.3700524449828918, ""hi"": -0.35598837640050307, ""intersects"": true}, {""generator"": ""SQ"", ""p_c"": 800, ""slope"": -0.3420416645418425, ""lo"": -0.3479978577657304, ""hi"": -0.3358800925209334, ""intersects"": false}, {""generator"": ""UKL"", ""p_c"": 50, ""slope"": -0.4568061703848367, ""lo"": -0.4652538888003753, ""hi"": -0.44842177415408196, ""intersects"": true}, {""generator"": ""UKL"", ""p_c"": 200, ""slope"": -0.4555670306078159, ""lo"": -0.46316886778399097, ""hi"": -0.447775703849196, ""intersects"": true}, {""generator"": ""UKL"", ""p_c"": 800, ""slope"": -0.46269340659628444, ""lo"": -0.46997582070031146, ""hi"": -0.4555881153024492, ""intersects"": true}, {""generator"": ""BP"", ""p_c"": 50, ""slope"": -0.39263053619822913, ""lo"": -0.40009686121742893, ""hi"": -0.3850923790781503, ""intersects"": true}, {""generator"": ""BP"", ""p_c"": 200, ""slope"": -0.3956786453174106, ""lo"": -0.40234794273824365, ""hi"": -0.3888287183068256, ""intersects"": true}, {""generator"": ""BP"", ""p_c"": 800, ""slope"": -0.3904151304230434, ""lo"": -0.3963248349564689, ""hi"": -0.3845194345684493, ""intersects"": true}, {""generator"": ""BKL"", ""p_c"": 50, ""slope"": -0.2716605165364226, ""lo"": -0.2782109477822056, ""hi"": -0.264790285226348, ""intersects"": false}, {""generator"": ""BKL"", ""p_c"": 200, ""slope"": -0.22858791151984645, ""lo"": -0.23406550695731218, ""hi"": -0.22319437726683475, ""intersects"": false}, {""generator"": ""BKL"", ""p_c"": 800, ""slope"": -0.18599097556953456, ""lo"": -0.19090654823264008, ""hi"": -0.1810761635318152, ""intersects"": false}], ""ratios"": [{""generator"": ""SQ"", ""ratio"": 1.1669286866466106, ""lo"": 1.1555528846250227, ""hi"": 1.1785271747931854, ""below_limit"": true}, {""generator"": ""UKL"", ""ratio"": 1.1783067953267283, ""lo"": 1.1647303012157761, ""hi"": 1.1924567982824075, ""below_limit"": true}, {""generator"": ""BP"", ""ratio"": 1.1621284425783103, ""lo"": 1.1513730346281459, ""hi"": 1.1731592855942279, ""below_limit"": true}, {""generator"": ""BKL"", ""ratio"": 1.1524930865497358, ""lo"": 1.1404872046601389, ""hi"": 1.1642952261699173, ""below_limit"": true}], ""verdict"": ""negative"", ""failed"": [""slope|SQ|p_c=800"", ""slope|BKL|p_c=50"", ""slope|BKL|p_c=200"", ""slope|BKL|p_c=800""], ""incomplete"": []}","{""failures"": {""SQ|SN"": [0, 3000], ""SQ|TH"": [0, 3000], ""SQ|LTH"": [0, 3000], ""UKL|SN"": [0, 3000], ""UKL|TH"": [0, 3000], ""UKL|LTH"": [0, 3000], ""BP|SN"": [0, 3000], ""BP|TH"": [0, 3000], ""BP|LTH"": [0, 3000], ""BKL|SN"": [0, 3000], ""BKL|TH"": [0, 3000], ""BKL|LTH"": [0, 3000]}, ""pvalues"": {""SQ|SN"": 1.0, ""SQ|TH"": 1.0, ""SQ|LTH"": 1.0, ""UKL|SN"": 1.0, ""UKL|TH"": 1.0, ""UKL|LTH"": 1.0, ""BP|SN"": 1.0, ""BP|TH"": 1.0, ""BP|LTH"": 1.0, ""BKL|SN"": 1.0, ""BKL|TH"": 1.0, ""BKL|LTH"": 1.0}, ""rejected"": [], ""verdict"": ""H14-health: no departure from the prediction was detected"", ""bkl_zero_offset"": {""verdict"": ""pass"", ""expected"": 3000, ""replications"": 3000, ""infeasible_start"": 3000, ""mismatches"": [], ""missing"": []}}",[]
0,SQ,50,4000,LTH,200,200,0.0,0.014867039231272054,"{""ok"": 200}",1.0,1.0,1.0,1.0,0.2641311733541094,6.510144224991549,0.43719692782355524,0.4372296831336062,0.43811231478155305,0.0,0.0,200,0,0.06703698420243191,0,"{""verdict"": ""no violation"", ""violations"": 0, ""checked"": 27448, ""violating_cells"": []}","{""slopes"": [{""generator"": ""SQ"", ""p_c"": 50, ""slope"": -0.37387744893943003, ""lo"": -0.38204560748021754, ""hi"": -0.3656656886490169, ""intersects"": true}, {""generator"": ""SQ"", ""p_c"": 200, ""slope"": -0.3630240734188334, ""lo"": -0.3700524449828918, ""hi"": -0.35598837640050307, ""intersects"": true}, {""generator"": ""SQ"", ""p_c"": 800, ""slope"": -0.3420416645418425, ""lo"": -0.3479978577657304, ""hi"": -0.3358800925209334, ""intersects"": false}, {""generator"": ""UKL"", ""p_c"": 50, ""slope"": -0.4568061703848367, ""lo"": -0.4652538888003753, ""hi"": -0.44842177415408196, ""intersects"": true}, {""generator"": ""UKL"", ""p_c"": 200, ""slope"": -0.4555670306078159, ""lo"": -0.46316886778399097, ""hi"": -0.447775703849196, ""intersects"": true}, {""generator"": ""UKL"", ""p_c"": 800, ""slope"": -0.46269340659628444, ""lo"": -0.46997582070031146, ""hi"": -0.4555881153024492, ""intersects"": true}, {""generator"": ""BP"", ""p_c"": 50, ""slope"": -0.39263053619822913, ""lo"": -0.40009686121742893, ""hi"": -0.3850923790781503, ""intersects"": true}, {""generator"": ""BP"", ""p_c"": 200, ""slope"": -0.3956786453174106, ""lo"": -0.40234794273824365, ""hi"": -0.3888287183068256, ""intersects"": true}, {""generator"": ""BP"", ""p_c"": 800, ""slope"": -0.3904151304230434, ""lo"": -0.3963248349564689, ""hi"": -0.3845194345684493, ""intersects"": true}, {""generator"": ""BKL"", ""p_c"": 50, ""slope"": -0.2716605165364226, ""lo"": -0.2782109477822056, ""hi"": -0.264790285226348, ""intersects"": false}, {""generator"": ""BKL"", ""p_c"": 200, ""slope"": -0.22858791151984645, ""lo"": -0.23406550695731218, ""hi"": -0.22319437726683475, ""intersects"": false}, {""generator"": ""BKL"", ""p_c"": 800, ""slope"": -0.18599097556953456, ""lo"": -0.19090654823264008, ""hi"": -0.1810761635318152, ""intersects"": false}], ""ratios"": [{""generator"": ""SQ"", ""ratio"": 1.1669286866466106, ""lo"": 1.1555528846250227, ""hi"": 1.1785271747931854, ""below_limit"": true}, {""generator"": ""UKL"", ""ratio"": 1.1783067953267283, ""lo"": 1.1647303012157761, ""hi"": 1.1924567982824075, ""below_limit"": true}, {""generator"": ""BP"", ""ratio"": 1.1621284425783103, ""lo"": 1.1513730346281459, ""hi"": 1.1731592855942279, ""below_limit"": true}, {""generator"": ""BKL"", ""ratio"": 1.1524930865497358, ""lo"": 1.1404872046601389, ""hi"": 1.1642952261699173, ""below_limit"": true}], ""verdict"": ""negative"", ""failed"": [""slope|SQ|p_c=800"", ""slope|BKL|p_c=50"", ""slope|BKL|p_c=200"", ""slope|BKL|p_c=800""], ""incomplete"": []}","{""failures"": {""SQ|SN"": [0, 3000], ""SQ|TH"": [0, 3000], ""SQ|LTH"": [0, 3000], ""UKL|SN"": [0, 3000], ""UKL|TH"": [0, 3000], ""UKL|LTH"": [0, 3000], ""BP|SN"": [0, 3000], ""BP|TH"": [0, 3000], ""BP|LTH"": [0, 3000], ""BKL|SN"": [0, 3000], ""BKL|TH"": [0, 3000], ""BKL|LTH"": [0, 3000]}, ""pvalues"": {""SQ|SN"": 1.0, ""SQ|TH"": 1.0, ""SQ|LTH"": 1.0, ""UKL|SN"": 1.0, ""UKL|TH"": 1.0, ""UKL|LTH"": 1.0, ""BP|SN"": 1.0, ""BP|TH"": 1.0, ""BP|LTH"": 1.0, ""BKL|SN"": 1.0, ""BKL|TH"": 1.0, ""BKL|LTH"": 1.0}, ""rejected"": [], ""verdict"": ""H14-health: no departure from the prediction was detected"", ""bkl_zero_offset"": {""verdict"": ""pass"", ""expected"": 3000, ""replications"": 3000, ""infeasible_start"": 3000, ""mismatches"": [], ""missing"": []}}",[]
1,SQ,50,8000,SN,200,200,0.0,0.014867039231272054,"{""ok"": 200}",0.99,1.0,1.0,0.99,0.17667484826743957,4.354574011631465,0.42580829679932614,0.431886197314152,0.43803570450796603,1.0,0.0,198,0,0.09953166211408869,0,"{""verdict"": ""no violation"", ""violations"": 0, ""checked"": 27448, ""violating_cells"": []}","{""slopes"": [{""generator"": ""SQ"", ""p_c"": 50, ""slope"": -0.37387744893943003, ""lo"": -0.38204560748021754, ""hi"": -0.3656656886490169, ""intersects"": true}, {""generator"": ""SQ"", ""p_c"": 200, ""slope"": -0.3630240734188334, ""lo"": -0.3700524449828918, ""hi"": -0.35598837640050307, ""intersects"": true}, {""generator"": ""SQ"", ""p_c"": 800, ""slope"": -0.3420416645418425, ""lo"": -0.3479978577657304, ""hi"": -0.3358800925209334, ""intersects"": false}, {""generator"": ""UKL"", ""p_c"": 50, ""slope"": -0.4568061703848367, ""lo"": -0.4652538888003753, ""hi"": -0.44842177415408196, ""intersects"": true}, {""generator"": ""UKL"", ""p_c"": 200, ""slope"": -0.4555670306078159, ""lo"": -0.46316886778399097, ""hi"": -0.447775703849196, ""intersects"": true}, {""generator"": ""UKL"", ""p_c"": 800, ""slope"": -0.46269340659628444, ""lo"": -0.46997582070031146, ""hi"": -0.4555881153024492, ""intersects"": true}, {""generator"": ""BP"", ""p_c"": 50, ""slope"": -0.39263053619822913, ""lo"": -0.40009686121742893, ""hi"": -0.3850923790781503, ""intersects"": true}, {""generator"": ""BP"", ""p_c"": 200, ""slope"": -0.3956786453174106, ""lo"": -0.40234794273824365, ""hi"": -0.3888287183068256, ""intersects"": true}, {""generator"": ""BP"", ""p_c"": 800, ""slope"": -0.3904151304230434, ""lo"": -0.3963248349564689, ""hi"": -0.3845194345684493, ""intersects"": true}, {""generator"": ""BKL"", ""p_c"": 50, ""slope"": -0.2716605165364226, ""lo"": -0.2782109477822056, ""hi"": -0.264790285226348, ""intersects"": false}, {""generator"": ""BKL"", ""p_c"": 200, ""slope"": -0.22858791151984645, ""lo"": -0.23406550695731218, ""hi"": -0.22319437726683475, ""intersects"": false}, {""generator"": ""BKL"", ""p_c"": 800, ""slope"": -0.18599097556953456, ""lo"": -0.19090654823264008, ""hi"": -0.1810761635318152, ""intersects"": false}], ""ratios"": [{""generator"": ""SQ"", ""ratio"": 1.1669286866466106, ""lo"": 1.1555528846250227, ""hi"": 1.1785271747931854, ""below_limit"": true}, {""generator"": ""UKL"", ""ratio"": 1.1783067953267283, ""lo"": 1.1647303012157761, ""hi"": 1.1924567982824075, ""below_limit"": true}, {""generator"": ""BP"", ""ratio"": 1.1621284425783103, ""lo"": 1.1513730346281459, ""hi"": 1.1731592855942279, ""below_limit"": true}, {""generator"": ""BKL"", ""ratio"": 1.1524930865497358, ""lo"": 1.1404872046601389, ""hi"": 1.1642952261699173, ""below_limit"": true}], ""verdict"": ""negative"", ""failed"": [""slope|SQ|p_c=800"", ""slope|BKL|p_c=50"", ""slope|BKL|p_c=200"", ""slope|BKL|p_c=800""], ""incomplete"": []}","{""failures"": {""SQ|SN"": [0, 3000], ""SQ|TH"": [0, 3000], ""SQ|LTH"": [0, 3000], ""UKL|SN"": [0, 3000], ""UKL|TH"": [0, 3000], ""UKL|LTH"": [0, 3000], ""BP|SN"": [0, 3000], ""BP|TH"": [0, 3000], ""BP|LTH"": [0, 3000], ""BKL|SN"": [0, 3000], ""BKL|TH"": [0, 3000], ""BKL|LTH"": [0, 3000]}, ""pvalues"": {""SQ|SN"": 1.0, ""SQ|TH"": 1.0, ""SQ|LTH"": 1.0, ""UKL|SN"": 1.0, ""UKL|TH"": 1.0, ""UKL|LTH"": 1.0, ""BP|SN"": 1.0, ""BP|TH"": 1.0, ""BP|LTH"": 1.0, ""BKL|SN"": 1.0, ""BKL|TH"": 1.0, ""BKL|LTH"": 1.0}, ""rejected"": [], ""verdict"": ""H14-health: no departure from the prediction was detected"", ""bkl_zero_offset"": {""verdict"": ""pass"", ""expected"": 3000, ""replications"": 3000, ""infeasible_start"": 3000, ""mismatches"": [], ""missing"": []}}",[]
1,SQ,50,8000,TH,200,200,0.0,0.014867039231272054,"{""ok"": 200}",1.0,1.0,1.0,1.0,1.399305033206207,34.4892178581134,0.43719692782355524,0.4372296831336062,0.43811231478155305,0.0,0.0,200,0,0.012461272050062804,0,"{""verdict"": ""no violation"", ""violations"": 0, ""checked"": 27448, ""violating_cells"": []}","{""slopes"": [{""generator"": ""SQ"", ""p_c"": 50, ""slope"": -0.37387744893943003, ""lo"": -0.38204560748021754, ""hi"": -0.3656656886490169, ""intersects"": true}, {""generator"": ""SQ"", ""p_c"": 200, ""slope"": -0.3630240734188334, ""lo"": -0.3700524449828918, ""hi"": -0.35598837640050307, ""intersects"": true}, {""generator"": ""SQ"", ""p_c"": 800, ""slope"": -0.3420416645418425, ""lo"": -0.3479978577657304, ""hi"": -0.3358800925209334, ""intersects"": false}, {""generator"": ""UKL"", ""p_c"": 50, ""slope"": -0.4568061703848367, ""lo"": -0.4652538888003753, ""hi"": -0.44842177415408196, ""intersects"": true}, {""generator"": ""UKL"", ""p_c"": 200, ""slope"": -0.4555670306078159, ""lo"": -0.46316886778399097, ""hi"": -0.447775703849196, ""intersects"": true}, {""generator"": ""UKL"", ""p_c"": 800, ""slope"": -0.46269340659628444, ""lo"": -0.46997582070031146, ""hi"": -0.4555881153024492, ""intersects"": true}, {""generator"": ""BP"", ""p_c"": 50, ""slope"": -0.39263053619822913, ""lo"": -0.40009686121742893, ""hi"": -0.3850923790781503, ""intersects"": true}, {""generator"": ""BP"", ""p_c"": 200, ""slope"": -0.3956786453174106, ""lo"": -0.40234794273824365, ""hi"": -0.3888287183068256, ""intersects"": true}, {""generator"": ""BP"", ""p_c"": 800, ""slope"": -0.3904151304230434, ""lo"": -0.3963248349564689, ""hi"": -0.3845194345684493, ""intersects"": true}, {""generator"": ""BKL"", ""p_c"": 50, ""slope"": -0.2716605165364226, ""lo"": -0.2782109477822056, ""hi"": -0.264790285226348, ""intersects"": false}, {""generator"": ""BKL"", ""p_c"": 200, ""slope"": -0.22858791151984645, ""lo"": -0.23406550695731218, ""hi"": -0.22319437726683475, ""intersects"": false}, {""generator"": ""BKL"", ""p_c"": 800, ""slope"": -0.18599097556953456, ""lo"": -0.19090654823264008, ""hi"": -0.1810761635318152, ""intersects"": false}], ""ratios"": [{""generator"": ""SQ"", ""ratio"": 1.1669286866466106, ""lo"": 1.1555528846250227, ""hi"": 1.1785271747931854, ""below_limit"": true}, {""generator"": ""UKL"", ""ratio"": 1.1783067953267283, ""lo"": 1.1647303012157761, ""hi"": 1.1924567982824075, ""below_limit"": true}, {""generator"": ""BP"", ""ratio"": 1.1621284425783103, ""lo"": 1.1513730346281459, ""hi"": 1.1731592855942279, ""below_limit"": true}, {""generator"": ""BKL"", ""ratio"": 1.1524930865497358, ""lo"": 1.1404872046601389, ""hi"": 1.1642952261699173, ""below_limit"": true}], ""verdict"": ""negative"", ""failed"": [""slope|SQ|p_c=800"", ""slope|BKL|p_c=50"", ""slope|BKL|p_c=200"", ""slope|BKL|p_c=800""], ""incomplete"": []}","{""failures"": {""SQ|SN"": [0, 3000], ""SQ|TH"": [0, 3000], ""SQ|LTH"": [0, 3000], ""UKL|SN"": [0, 3000], ""UKL|TH"": [0, 3000], ""UKL|LTH"": [0, 3000], ""BP|SN"": [0, 3000], ""BP|TH"": [0, 3000], ""BP|LTH"": [0, 3000], ""BKL|SN"": [0, 3000], ""BKL|TH"": [0, 3000], ""BKL|LTH"": [0, 3000]}, ""pvalues"": {""SQ|SN"": 1.0, ""SQ|TH"": 1.0, ""SQ|LTH"": 1.0, ""UKL|SN"": 1.0, ""UKL|TH"": 1.0, ""UKL|LTH"": 1.0, ""BP|SN"": 1.0, ""BP|TH"": 1.0, ""BP|LTH"": 1.0, ""BKL|SN"": 1.0, ""BKL|TH"": 1.0, ""BKL|LTH"": 1.0}, ""rejected"": [], ""verdict"": ""H14-health: no departure from the prediction was detected"", ""bkl_zero_offset"": {""verdict"": ""pass"", ""expected"": 3000, ""replications"": 3000, ""infeasible_start"": 3000, ""mismatches"": [], ""missing"": []}}",[]
1,SQ,50,8000,LTH,200,200,0.0,0.014867039231272054,"{""ok"": 200}",0.995,1.0,1.0,0.995,0.18586842035228304,4.581171574710272,0.430685782538592,0.436911909320294,0.43811231478155305,0.0,0.0,199,0,0.0947495783535871,0,"{""verdict"": ""no violation"", ""violations"": 0, ""checked"": 27448, ""violating_cells"": []}","{""slopes"": [{""generator"": ""SQ"", ""p_c"": 50, ""slope"": -0.37387744893943003, ""lo"": -0.38204560748021754, ""hi"": -0.3656656886490169, ""intersects"": true}, {""generator"": ""SQ"", ""p_c"": 200, ""slope"": -0.3630240734188334, ""lo"": -0.3700524449828918, ""hi"": -0.35598837640050307, ""intersects"": true}, {""generator"": ""SQ"", ""p_c"": 800, ""slope"": -0.3420416645418425, ""lo"": -0.3479978577657304, ""hi"": -0.3358800925209334, ""intersects"": false}, {""generator"": ""UKL"", ""p_c"": 50, ""slope"": -0.4568061703848367, ""lo"": -0.4652538888003753, ""hi"": -0.44842177415408196, ""intersects"": true}, {""generator"": ""UKL"", ""p_c"": 200, ""slope"": -0.4555670306078159, ""lo"": -0.46316886778399097, ""hi"": -0.447775703849196, ""intersects"": true}, {""generator"": ""UKL"", ""p_c"": 800, ""slope"": -0.46269340659628444, ""lo"": -0.46997582070031146, ""hi"": -0.4555881153024492, ""intersects"": true}, {""generator"": ""BP"", ""p_c"": 50, ""slope"": -0.39263053619822913, ""lo"": -0.40009686121742893, ""hi"": -0.3850923790781503, ""intersects"": true}, {""generator"": ""BP"", ""p_c"": 200, ""slope"": -0.3956786453174106, ""lo"": -0.40234794273824365, ""hi"": -0.3888287183068256, ""intersects"": true}, {""generator"": ""BP"", ""p_c"": 800, ""slope"": -0.3904151304230434, ""lo"": -0.3963248349564689, ""hi"": -0.3845194345684493, ""intersects"": true}, {""generator"": ""BKL"", ""p_c"": 50, ""slope"": -0.2716605165364226, ""lo"": -0.2782109477822056, ""hi"": -0.264790285226348, ""intersects"": false}, {""generator"": ""BKL"", ""p_c"": 200, ""slope"": -0.22858791151984645, ""lo"": -0.23406550695731218, ""hi"": -0.22319437726683475, ""intersects"": false}, {""generator"": ""BKL"", ""p_c"": 800, ""slope"": -0.18599097556953456, ""lo"": -0.19090654823264008, ""hi"": -0.1810761635318152, ""intersects"": false}], ""ratios"": [{""generator"": ""SQ"", ""ratio"": 1.1669286866466106, ""lo"": 1.1555528846250227, ""hi"": 1.1785271747931854, ""below_limit"": true}, {""generator"": ""UKL"", ""ratio"": 1.1783067953267283, ""lo"": 1.1647303012157761, ""hi"": 1.1924567982824075, ""below_limit"": true}, {""generator"": ""BP"", ""ratio"": 1.1621284425783103, ""lo"": 1.1513730346281459, ""hi"": 1.1731592855942279, ""below_limit"": true}, {""generator"": ""BKL"", ""ratio"": 1.1524930865497358, ""lo"": 1.1404872046601389, ""hi"": 1.1642952261699173, ""below_limit"": true}], ""verdict"": ""negative"", ""failed"": [""slope|SQ|p_c=800"", ""slope|BKL|p_c=50"", ""slope|BKL|p_c=200"", ""slope|BKL|p_c=800""], ""incomplete"": []}","{""failures"": {""SQ|SN"": [0, 3000], ""SQ|TH"": [0, 3000], ""SQ|LTH"": [0, 3000], ""UKL|SN"": [0, 3000], ""UKL|TH"": [0, 3000], ""UKL|LTH"": [0, 3000], ""BP|SN"": [0, 3000], ""BP|TH"": [0, 3000], ""BP|LTH"": [0, 3000], ""BKL|SN"": [0, 3000], ""BKL|TH"": [0, 3000], ""BKL|LTH"": [0, 3000]}, ""pvalues"": {""SQ|SN"": 1.0, ""SQ|TH"": 1.0, ""SQ|LTH"": 1.0, ""UKL|SN"": 1.0, ""UKL|TH"": 1.0, ""UKL|LTH"": 1.0, ""BP|SN"": 1.0, ""BP|TH"": 1.0, ""BP|LTH"": 1.0, ""BKL|SN"": 1.0, ""BKL|TH"": 1.0, ""BKL|LTH"": 1.0}, ""rejected"": [], ""verdict"": ""H14-health: no departure from the prediction was detected"", ""bkl_zero_offset"": {""verdict"": ""pass"", ""expected"": 3000, ""replications"": 3000, ""infeasible_start"": 3000, ""mismatches"": [], ""missing"": []}}",[]
2,SQ,50,16000,SN,200,200,0.0,0.014867039231272054,"{""ok"": 200}",0.995,1.0,1.0,0.995,0.12445385655370567,3.0674628262632826,0.3663547768008202,0.36606323553424003,0.4191420115839466,2.0,0.0,199,0,0.13397398845670544,0,"{""verdict"": ""no violation"", ""violations"": 0, ""checked"": 27448, ""violating_cells"": []}","{""slopes"": [{""generator"": ""SQ"", ""p_c"": 50, ""slope"": -0.37387744893943003, ""lo"": -0.38204560748021754, ""hi"": -0.3656656886490169, ""intersects"": true}, {""generator"": ""SQ"", ""p_c"": 200, ""slope"": -0.3630240734188334, ""lo"": -0.3700524449828918, ""hi"": -0.35598837640050307, ""intersects"": true}, {""generator"": ""SQ"", ""p_c"": 800, ""slope"": -0.3420416645418425, ""lo"": -0.3479978577657304, ""hi"": -0.3358800925209334, ""intersects"": false}, {""generator"": ""UKL"", ""p_c"": 50, ""slope"": -0.4568061703848367, ""lo"": -0.4652538888003753, ""hi"": -0.44842177415408196, ""intersects"": true}, {""generator"": ""UKL"", ""p_c"": 200, ""slope"": -0.4555670306078159, ""lo"": -0.46316886778399097, ""hi"": -0.447775703849196, ""intersects"": true}, {""generator"": ""UKL"", ""p_c"": 800, ""slope"": -0.46269340659628444, ""lo"": -0.46997582070031146, ""hi"": -0.4555881153024492, ""intersects"": true}, {""generator"": ""BP"", ""p_c"": 50, ""slope"": -0.39263053619822913, ""lo"": -0.40009686121742893, ""hi"": -0.3850923790781503, ""intersects"": true}, {""generator"": ""BP"", ""p_c"": 200, ""slope"": -0.3956786453174106, ""lo"": -0.40234794273824365, ""hi"": -0.3888287183068256, ""intersects"": true}, {""generator"": ""BP"", ""p_c"": 800, ""slope"": -0.3904151304230434, ""lo"": -0.3963248349564689, ""hi"": -0.3845194345684493, ""intersects"": true}, {""generator"": ""BKL"", ""p_c"": 50, ""slope"": -0.2716605165364226, ""lo"": -0.2782109477822056, ""hi"": -0.264790285226348, ""intersects"": false}, {""generator"": ""BKL"", ""p_c"": 200, ""slope"": -0.22858791151984645, ""lo"": -0.23406550695731218, ""hi"": -0.22319437726683475, ""intersects"": false}, {""generator"": ""BKL"", ""p_c"": 800, ""slope"": -0.18599097556953456, ""lo"": -0.19090654823264008, ""hi"": -0.1810761635318152, ""intersects"": false}], ""ratios"": [{""generator"": ""SQ"", ""ratio"": 1.1669286866466106, ""lo"": 1.1555528846250227, ""hi"": 1.1785271747931854, ""below_limit"": true}, {""generator"": ""UKL"", ""ratio"": 1.1783067953267283, ""lo"": 1.1647303012157761, ""hi"": 1.1924567982824075, ""below_limit"": true}, {""generator"": ""BP"", ""ratio"": 1.1621284425783103, ""lo"": 1.1513730346281459, ""hi"": 1.1731592855942279, ""below_limit"": true}, {""generator"": ""BKL"", ""ratio"": 1.1524930865497358, ""lo"": 1.1404872046601389, ""hi"": 1.1642952261699173, ""below_limit"": true}], ""verdict"": ""negative"", ""failed"": [""slope|SQ|p_c=800"", ""slope|BKL|p_c=50"", ""slope|BKL|p_c=200"", ""slope|BKL|p_c=800""], ""incomplete"": []}","{""failures"": {""SQ|SN"": [0, 3000], ""SQ|TH"": [0, 3000], ""SQ|LTH"": [0, 3000], ""UKL|SN"": [0, 3000], ""UKL|TH"": [0, 3000], ""UKL|LTH"": [0, 3000], ""BP|SN"": [0, 3000], ""BP|TH"": [0, 3000], ""BP|LTH"": [0, 3000], ""BKL|SN"": [0, 3000], ""BKL|TH"": [0, 3000], ""BKL|LTH"": [0, 3000]}, ""pvalues"": {""SQ|SN"": 1.0, ""SQ|TH"": 1.0, ""SQ|LTH"": 1.0, ""UKL|SN"": 1.0, ""UKL|TH"": 1.0, ""UKL|LTH"": 1.0, ""BP|SN"": 1.0, ""BP|TH"": 1.0, ""BP|LTH"": 1.0, ""BKL|SN"": 1.0, ""BKL|TH"": 1.0, ""BKL|LTH"": 1.0}, ""rejected"": [], ""verdict"": ""H14-health: no departure from the prediction was detected"", ""bkl_zero_offset"": {""verdict"": ""pass"", ""expected"": 3000, ""replications"": 3000, ""infeasible_start"": 3000, ""mismatches"": [], ""missing"": []}}",[]
2,SQ,50,16000,TH,200,200,0.0,0.014867039231272054,"{""ok"": 200}",1.0,1.0,1.0,1.0,0.9894580779285759,24.387559825292154,0.43719692782355524,0.4372296831336062,0.43811231478155305,0.0,0.0,200,0,0.0176228999376196,0,"{""verdict"": ""no violation"", ""violations"": 0, ""checked"": 27448, ""violating_cells"": []}","{""slopes"": [{""generator"": ""SQ"", ""p_c"": 50, ""slope"": -0.37387744893943003, ""lo"": -0.38204560748021754, ""hi"": -0.3656656886490169, ""intersects"": true}, {""generator"": ""SQ"", ""p_c"": 200, ""slope"": -0.3630240734188334, ""lo"": -0.3700524449828918, ""hi"": -0.35598837640050307, ""intersects"": true}, {""generator"": ""SQ"", ""p_c"": 800, ""slope"": -0.3420416645418425, ""lo"": -0.3479978577657304, ""hi"": -0.3358800925209334, ""intersects"": false}, {""generator"": ""UKL"", ""p_c"": 50, ""slope"": -0.4568061703848367, ""lo"": -0.4652538888003753, ""hi"": -0.44842177415408196, ""intersects"": true}, {""generator"": ""UKL"", ""p_c"": 200, ""slope"": -0.4555670306078159, ""lo"": -0.46316886778399097, ""hi"": -0.447775703849196, ""intersects"": true}, {""generator"": ""UKL"", ""p_c"": 800, ""slope"": -0.46269340659628444, ""lo"": -0.46997582070031146, ""hi"": -0.4555881153024492, ""intersects"": true}, {""generator"": ""BP"", ""p_c"": 50, ""slope"": -0.39263053619822913, ""lo"": -0.40009686121742893, ""hi"": -0.3850923790781503, ""intersects"": true}, {""generator"": ""BP"", ""p_c"": 200, ""slope"": -0.3956786453174106, ""lo"": -0.40234794273824365, ""hi"": -0.3888287183068256, ""intersects"": true}, {""generator"": ""BP"", ""p_c"": 800, ""slope"": -0.3904151304230434, ""lo"": -0.3963248349564689, ""hi"": -0.3845194345684493, ""intersects"": true}, {""generator"": ""BKL"", ""p_c"": 50, ""slope"": -0.2716605165364226, ""lo"": -0.2782109477822056, ""hi"": -0.264790285226348, ""intersects"": false}, {""generator"": ""BKL"", ""p_c"": 200, ""slope"": -0.22858791151984645, ""lo"": -0.23406550695731218, ""hi"": -0.22319437726683475, ""intersects"": false}, {""generator"": ""BKL"", ""p_c"": 800, ""slope"": -0.18599097556953456, ""lo"": -0.19090654823264008, ""hi"": -0.1810761635318152, ""intersects"": false}], ""ratios"": [{""generator"": ""SQ"", ""ratio"": 1.1669286866466106, ""lo"": 1.1555528846250227, ""hi"": 1.1785271747931854, ""below_limit"": true}, {""generator"": ""UKL"", ""ratio"": 1.1783067953267283, ""lo"": 1.1647303012157761, ""hi"": 1.1924567982824075, ""below_limit"": true}, {""generator"": ""BP"", ""ratio"": 1.1621284425783103, ""lo"": 1.1513730346281459, ""hi"": 1.1731592855942279, ""below_limit"": true}, {""generator"": ""BKL"", ""ratio"": 1.1524930865497358, ""lo"": 1.1404872046601389, ""hi"": 1.1642952261699173, ""below_limit"": true}], ""verdict"": ""negative"", ""failed"": [""slope|SQ|p_c=800"", ""slope|BKL|p_c=50"", ""slope|BKL|p_c=200"", ""slope|BKL|p_c=800""], ""incomplete"": []}","{""failures"": {""SQ|SN"": [0, 3000], ""SQ|TH"": [0, 3000], ""SQ|LTH"": [0, 3000], ""UKL|SN"": [0, 3000], ""UKL|TH"": [0, 3000], ""UKL|LTH"": [0, 3000], ""BP|SN"": [0, 3000], ""BP|TH"": [0, 3000], ""BP|LTH"": [0, 3000], ""BKL|SN"": [0, 3000], ""BKL|TH"": [0, 3000], ""BKL|LTH"": [0, 3000]}, ""pvalues"": {""SQ|SN"": 1.0, ""SQ|TH"": 1.0, ""SQ|LTH"": 1.0, ""UKL|SN"": 1.0, ""UKL|TH"": 1.0, ""UKL|LTH"": 1.0, ""BP|SN"": 1.0, ""BP|TH"": 1.0, ""BP|LTH"": 1.0, ""BKL|SN"": 1.0, ""BKL|TH"": 1.0, ""BKL|LTH"": 1.0}, ""rejected"": [], ""verdict"": ""H14-health: no departure from the prediction was detected"", ""bkl_zero_offset"": {""verdict"": ""pass"", ""expected"": 3000, ""replications"": 3000, ""infeasible_start"": 3000, ""mismatches"": [], ""missing"": []}}",[]
2,SQ,50,16000,LTH,200,200,0.0,0.014867039231272054,"{""ok"": 200}",1.0,1.0,1.0,1.0,0.13054947955798601,3.2177040279931504,0.37733013713777086,0.37772228454862206,0.42642103057594877,2.0,0.0,200,0,0.12973966490707634,0,"{""verdict"": ""no violation"", ""violations"": 0, ""checked"": 27448, ""violating_cells"": []}","{""slopes"": [{""generator"": ""SQ"", ""p_c"": 50, ""slope"": -0.37387744893943003, ""lo"": -0.38204560748021754, ""hi"": -0.3656656886490169, ""intersects"": true}, {""generator"": ""SQ"", ""p_c"": 200, ""slope"": -0.3630240734188334, ""lo"": -0.3700524449828918, ""hi"": -0.35598837640050307, ""intersects"": true}, {""generator"": ""SQ"", ""p_c"": 800, ""slope"": -0.3420416645418425, ""lo"": -0.3479978577657304, ""hi"": -0.3358800925209334, ""intersects"": false}, {""generator"": ""UKL"", ""p_c"": 50, ""slope"": -0.4568061703848367, ""lo"": -0.4652538888003753, ""hi"": -0.44842177415408196, ""intersects"": true}, {""generator"": ""UKL"", ""p_c"": 200, ""slope"": -0.4555670306078159, ""lo"": -0.46316886778399097, ""hi"": -0.447775703849196, ""intersects"": true}, {""generator"": ""UKL"", ""p_c"": 800, ""slope"": -0.46269340659628444, ""lo"": -0.46997582070031146, ""hi"": -0.4555881153024492, ""intersects"": true}, {""generator"": ""BP"", ""p_c"": 50, ""slope"": -0.39263053619822913, ""lo"": -0.40009686121742893, ""hi"": -0.3850923790781503, ""intersects"": true}, {""generator"": ""BP"", ""p_c"": 200, ""slope"": -0.3956786453174106, ""lo"": -0.40234794273824365, ""hi"": -0.3888287183068256, ""intersects"": true}, {""generator"": ""BP"", ""p_c"": 800, ""slope"": -0.3904151304230434, ""lo"": -0.3963248349564689, ""hi"": -0.3845194345684493, ""intersects"": true}, {""generator"": ""BKL"", ""p_c"": 50, ""slope"": -0.2716605165364226, ""lo"": -0.2782109477822056, ""hi"": -0.264790285226348, ""intersects"": false}, {""generator"": ""BKL"", ""p_c"": 200, ""slope"": -0.22858791151984645, ""lo"": -0.23406550695731218, ""hi"": -0.22319437726683475, ""intersects"": false}, {""generator"": ""BKL"", ""p_c"": 800, ""slope"": -0.18599097556953456, ""lo"": -0.19090654823264008, ""hi"": -0.1810761635318152, ""intersects"": false}], ""ratios"": [{""generator"": ""SQ"", ""ratio"": 1.1669286866466106, ""lo"": 1.1555528846250227, ""hi"": 1.1785271747931854, ""below_limit"": true}, {""generator"": ""UKL"", ""ratio"": 1.1783067953267283, ""lo"": 1.1647303012157761, ""hi"": 1.1924567982824075, ""below_limit"": true}, {""generator"": ""BP"", ""ratio"": 1.1621284425783103, ""lo"": 1.1513730346281459, ""hi"": 1.1731592855942279, ""below_limit"": true}, {""generator"": ""BKL"", ""ratio"": 1.1524930865497358, ""lo"": 1.1404872046601389, ""hi"": 1.1642952261699173, ""below_limit"": true}], ""verdict"": ""negative"", ""failed"": [""slope|SQ|p_c=800"", ""slope|BKL|p_c=50"", ""slope|BKL|p_c=200"", ""slope|BKL|p_c=800""], ""incomplete"": []}","{""failures"": {""SQ|SN"": [0, 3000], ""SQ|TH"": [0, 3000], ""SQ|LTH"": [0, 3000], ""UKL|SN"": [0, 3000], ""UKL|TH"": [0, 3000], ""UKL|LTH"": [0, 3000], ""BP|SN"": [0, 3000], ""BP|TH"": [0, 3000], ""BP|LTH"": [0, 3000], ""BKL|SN"": [0, 3000], ""BKL|TH"": [0, 3000], ""BKL|LTH"": [0, 3000]}, ""pvalues"": {""SQ|SN"": 1.0, ""SQ|TH"": 1.0, ""SQ|LTH"": 1.0, ""UKL|SN"": 1.0, ""UKL|TH"": 1.0, ""UKL|LTH"": 1.0, ""BP|SN"": 1.0, ""BP|TH"": 1.0, ""BP|LTH"": 1.0, ""BKL|SN"": 1.0, ""BKL|TH"": 1.0, ""BKL|LTH"": 1.0}, ""rejected"": [], ""verdict"": ""H14-health: no departure from the prediction was detected"", ""bkl_zero_offset"": {""verdict"": ""pass"", ""expected"": 3000, ""replications"": 3000, ""infeasible_start"": 3000, ""mismatches"": [], ""missing"": []}}",[]
3,SQ,50,32000,SN,200,200,0.0,0.014867039231272054,"{""ok"": 200}",0.985,1.0,1.0,0.985,0.0877596189734334,2.163045616283245,0.28804566077945043,0.2883032296236647,0.335129905725831,3.0,0.0,197,0,0.15040124673594776,0,"{""verdict"": ""no violation"", ""violations"": 0, ""checked"": 27448, ""violating_cells"": []}","{""slopes"": [{""generator"": ""SQ"", ""p_c"": 50, ""slope"": -0.37387744893943003, ""lo"": -0.38204560748021754, ""hi"": -0.3656656886490169, ""intersects"": true}, {""generator"": ""SQ"", ""p_c"": 200, ""slope"": -0.3630240734188334, ""lo"": -0.3700524449828918, ""hi"": -0.35598837640050307, ""intersects"": true}, {""generator"": ""SQ"", ""p_c"": 800, ""slope"": -0.3420416645418425, ""lo"": -0.3479978577657304, ""hi"": -0.3358800925209334, ""intersects"": false}, {""generator"": ""UKL"", ""p_c"": 50, ""slope"": -0.4568061703848367, ""lo"": -0.4652538888003753, ""hi"": -0.44842177415408196, ""intersects"": true}, {""generator"": ""UKL"", ""p_c"": 200, ""slope"": -0.4555670306078159, ""lo"": -0.46316886778399097, ""hi"": -0.447775703849196, ""intersects"": true}, {""generator"": ""UKL"", ""p_c"": 800, ""slope"": -0.46269340659628444, ""lo"": -0.46997582070031146, ""hi"": -0.4555881153024492, ""intersects"": true}, {""generator"": ""BP"", ""p_c"": 50, ""slope"": -0.39263053619822913, ""lo"": -0.40009686121742893, ""hi"": -0.3850923790781503, ""intersects"": true}, {""generator"": ""BP"", ""p_c"": 200, ""slope"": -0.3956786453174106, ""lo"": -0.40234794273824365, ""hi"": -0.3888287183068256, ""intersects"": true}, {""generator"": ""BP"", ""p_c"": 800, ""slope"": -0.3904151304230434, ""lo"": -0.3963248349564689, ""hi"": -0.3845194345684493, ""intersects"": true}, {""generator"": ""BKL"", ""p_c"": 50, ""slope"": -0.2716605165364226, ""lo"": -0.2782109477822056, ""hi"": -0.264790285226348, ""intersects"": false}, {""generator"": ""BKL"", ""p_c"": 200, ""slope"": -0.22858791151984645, ""lo"": -0.23406550695731218, ""hi"": -0.22319437726683475, ""intersects"": false}, {""generator"": ""BKL"", ""p_c"": 800, ""slope"": -0.18599097556953456, ""lo"": -0.19090654823264008, ""hi"": -0.1810761635318152, ""intersects"": false}], ""ratios"": [{""generator"": ""SQ"", ""ratio"": 1.1669286866466106, ""lo"": 1.1555528846250227, ""hi"": 1.1785271747931854, ""below_limit"": true}, {""generator"": ""UKL"", ""ratio"": 1.1783067953267283, ""lo"": 1.1647303012157761, ""hi"": 1.1924567982824075, ""below_limit"": true}, {""generator"": ""BP"", ""ratio"": 1.1621284425783103, ""lo"": 1.1513730346281459, ""hi"": 1.1731592855942279, ""below_limit"": true}, {""generator"": ""BKL"", ""ratio"": 1.1524930865497358, ""lo"": 1.1404872046601389, ""hi"": 1.1642952261699173, ""below_limit"": true}], ""verdict"": ""negative"", ""failed"": [""slope|SQ|p_c=800"", ""slope|BKL|p_c=50"", ""slope|BKL|p_c=200"", ""slope|BKL|p_c=800""], ""incomplete"": []}","{""failures"": {""SQ|SN"": [0, 3000], ""SQ|TH"": [0, 3000], ""SQ|LTH"": [0, 3000], ""UKL|SN"": [0, 3000], ""UKL|TH"": [0, 3000], ""UKL|LTH"": [0, 3000], ""BP|SN"": [0, 3000], ""BP|TH"": [0, 3000], ""BP|LTH"": [0, 3000], ""BKL|SN"": [0, 3000], ""BKL|TH"": [0, 3000], ""BKL|LTH"": [0, 3000]}, ""pvalues"": {""SQ|SN"": 1.0, ""SQ|TH"": 1.0, ""SQ|LTH"": 1.0, ""UKL|SN"": 1.0, ""UKL|TH"": 1.0, ""UKL|LTH"": 1.0, ""BP|SN"": 1.0, ""BP|TH"": 1.0, ""BP|LTH"": 1.0, ""BKL|SN"": 1.0, ""BKL|TH"": 1.0, ""BKL|LTH"": 1.0}, ""rejected"": [], ""verdict"": ""H14-health: no departure from the prediction was detected"", ""bkl_zero_offset"": {""verdict"": ""pass"", ""expected"": 3000, ""replications"": 3000, ""infeasible_start"": 3000, ""mismatches"": [], ""missing"": []}}",[]
3,SQ,50,32000,TH,200,200,0.0,0.014867039231272054,"{""ok"": 200}",1.0,1.0,1.0,1.0,0.6996525166031035,17.2446089290567,0.43719692782355524,0.4372296831336062,0.43811231478155305,0.0,0.0,200,0,0.024922544100125607,0,"{""verdict"": ""no violation"", ""violations"": 0, ""checked"": 27448, ""violating_cells"": []}","{""slopes"": [{""generator"": ""SQ"", ""p_c"": 50, ""slope"": -0.37387744893943003, ""lo"": -0.38204560748021754, ""hi"": -0.3656656886490169, ""intersects"": true}, {""generator"": ""SQ"", ""p_c"": 200, ""slope"": -0.3630240734188334, ""lo"": -0.3700524449828918, ""hi"": -0.35598837640050307, ""intersects"": true}, {""generator"": ""SQ"", ""p_c"": 800, ""slope"": -0.3420416645418425, ""lo"": -0.3479978577657304, ""hi"": -0.3358800925209334, ""intersects"": false}, {""generator"": ""UKL"", ""p_c"": 50, ""slope"": -0.4568061703848367, ""lo"": -0.4652538888003753, ""hi"": -0.44842177415408196, ""intersects"": true}, {""generator"": ""UKL"", ""p_c"": 200, ""slope"": -0.4555670306078159, ""lo"": -0.46316886778399097, ""hi"": -0.447775703849196, ""intersects"": true}, {""generator"": ""UKL"", ""p_c"": 800, ""slope"": -0.46269340659628444, ""lo"": -0.46997582070031146, ""hi"": -0.4555881153024492, ""intersects"": true}, {""generator"": ""BP"", ""p_c"": 50, ""slope"": -0.39263053619822913, ""lo"": -0.40009686121742893, ""hi"": -0.3850923790781503, ""intersects"": true}, {""generator"": ""BP"", ""p_c"": 200, ""slope"": -0.3956786453174106, ""lo"": -0.40234794273824365, ""hi"": -0.3888287183068256, ""intersects"": true}, {""generator"": ""BP"", ""p_c"": 800, ""slope"": -0.3904151304230434, ""lo"": -0.3963248349564689, ""hi"": -0.3845194345684493, ""intersects"": true}, {""generator"": ""BKL"", ""p_c"": 50, ""slope"": -0.2716605165364226, ""lo"": -0.2782109477822056, ""hi"": -0.264790285226348, ""intersects"": false}, {""generator"": ""BKL"", ""p_c"": 200, ""slope"": -0.22858791151984645, ""lo"": -0.23406550695731218, ""hi"": -0.22319437726683475, ""intersects"": false}, {""generator"": ""BKL"", ""p_c"": 800, ""slope"": -0.18599097556953456, ""lo"": -0.19090654823264008, ""hi"": -0.1810761635318152, ""intersects"": false}], ""ratios"": [{""generator"": ""SQ"", ""ratio"": 1.1669286866466106, ""lo"": 1.1555528846250227, ""hi"": 1.1785271747931854, ""below_limit"": true}, {""generator"": ""UKL"", ""ratio"": 1.1783067953267283, ""lo"": 1.1647303012157761, ""hi"": 1.1924567982824075, ""below_limit"": true}, {""generator"": ""BP"", ""ratio"": 1.1621284425783103, ""lo"": 1.1513730346281459, ""hi"": 1.1731592855942279, ""below_limit"": true}, {""generator"": ""BKL"", ""ratio"": 1.1524930865497358, ""lo"": 1.1404872046601389, ""hi"": 1.1642952261699173, ""below_limit"": true}], ""verdict"": ""negative"", ""failed"": [""slope|SQ|p_c=800"", ""slope|BKL|p_c=50"", ""slope|BKL|p_c=200"", ""slope|BKL|p_c=800""], ""incomplete"": []}","{""failures"": {""SQ|SN"": [0, 3000], ""SQ|TH"": [0, 3000], ""SQ|LTH"": [0, 3000], ""UKL|SN"": [0, 3000], ""UKL|TH"": [0, 3000], ""UKL|LTH"": [0, 3000], ""BP|SN"": [0, 3000], ""BP|TH"": [0, 3000], ""BP|LTH"": [0, 3000], ""BKL|SN"": [0, 3000], ""BKL|TH"": [0, 3000], ""BKL|LTH"": [0, 3000]}, ""pvalues"": {""SQ|SN"": 1.0, ""SQ|TH"": 1.0, ""SQ|LTH"": 1.0, ""UKL|SN"": 1.0, ""UKL|TH"": 1.0, ""UKL|LTH"": 1.0, ""BP|SN"": 1.0, ""BP|TH"": 1.0, ""BP|LTH"": 1.0, ""BKL|SN"": 1.0, ""BKL|TH"": 1.0, ""BKL|LTH"": 1.0}, ""rejected"": [], ""verdict"": ""H14-health: no departure from the prediction was detected"", ""bkl_zero_offset"": {""verdict"": ""pass"", ""expected"": 3000, ""replications"": 3000, ""infeasible_start"": 3000, ""mismatches"": [], ""missing"": []}}",[]
3,SQ,50,32000,LTH,200,200,0.0,0.014867039231272054,"{""ok"": 200}",0.995,1.0,1.0,0.995,0.0917988570302894,2.2626022947899247,0.29811901773942723,0.2983416633140704,0.3440041983261629,3.0,0.0,199,0,0.14795067251584917,0,"{""verdict"": ""no violation"", ""violations"": 0, ""checked"": 27448, ""violating_cells"": []}","{""slopes"": [{""generator"": ""SQ"", ""p_c"": 50, ""slope"": -0.37387744893943003, ""lo"": -0.38204560748021754, ""hi"": -0.3656656886490169, ""intersects"": true}, {""generator"": ""SQ"", ""p_c"": 200, ""slope"": -0.3630240734188334, ""lo"": -0.3700524449828918, ""hi"": -0.35598837640050307, ""intersects"": true}, {""generator"": ""SQ"", ""p_c"": 800, ""slope"": -0.3420416645418425, ""lo"": -0.3479978577657304, ""hi"": -0.3358800925209334, ""intersects"": false}, {""generator"": ""UKL"", ""p_c"": 50, ""slope"": -0.4568061703848367, ""lo"": -0.4652538888003753, ""hi"": -0.44842177415408196, ""intersects"": true}, {""generator"": ""UKL"", ""p_c"": 200, ""slope"": -0.4555670306078159, ""lo"": -0.46316886778399097, ""hi"": -0.447775703849196, ""intersects"": true}, {""generator"": ""UKL"", ""p_c"": 800, ""slope"": -0.46269340659628444, ""lo"": -0.46997582070031146, ""hi"": -0.4555881153024492, ""intersects"": true}, {""generator"": ""BP"", ""p_c"": 50, ""slope"": -0.39263053619822913, ""lo"": -0.40009686121742893, ""hi"": -0.3850923790781503, ""intersects"": true}, {""generator"": ""BP"", ""p_c"": 200, ""slope"": -0.3956786453174106, ""lo"": -0.40234794273824365, ""hi"": -0.3888287183068256, ""intersects"": true}, {""generator"": ""BP"", ""p_c"": 800, ""slope"": -0.3904151304230434, ""lo"": -0.3963248349564689, ""hi"": -0.3845194345684493, ""intersects"": true}, {""generator"": ""BKL"", ""p_c"": 50, ""slope"": -0.2716605165364226, ""lo"": -0.2782109477822056, ""hi"": -0.264790285226348, ""intersects"": false}, {""generator"": ""BKL"", ""p_c"": 200, ""slope"": -0.22858791151984645, ""lo"": -0.23406550695731218, ""hi"": -0.22319437726683475, ""intersects"": false}, {""generator"": ""BKL"", ""p_c"": 800, ""slope"": -0.18599097556953456, ""lo"": -0.19090654823264008, ""hi"": -0.1810761635318152, ""intersects"": false}], ""ratios"": [{""generator"": ""SQ"", ""ratio"": 1.1669286866466106, ""lo"": 1.1555528846250227, ""hi"": 1.1785271747931854, ""below_limit"": true}, {""generator"": ""UKL"", ""ratio"": 1.1783067953267283, ""lo"": 1.1647303012157761, ""hi"": 1.1924567982824075, ""below_limit"": true}, {""generator"": ""BP"", ""ratio"": 1.1621284425783103, ""lo"": 1.1513730346281459, ""hi"": 1.1731592855942279, ""below_limit"": true}, {""generator"": ""BKL"", ""ratio"": 1.1524930865497358, ""lo"": 1.1404872046601389, ""hi"": 1.1642952261699173, ""below_limit"": true}], ""verdict"": ""negative"", ""failed"": [""slope|SQ|p_c=800"", ""slope|BKL|p_c=50"", ""slope|BKL|p_c=200"", ""slope|BKL|p_c=800""], ""incomplete"": []}","{""failures"": {""SQ|SN"": [0, 3000], ""SQ|TH"": [0, 3000], ""SQ|LTH"": [0, 3000], ""UKL|SN"": [0, 3000], ""UKL|TH"": [0, 3000], ""UKL|LTH"": [0, 3000], ""BP|SN"": [0, 3000], ""BP|TH"": [0, 3000], ""BP|LTH"": [0, 3000], ""BKL|SN"": [0, 3000], ""BKL|TH"": [0, 3000], ""BKL|LTH"": [0, 3000]}, ""pvalues"": {""SQ|SN"": 1.0, ""SQ|TH"": 1.0, ""SQ|LTH"": 1.0, ""UKL|SN"": 1.0, ""UKL|TH"": 1.0, ""UKL|LTH"": 1.0, ""BP|SN"": 1.0, ""BP|TH"": 1.0, ""BP|LTH"": 1.0, ""BKL|SN"": 1.0, ""BKL|TH"": 1.0, ""BKL|LTH"": 1.0}, ""rejected"": [], ""verdict"": ""H14-health: no departure from the prediction was detected"", ""bkl_zero_offset"": {""verdict"": ""pass"", ""expected"": 3000, ""replications"": 3000, ""infeasible_start"": 3000, ""mismatches"": [], ""missing"": []}}",[]
4,SQ,50,64000,SN,200,200,0.0,0.014867039231272054,"{""ok"": 200}",0.985,1.0,1.0,0.985,0.0618868206781727,1.5253486482678562,0.218175110648884,0.21784070450937454,0.24699789355958068,4.0,0.0,197,0,0.1532271551318085,0,"{""verdict"": ""no violation"", ""violations"": 0, ""checked"": 27448, ""violating_cells"": []}","{""slopes"": [{""generator"": ""SQ"", ""p_c"": 50, ""slope"": -0.37387744893943003, ""lo"": -0.38204560748021754, ""hi"": -0.3656656886490169, ""intersects"": true}, {""generator"": ""SQ"", ""p_c"": 200, ""slope"": -0.3630240734188334, ""lo"": -0.3700524449828918, ""hi"": -0.35598837640050307, ""intersects"": true}, {""generator"": ""SQ"", ""p_c"": 800, ""slope"": -0.3420416645418425, ""lo"": -0.3479978577657304, ""hi"": -0.3358800925209334, ""intersects"": false}, {""generator"": ""UKL"", ""p_c"": 50, ""slope"": -0.4568061703848367, ""lo"": -0.4652538888003753, ""hi"": -0.44842177415408196, ""intersects"": true}, {""generator"": ""UKL"", ""p_c"": 200, ""slope"": -0.4555670306078159, ""lo"": -0.46316886778399097, ""hi"": -0.447775703849196, ""intersects"": true}, {""generator"": ""UKL"", ""p_c"": 800, ""slope"": -0.46269340659628444, ""lo"": -0.46997582070031146, ""hi"": -0.4555881153024492, ""intersects"": true}, {""generator"": ""BP"", ""p_c"": 50, ""slope"": -0.39263053619822913, ""lo"": -0.40009686121742893, ""hi"": -0.3850923790781503, ""intersects"": true}, {""generator"": ""BP"", ""p_c"": 200, ""slope"": -0.3956786453174106, ""lo"": -0.40234794273824365, ""hi"": -0.3888287183068256, ""intersects"": true}, {""generator"": ""BP"", ""p_c"": 800, ""slope"": -0.3904151304230434, ""lo"": -0.3963248349564689, ""hi"": -0.3845194345684493, ""intersects"": true}, {""generator"": ""BKL"", ""p_c"": 50, ""slope"": -0.2716605165364226, ""lo"": -0.2782109477822056, ""hi"": -0.264790285226348, ""intersects"": false}, {""generator"": ""BKL"", ""p_c"": 200, ""slope"": -0.22858791151984645, ""lo"": -0.23406550695731218, ""hi"": -0.22319437726683475, ""intersects"": false}, {""generator"": ""BKL"", ""p_c"": 800, ""slope"": -0.18599097556953456, ""lo"": -0.19090654823264008, ""hi"": -0.1810761635318152, ""intersects"": false}], ""ratios"": [{""generator"": ""SQ"", ""ratio"": 1.1669286866466106, ""lo"": 1.1555528846250227, ""hi"": 1.1785271747931854, ""below_limit"": true}, {""generator"": ""UKL"", ""ratio"": 1.1783067953267283, ""lo"": 1.1647303012157761, ""hi"": 1.1924567982824075, ""below_limit"": true}, {""generator"": ""BP"", ""ratio"": 1.1621284425783103, ""lo"": 1.1513730346281459, ""hi"": 1.1731592855942279, ""below_limit"": true}, {""generator"": ""BKL"", ""ratio"": 1.1524930865497358, ""lo"": 1.1404872046601389, ""hi"": 1.1642952261699173, ""below_limit"": true}], ""verdict"": ""negative"", ""failed"": [""slope|SQ|p_c=800"", ""slope|BKL|p_c=50"", ""slope|BKL|p_c=200"", ""slope|BKL|p_c=800""], ""incomplete"": []}","{""failures"": {""SQ|SN"": [0, 3000], ""SQ|TH"": [0, 3000], ""SQ|LTH"": [0, 3000], ""UKL|SN"": [0, 3000], ""UKL|TH"": [0, 3000], ""UKL|LTH"": [0, 3000], ""BP|SN"": [0, 3000], ""BP|TH"": [0, 3000], ""BP|LTH"": [0, 3000], ""BKL|SN"": [0, 3000], ""BKL|TH"": [0, 3000], ""BKL|LTH"": [0, 3000]}, ""pvalues"": {""SQ|SN"": 1.0, ""SQ|TH"": 1.0, ""SQ|LTH"": 1.0, ""UKL|SN"": 1.0, ""UKL|TH"": 1.0, ""UKL|LTH"": 1.0, ""BP|SN"": 1.0, ""BP|TH"": 1.0, ""BP|LTH"": 1.0, ""BKL|SN"": 1.0, ""BKL|TH"": 1.0, ""BKL|LTH"": 1.0}, ""rejected"": [], ""verdict"": ""H14-health: no departure from the prediction was detected"", ""bkl_zero_offset"": {""verdict"": ""pass"", ""expected"": 3000, ""replications"": 3000, ""infeasible_start"": 3000, ""mismatches"": [], ""missing"": []}}",[]
4,SQ,50,64000,TH,200,200,0.0,0.014867039231272054,"{""ok"": 200}",1.0,1.0,1.0,1.0,0.49472903896428794,12.193779912646077,0.43719692782355524,0.4372296831336062,0.43811231478155305,0.0,0.0,200,0,0.0352457998752392,0,"{""verdict"": ""no violation"", ""violations"": 0, ""checked"": 27448, ""violating_cells"": []}","{""slopes"": [{""generator"": ""SQ"", ""p_c"": 50, ""slope"": -0.37387744893943003, ""lo"": -0.38204560748021754, ""hi"": -0.3656656886490169, ""intersects"": true}, {""generator"": ""SQ"", ""p_c"": 200, ""slope"": -0.3630240734188334, ""lo"": -0.3700524449828918, ""hi"": -0.35598837640050307, ""intersects"": true}, {""generator"": ""SQ"", ""p_c"": 800, ""slope"": -0.3420416645418425, ""lo"": -0.3479978577657304, ""hi"": -0.3358800925209334, ""intersects"": false}, {""generator"": ""UKL"", ""p_c"": 50, ""slope"": -0.4568061703848367, ""lo"": -0.4652538888003753, ""hi"": -0.44842177415408196, ""intersects"": true}, {""generator"": ""UKL"", ""p_c"": 200, ""slope"": -0.4555670306078159, ""lo"": -0.46316886778399097, ""hi"": -0.447775703849196, ""intersects"": true}, {""generator"": ""UKL"", ""p_c"": 800, ""slope"": -0.46269340659628444, ""lo"": -0.46997582070031146, ""hi"": -0.4555881153024492, ""intersects"": true}, {""generator"": ""BP"", ""p_c"": 50, ""slope"": -0.39263053619822913, ""lo"": -0.40009686121742893, ""hi"": -0.3850923790781503, ""intersects"": true}, {""generator"": ""BP"", ""p_c"": 200, ""slope"": -0.3956786453174106, ""lo"": -0.40234794273824365, ""hi"": -0.3888287183068256, ""intersects"": true}, {""generator"": ""BP"", ""p_c"": 800, ""slope"": -0.3904151304230434, ""lo"": -0.3963248349564689, ""hi"": -0.3845194345684493, ""intersects"": true}, {""generator"": ""BKL"", ""p_c"": 50, ""slope"": -0.2716605165364226, ""lo"": -0.2782109477822056, ""hi"": -0.264790285226348, ""intersects"": false}, {""generator"": ""BKL"", ""p_c"": 200, ""slope"": -0.22858791151984645, ""lo"": -0.23406550695731218, ""hi"": -0.22319437726683475, ""intersects"": false}, {""generator"": ""BKL"", ""p_c"": 800, ""slope"": -0.18599097556953456, ""lo"": -0.19090654823264008, ""hi"": -0.1810761635318152, ""intersects"": false}], ""ratios"": [{""generator"": ""SQ"", ""ratio"": 1.1669286866466106, ""lo"": 1.1555528846250227, ""hi"": 1.1785271747931854, ""below_limit"": true}, {""generator"": ""UKL"", ""ratio"": 1.1783067953267283, ""lo"": 1.1647303012157761, ""hi"": 1.1924567982824075, ""below_limit"": true}, {""generator"": ""BP"", ""ratio"": 1.1621284425783103, ""lo"": 1.1513730346281459, ""hi"": 1.1731592855942279, ""below_limit"": true}, {""generator"": ""BKL"", ""ratio"": 1.1524930865497358, ""lo"": 1.1404872046601389, ""hi"": 1.1642952261699173, ""below_limit"": true}], ""verdict"": ""negative"", ""failed"": [""slope|SQ|p_c=800"", ""slope|BKL|p_c=50"", ""slope|BKL|p_c=200"", ""slope|BKL|p_c=800""], ""incomplete"": []}","{""failures"": {""SQ|SN"": [0, 3000], ""SQ|TH"": [0, 3000], ""SQ|LTH"": [0, 3000], ""UKL|SN"": [0, 3000], ""UKL|TH"": [0, 3000], ""UKL|LTH"": [0, 3000], ""BP|SN"": [0, 3000], ""BP|TH"": [0, 3000], ""BP|LTH"": [0, 3000], ""BKL|SN"": [0, 3000], ""BKL|TH"": [0, 3000], ""BKL|LTH"": [0, 3000]}, ""pvalues"": {""SQ|SN"": 1.0, ""SQ|TH"": 1.0, ""SQ|LTH"": 1.0, ""UKL|SN"": 1.0, ""UKL|TH"": 1.0, ""UKL|LTH"": 1.0, ""BP|SN"": 1.0, ""BP|TH"": 1.0, ""BP|LTH"": 1.0, ""BKL|SN"": 1.0, ""BKL|TH"": 1.0, ""BKL|LTH"": 1.0}, ""rejected"": [], ""verdict"": ""H14-health: no departure from the prediction was detected"", ""bkl_zero_offset"": {""verdict"": ""pass"", ""expected"": 3000, ""replications"": 3000, ""infeasible_start"": 3000, ""mismatches"": [], ""missing"": []}}",[]
4,SQ,50,64000,LTH,200,200,0.0,0.014867039231272054,"{""ok"": 200}",0.985,1.0,1.0,0.985,0.06465444014985197,1.5935632466877538,0.22622407250023285,0.22639473358830264,0.2547773496608461,4.0,0.0,197,0,0.15182057498535267,0,"{""verdict"": ""no violation"", ""violations"": 0, ""checked"": 27448, ""violating_cells"": []}","{""slopes"": [{""generator"": ""SQ"", ""p_c"": 50, ""slope"": -0.37387744893943003, ""lo"": -0.38204560748021754, ""hi"": -0.3656656886490169, ""intersects"": true}, {""generator"": ""SQ"", ""p_c"": 200, ""slope"": -0.3630240734188334, ""lo"": -0.3700524449828918, ""hi"": -0.35598837640050307, ""intersects"": true}, {""generator"": ""SQ"", ""p_c"": 800, ""slope"": -0.3420416645418425, ""lo"": -0.3479978577657304, ""hi"": -0.3358800925209334, ""intersects"": false}, {""generator"": ""UKL"", ""p_c"": 50, ""slope"": -0.4568061703848367, ""lo"": -0.4652538888003753, ""hi"": -0.44842177415408196, ""intersects"": true}, {""generator"": ""UKL"", ""p_c"": 200, ""slope"": -0.4555670306078159, ""lo"": -0.46316886778399097, ""hi"": -0.447775703849196, ""intersects"": true}, {""generator"": ""UKL"", ""p_c"": 800, ""slope"": -0.46269340659628444, ""lo"": -0.46997582070031146, ""hi"": -0.4555881153024492, ""intersects"": true}, {""generator"": ""BP"", ""p_c"": 50, ""slope"": -0.39263053619822913, ""lo"": -0.40009686121742893, ""hi"": -0.3850923790781503, ""intersects"": true}, {""generator"": ""BP"", ""p_c"": 200, ""slope"": -0.3956786453174106, ""lo"": -0.40234794273824365, ""hi"": -0.3888287183068256, ""intersects"": true}, {""generator"": ""BP"", ""p_c"": 800, ""slope"": -0.3904151304230434, ""lo"": -0.3963248349564689, ""hi"": -0.3845194345684493, ""intersects"": true}, {""generator"": ""BKL"", ""p_c"": 50, ""slope"": -0.2716605165364226, ""lo"": -0.2782109477822056, ""hi"": -0.264790285226348, ""intersects"": false}, {""generator"": ""BKL"", ""p_c"": 200, ""slope"": -0.22858791151984645, ""lo"": -0.23406550695731218, ""hi"": -0.22319437726683475, ""intersects"": false}, {""generator"": ""BKL"", ""p_c"": 800, ""slope"": -0.18599097556953456, ""lo"": -0.19090654823264008, ""hi"": -0.1810761635318152, ""intersects"": false}], ""ratios"": [{""generator"": ""SQ"", ""ratio"": 1.1669286866466106, ""lo"": 1.1555528846250227, ""hi"": 1.1785271747931854, ""below_limit"": true}, {""generator"": ""UKL"", ""ratio"": 1.1783067953267283, ""lo"": 1.1647303012157761, ""hi"": 1.1924567982824075, ""below_limit"": true}, {""generator"": ""BP"", ""ratio"": 1.1621284425783103, ""lo"": 1.1513730346281459, ""hi"": 1.1731592855942279, ""below_limit"": true}, {""generator"": ""BKL"", ""ratio"": 1.1524930865497358, ""lo"": 1.1404872046601389, ""hi"": 1.1642952261699173, ""below_limit"": true}], ""verdict"": ""negative"", ""failed"": [""slope|SQ|p_c=800"", ""slope|BKL|p_c=50"", ""slope|BKL|p_c=200"", ""slope|BKL|p_c=800""], ""incomplete"": []}","{""failures"": {""SQ|SN"": [0, 3000], ""SQ|TH"": [0, 3000], ""SQ|LTH"": [0, 3000], ""UKL|SN"": [0, 3000], ""UKL|TH"": [0, 3000], ""UKL|LTH"": [0, 3000], ""BP|SN"": [0, 3000], ""BP|TH"": [0, 3000], ""BP|LTH"": [0, 3000], ""BKL|SN"": [0, 3000], ""BKL|TH"": [0, 3000], ""BKL|LTH"": [0, 3000]}, ""pvalues"": {""SQ|SN"": 1.0, ""SQ|TH"": 1.0, ""SQ|LTH"": 1.0, ""UKL|SN"": 1.0, ""UKL|TH"": 1.0, ""UKL|LTH"": 1.0, ""BP|SN"": 1.0, ""BP|TH"": 1.0, ""BP|LTH"": 1.0, ""BKL|SN"": 1.0, ""BKL|TH"": 1.0, ""BKL|LTH"": 1.0}, ""rejected"": [], ""verdict"": ""H14-health: no departure from the prediction was detected"", ""bkl_zero_offset"": {""verdict"": ""pass"", ""expected"": 3000, ""replications"": 3000, ""infeasible_start"": 3000, ""mismatches"": [], ""missing"": []}}",[]
5,SQ,200,4000,SN,200,200,0.0,0.014867039231272054,"{""ok"": 200}",0.99,0.01,0.0,0.0,0.2803472954385133,6.909829321600753,0.43719692782355524,0.4372296831336062,0.43811231478155305,0.0,0.0,0,0,,0,"{""verdict"": ""no violation"", ""violations"": 0, ""checked"": 27448, ""violating_cells"": []}","{""slopes"": [{""generator"": ""SQ"", ""p_c"": 50, ""slope"": -0.37387744893943003, ""lo"": -0.38204560748021754, ""hi"": -0.3656656886490169, ""intersects"": true}, {""generator"": ""SQ"", ""p_c"": 200, ""slope"": -0.3630240734188334, ""lo"": -0.3700524449828918, ""hi"": -0.35598837640050307, ""intersects"": true}, {""generator"": ""SQ"", ""p_c"": 800, ""slope"": -0.3420416645418425, ""lo"": -0.3479978577657304, ""hi"": -0.3358800925209334, ""intersects"": false}, {""generator"": ""UKL"", ""p_c"": 50, ""slope"": -0.4568061703848367, ""lo"": -0.4652538888003753, ""hi"": -0.44842177415408196, ""intersects"": true}, {""generator"": ""UKL"", ""p_c"": 200, ""slope"": -0.4555670306078159, ""lo"": -0.46316886778399097, ""hi"": -0.447775703849196, ""intersects"": true}, {""generator"": ""UKL"", ""p_c"": 800, ""slope"": -0.46269340659628444, ""lo"": -0.46997582070031146, ""hi"": -0.4555881153024492, ""intersects"": true}, {""generator"": ""BP"", ""p_c"": 50, ""slope"": -0.39263053619822913, ""lo"": -0.40009686121742893, ""hi"": -0.3850923790781503, ""intersects"": true}, {""generator"": ""BP"", ""p_c"": 200, ""slope"": -0.3956786453174106, ""lo"": -0.40234794273824365, ""hi"": -0.3888287183068256, ""intersects"": true}, {""generator"": ""BP"", ""p_c"": 800, ""slope"": -0.3904151304230434, ""lo"": -0.3963248349564689, ""hi"": -0.3845194345684493, ""intersects"": true}, {""generator"": ""BKL"", ""p_c"": 50, ""slope"": -0.2716605165364226, ""lo"": -0.2782109477822056, ""hi"": -0.264790285226348, ""intersects"": false}, {""generator"": ""BKL"", ""p_c"": 200, ""slope"": -0.22858791151984645, ""lo"": -0.23406550695731218, ""hi"": -0.22319437726683475, ""intersects"": false}, {""generator"": ""BKL"", ""p_c"": 800, ""slope"": -0.18599097556953456, ""lo"": -0.19090654823264008, ""hi"": -0.1810761635318152, ""intersects"": false}], ""ratios"": [{""generator"": ""SQ"", ""ratio"": 1.1669286866466106, ""lo"": 1.1555528846250227, ""hi"": 1.1785271747931854, ""below_limit"": true}, {""generator"": ""UKL"", ""ratio"": 1.1783067953267283, ""lo"": 1.1647303012157761, ""hi"": 1.1924567982824075, ""below_limit"": true}, {""generator"": ""BP"", ""ratio"": 1.1621284425783103, ""lo"": 1.1513730346281459, ""hi"": 1.1731592855942279, ""below_limit"": true}, {""generator"": ""BKL"", ""ratio"": 1.1524930865497358, ""lo"": 1.1404872046601389, ""hi"": 1.1642952261699173, ""below_limit"": true}], ""verdict"": ""negative"", ""failed"": [""slope|SQ|p_c=800"", ""slope|BKL|p_c=50"", ""slope|BKL|p_c=200"", ""slope|BKL|p_c=800""], ""incomplete"": []}","{""failures"": {""SQ|SN"": [0, 3000], ""SQ|TH"": [0, 3000], ""SQ|LTH"": [0, 3000], ""UKL|SN"": [0, 3000], ""UKL|TH"": [0, 3000], ""UKL|LTH"": [0, 3000], ""BP|SN"": [0, 3000], ""BP|TH"": [0, 3000], ""BP|LTH"": [0, 3000], ""BKL|SN"": [0, 3000], ""BKL|TH"": [0, 3000], ""BKL|LTH"": [0, 3000]}, ""pvalues"": {""SQ|SN"": 1.0, ""SQ|TH"": 1.0, ""SQ|LTH"": 1.0, ""UKL|SN"": 1.0, ""UKL|TH"": 1.0, ""UKL|LTH"": 1.0, ""BP|SN"": 1.0, ""BP|TH"": 1.0, ""BP|LTH"": 1.0, ""BKL|SN"": 1.0, ""BKL|TH"": 1.0, ""BKL|LTH"": 1.0}, ""rejected"": [], ""verdict"": ""H14-health: no departure from the prediction was detected"", ""bkl_zero_offset"": {""verdict"": ""pass"", ""expected"": 3000, ""replications"": 3000, ""infeasible_start"": 3000, ""mismatches"": [], ""missing"": []}}",[]
5,SQ,200,4000,TH,200,200,0.0,0.014867039231272054,"{""ok"": 200}",1.0,0.01,0.0,0.0,2.147482462123614,52.92983925953233,0.43719692782355524,0.4372296831336062,0.43811231478155305,0.0,0.0,0,0,,0,"{""verdict"": ""no violation"", ""violations"": 0, ""checked"": 27448, ""violating_cells"": []}","{""slopes"": [{""generator"": ""SQ"", ""p_c"": 50, ""slope"": -0.37387744893943003, ""lo"": -0.38204560748021754, ""hi"": -0.3656656886490169, ""intersects"": true}, {""generator"": ""SQ"", ""p_c"": 200, ""slope"": -0.3630240734188334, ""lo"": -0.3700524449828918, ""hi"": -0.35598837640050307, ""intersects"": true}, {""generator"": ""SQ"", ""p_c"": 800, ""slope"": -0.3420416645418425, ""lo"": -0.3479978577657304, ""hi"": -0.3358800925209334, ""intersects"": false}, {""generator"": ""UKL"", ""p_c"": 50, ""slope"": -0.4568061703848367, ""lo"": -0.4652538888003753, ""hi"": -0.44842177415408196, ""intersects"": true}, {""generator"": ""UKL"", ""p_c"": 200, ""slope"": -0.4555670306078159, ""lo"": -0.46316886778399097, ""hi"": -0.447775703849196, ""intersects"": true}, {""generator"": ""UKL"", ""p_c"": 800, ""slope"": -0.46269340659628444, ""lo"": -0.46997582070031146, ""hi"": -0.4555881153024492, ""intersects"": true}, {""generator"": ""BP"", ""p_c"": 50, ""slope"": -0.39263053619822913, ""lo"": -0.40009686121742893, ""hi"": -0.3850923790781503, ""intersects"": true}, {""generator"": ""BP"", ""p_c"": 200, ""slope"": -0.3956786453174106, ""lo"": -0.40234794273824365, ""hi"": -0.3888287183068256, ""intersects"": true}, {""generator"": ""BP"", ""p_c"": 800, ""slope"": -0.3904151304230434, ""lo"": -0.3963248349564689, ""hi"": -0.3845194345684493, ""intersects"": true}, {""generator"": ""BKL"", ""p_c"": 50, ""slope"": -0.2716605165364226, ""lo"": -0.2782109477822056, ""hi"": -0.264790285226348, ""intersects"": false}, {""generator"": ""BKL"", ""p_c"": 200, ""slope"": -0.22858791151984645, ""lo"": -0.23406550695731218, ""hi"": -0.22319437726683475, ""intersects"": false}, {""generator"": ""BKL"", ""p_c"": 800, ""slope"": -0.18599097556953456, ""lo"": -0.19090654823264008, ""hi"": -0.1810761635318152, ""intersects"": false}], ""ratios"": [{""generator"": ""SQ"", ""ratio"": 1.1669286866466106, ""lo"": 1.1555528846250227, ""hi"": 1.1785271747931854, ""below_limit"": true}, {""generator"": ""UKL"", ""ratio"": 1.1783067953267283, ""lo"": 1.1647303012157761, ""hi"": 1.1924567982824075, ""below_limit"": true}, {""generator"": ""BP"", ""ratio"": 1.1621284425783103, ""lo"": 1.1513730346281459, ""hi"": 1.1731592855942279, ""below_limit"": true}, {""generator"": ""BKL"", ""ratio"": 1.1524930865497358, ""lo"": 1.1404872046601389, ""hi"": 1.1642952261699173, ""below_limit"": true}], ""verdict"": ""negative"", ""failed"": [""slope|SQ|p_c=800"", ""slope|BKL|p_c=50"", ""slope|BKL|p_c=200"", ""slope|BKL|p_c=800""], ""incomplete"": []}","{""failures"": {""SQ|SN"": [0, 3000], ""SQ|TH"": [0, 3000], ""SQ|LTH"": [0, 3000], ""UKL|SN"": [0, 3000], ""UKL|TH"": [0, 3000], ""UKL|LTH"": [0, 3000], ""BP|SN"": [0, 3000], ""BP|TH"": [0, 3000], ""BP|LTH"": [0, 3000], ""BKL|SN"": [0, 3000], ""BKL|TH"": [0, 3000], ""BKL|LTH"": [0, 3000]}, ""pvalues"": {""SQ|SN"": 1.0, ""SQ|TH"": 1.0, ""SQ|LTH"": 1.0, ""UKL|SN"": 1.0, ""UKL|TH"": 1.0, ""UKL|LTH"": 1.0, ""BP|SN"": 1.0, ""BP|TH"": 1.0, ""BP|LTH"": 1.0, ""BKL|SN"": 1.0, ""BKL|TH"": 1.0, ""BKL|LTH"": 1.0}, ""rejected"": [], ""verdict"": ""H14-health: no departure from the prediction was detected"", ""bkl_zero_offset"": {""verdict"": ""pass"", ""expected"": 3000, ""replications"": 3000, ""infeasible_start"": 3000, ""mismatches"": [], ""missing"": []}}",[]
5,SQ,200,4000,LTH,200,200,0.0,0.014867039231272054,"{""ok"": 200}",0.99,0.01,0.0,0.0,0.28812638022951986,7.101563463712016,0.43719692782355524,0.4372296831336062,0.43811231478155305,0.0,0.0,0,0,,0,"{""verdict"": ""no violation"", ""violations"": 0, ""checked"": 27448, ""violating_cells"": []}","{""slopes"": [{""generator"": ""SQ"", ""p_c"": 50, ""slope"": -0.37387744893943003, ""lo"": -0.38204560748021754, ""hi"": -0.3656656886490169, ""intersects"": true}, {""generator"": ""SQ"", ""p_c"": 200, ""slope"": -0.3630240734188334, ""lo"": -0.3700524449828918, ""hi"": -0.35598837640050307, ""intersects"": true}, {""generator"": ""SQ"", ""p_c"": 800, ""slope"": -0.3420416645418425, ""lo"": -0.3479978577657304, ""hi"": -0.3358800925209334, ""intersects"": false}, {""generator"": ""UKL"", ""p_c"": 50, ""slope"": -0.4568061703848367, ""lo"": -0.4652538888003753, ""hi"": -0.44842177415408196, ""intersects"": true}, {""generator"": ""UKL"", ""p_c"": 200, ""slope"": -0.4555670306078159, ""lo"": -0.46316886778399097, ""hi"": -0.447775703849196, ""intersects"": true}, {""generator"": ""UKL"", ""p_c"": 800, ""slope"": -0.46269340659628444, ""lo"": -0.46997582070031146, ""hi"": -0.4555881153024492, ""intersects"": true}, {""generator"": ""BP"", ""p_c"": 50, ""slope"": -0.39263053619822913, ""lo"": -0.40009686121742893, ""hi"": -0.3850923790781503, ""intersects"": true}, {""generator"": ""BP"", ""p_c"": 200, ""slope"": -0.3956786453174106, ""lo"": -0.40234794273824365, ""hi"": -0.3888287183068256, ""intersects"": true}, {""generator"": ""BP"", ""p_c"": 800, ""slope"": -0.3904151304230434, ""lo"": -0.3963248349564689, ""hi"": -0.3845194345684493, ""intersects"": true}, {""generator"": ""BKL"", ""p_c"": 50, ""slope"": -0.2716605165364226, ""lo"": -0.2782109477822056, ""hi"": -0.264790285226348, ""intersects"": false}, {""generator"": ""BKL"", ""p_c"": 200, ""slope"": -0.22858791151984645, ""lo"": -0.23406550695731218, ""hi"": -0.22319437726683475, ""intersects"": false}, {""generator"": ""BKL"", ""p_c"": 800, ""slope"": -0.18599097556953456, ""lo"": -0.19090654823264008, ""hi"": -0.1810761635318152, ""intersects"": false}], ""ratios"": [{""generator"": ""SQ"", ""ratio"": 1.1669286866466106, ""lo"": 1.1555528846250227, ""hi"": 1.1785271747931854, ""below_limit"": true}, {""generator"": ""UKL"", ""ratio"": 1.1783067953267283, ""lo"": 1.1647303012157761, ""hi"": 1.1924567982824075, ""below_limit"": true}, {""generator"": ""BP"", ""ratio"": 1.1621284425783103, ""lo"": 1.1513730346281459, ""hi"": 1.1731592855942279, ""below_limit"": true}, {""generator"": ""BKL"", ""ratio"": 1.1524930865497358, ""lo"": 1.1404872046601389, ""hi"": 1.1642952261699173, ""below_limit"": true}], ""verdict"": ""negative"", ""failed"": [""slope|SQ|p_c=800"", ""slope|BKL|p_c=50"", ""slope|BKL|p_c=200"", ""slope|BKL|p_c=800""], ""incomplete"": []}","{""failures"": {""SQ|SN"": [0, 3000], ""SQ|TH"": [0, 3000], ""SQ|LTH"": [0, 3000], ""UKL|SN"": [0, 3000], ""UKL|TH"": [0, 3000], ""UKL|LTH"": [0, 3000], ""BP|SN"": [0, 3000], ""BP|TH"": [0, 3000], ""BP|LTH"": [0, 3000], ""BKL|SN"": [0, 3000], ""BKL|TH"": [0, 3000], ""BKL|LTH"": [0, 3000]}, ""pvalues"": {""SQ|SN"": 1.0, ""SQ|TH"": 1.0, ""SQ|LTH"": 1.0, ""UKL|SN"": 1.0, ""UKL|TH"": 1.0, ""UKL|LTH"": 1.0, ""BP|SN"": 1.0, ""BP|TH"": 1.0, ""BP|LTH"": 1.0, ""BKL|SN"": 1.0, ""BKL|TH"": 1.0, ""BKL|LTH"": 1.0}, ""rejected"": [], ""verdict"": ""H14-health: no departure from the prediction was detected"", ""bkl_zero_offset"": {""verdict"": ""pass"", ""expected"": 3000, ""replications"": 3000, ""infeasible_start"": 3000, ""mismatches"": [], ""missing"": []}}",[]
6,SQ,200,8000,SN,200,200,0.0,0.014867039231272054,"{""ok"": 200}",0.995,1.0,1.0,0.995,0.1968725668565532,4.852395072891202,0.4340448301996133,0.4370970162093445,0.43811231478155305,0.0,0.0,199,0,0.08963686080903426,0,"{""verdict"": ""no violation"", ""violations"": 0, ""checked"": 27448, ""violating_cells"": []}","{""slopes"": [{""generator"": ""SQ"", ""p_c"": 50, ""slope"": -0.37387744893943003, ""lo"": -0.38204560748021754, ""hi"": -0.3656656886490169, ""intersects"": true}, {""generator"": ""SQ"", ""p_c"": 200, ""slope"": -0.3630240734188334, ""lo"": -0.3700524449828918, ""hi"": -0.35598837640050307, ""intersects"": true}, {""generator"": ""SQ"", ""p_c"": 800, ""slope"": -0.3420416645418425, ""lo"": -0.3479978577657304, ""hi"": -0.3358800925209334, ""intersects"": false}, {""generator"": ""UKL"", ""p_c"": 50, ""slope"": -0.4568061703848367, ""lo"": -0.4652538888003753, ""hi"": -0.44842177415408196, ""intersects"": true}, {""generator"": ""UKL"", ""p_c"": 200, ""slope"": -0.4555670306078159, ""lo"": -0.46316886778399097, ""hi"": -0.447775703849196, ""intersects"": true}, {""generator"": ""UKL"", ""p_c"": 800, ""slope"": -0.46269340659628444, ""lo"": -0.46997582070031146, ""hi"": -0.4555881153024492, ""intersects"": true}, {""generator"": ""BP"", ""p_c"": 50, ""slope"": -0.39263053619822913, ""lo"": -0.40009686121742893, ""hi"": -0.3850923790781503, ""intersects"": true}, {""generator"": ""BP"", ""p_c"": 200, ""slope"": -0.3956786453174106, ""lo"": -0.40234794273824365, ""hi"": -0.3888287183068256, ""intersects"": true}, {""generator"": ""BP"", ""p_c"": 800, ""slope"": -0.3904151304230434, ""lo"": -0.3963248349564689, ""hi"": -0.3845194345684493, ""intersects"": true}, {""generator"": ""BKL"", ""p_c"": 50, ""slope"": -0.2716605165364226, ""lo"": -0.2782109477822056, ""hi"": -0.264790285226348, ""intersects"": false}, {""generator"": ""BKL"", ""p_c"": 200, ""slope"": -0.22858791151984645, ""lo"": -0.23406550695731218, ""hi"": -0.22319437726683475, ""intersects"": false}, {""generator"": ""BKL"", ""p_c"": 800, ""slope"": -0.18599097556953456, ""lo"": -0.19090654823264008, ""hi"": -0.1810761635318152, ""intersects"": false}], ""ratios"": [{""generator"": ""SQ"", ""ratio"": 1.1669286866466106, ""lo"": 1.1555528846250227, ""hi"": 1.1785271747931854, ""below_limit"": true}, {""generator"": ""UKL"", ""ratio"": 1.1783067953267283, ""lo"": 1.1647303012157761, ""hi"": 1.1924567982824075, ""below_limit"": true}, {""generator"": ""BP"", ""ratio"": 1.1621284425783103, ""lo"": 1.1513730346281459, ""hi"": 1.1731592855942279, ""below_limit"": true}, {""generator"": ""BKL"", ""ratio"": 1.1524930865497358, ""lo"": 1.1404872046601389, ""hi"": 1.1642952261699173, ""below_limit"": true}], ""verdict"": ""negative"", ""failed"": [""slope|SQ|p_c=800"", ""slope|BKL|p_c=50"", ""slope|BKL|p_c=200"", ""slope|BKL|p_c=800""], ""incomplete"": []}","{""failures"": {""SQ|SN"": [0, 3000], ""SQ|TH"": [0, 3000], ""SQ|LTH"": [0, 3000], ""UKL|SN"": [0, 3000], ""UKL|TH"": [0, 3000], ""UKL|LTH"": [0, 3000], ""BP|SN"": [0, 3000], ""BP|TH"": [0, 3000], ""BP|LTH"": [0, 3000], ""BKL|SN"": [0, 3000], ""BKL|TH"": [0, 3000], ""BKL|LTH"": [0, 3000]}, ""pvalues"": {""SQ|SN"": 1.0, ""SQ|TH"": 1.0, ""SQ|LTH"": 1.0, ""UKL|SN"": 1.0, ""UKL|TH"": 1.0, ""UKL|LTH"": 1.0, ""BP|SN"": 1.0, ""BP|TH"": 1.0, ""BP|LTH"": 1.0, ""BKL|SN"": 1.0, ""BKL|TH"": 1.0, ""BKL|LTH"": 1.0}, ""rejected"": [], ""verdict"": ""H14-health: no departure from the prediction was detected"", ""bkl_zero_offset"": {""verdict"": ""pass"", ""expected"": 3000, ""replications"": 3000, ""infeasible_start"": 3000, ""mismatches"": [], ""missing"": []}}",[]
6,SQ,200,8000,TH,200,200,0.0,0.014867039231272054,"{""ok"": 200}",1.0,1.0,1.0,1.0,1.518499411446791,37.427048267529266,0.43719692782355524,0.4372296831336062,0.43811231478155305,0.0,0.0,200,0,0.011483126413062634,0,"{""verdict"": ""no violation"", ""violations"": 0, ""checked"": 27448, ""violating_cells"": []}","{""slopes"": [{""generator"": ""SQ"", ""p_c"": 50, ""slope"": -0.37387744893943003, ""lo"": -0.38204560748021754, ""hi"": -0.3656656886490169, ""intersects"": true}, {""generator"": ""SQ"", ""p_c"": 200, ""slope"": -0.3630240734188334, ""lo"": -0.3700524449828918, ""hi"": -0.35598837640050307, ""intersects"": true}, {""generator"": ""SQ"", ""p_c"": 800, ""slope"": -0.3420416645418425, ""lo"": -0.3479978577657304, ""hi"": -0.3358800925209334, ""intersects"": false}, {""generator"": ""UKL"", ""p_c"": 50, ""slope"": -0.4568061703848367, ""lo"": -0.4652538888003753, ""hi"": -0.44842177415408196, ""intersects"": true}, {""generator"": ""UKL"", ""p_c"": 200, ""slope"": -0.4555670306078159, ""lo"": -0.46316886778399097, ""hi"": -0.447775703849196, ""intersects"": true}, {""generator"": ""UKL"", ""p_c"": 800, ""slope"": -0.46269340659628444, ""lo"": -0.46997582070031146, ""hi"": -0.4555881153024492, ""intersects"": true}, {""generator"": ""BP"", ""p_c"": 50, ""slope"": -0.39263053619822913, ""lo"": -0.40009686121742893, ""hi"": -0.3850923790781503, ""intersects"": true}, {""generator"": ""BP"", ""p_c"": 200, ""slope"": -0.3956786453174106, ""lo"": -0.40234794273824365, ""hi"": -0.3888287183068256, ""intersects"": true}, {""generator"": ""BP"", ""p_c"": 800, ""slope"": -0.3904151304230434, ""lo"": -0.3963248349564689, ""hi"": -0.3845194345684493, ""intersects"": true}, {""generator"": ""BKL"", ""p_c"": 50, ""slope"": -0.2716605165364226, ""lo"": -0.2782109477822056, ""hi"": -0.264790285226348, ""intersects"": false}, {""generator"": ""BKL"", ""p_c"": 200, ""slope"": -0.22858791151984645, ""lo"": -0.23406550695731218, ""hi"": -0.22319437726683475, ""intersects"": false}, {""generator"": ""BKL"", ""p_c"": 800, ""slope"": -0.18599097556953456, ""lo"": -0.19090654823264008, ""hi"": -0.1810761635318152, ""intersects"": false}], ""ratios"": [{""generator"": ""SQ"", ""ratio"": 1.1669286866466106, ""lo"": 1.1555528846250227, ""hi"": 1.1785271747931854, ""below_limit"": true}, {""generator"": ""UKL"", ""ratio"": 1.1783067953267283, ""lo"": 1.1647303012157761, ""hi"": 1.1924567982824075, ""below_limit"": true}, {""generator"": ""BP"", ""ratio"": 1.1621284425783103, ""lo"": 1.1513730346281459, ""hi"": 1.1731592855942279, ""below_limit"": true}, {""generator"": ""BKL"", ""ratio"": 1.1524930865497358, ""lo"": 1.1404872046601389, ""hi"": 1.1642952261699173, ""below_limit"": true}], ""verdict"": ""negative"", ""failed"": [""slope|SQ|p_c=800"", ""slope|BKL|p_c=50"", ""slope|BKL|p_c=200"", ""slope|BKL|p_c=800""], ""incomplete"": []}","{""failures"": {""SQ|SN"": [0, 3000], ""SQ|TH"": [0, 3000], ""SQ|LTH"": [0, 3000], ""UKL|SN"": [0, 3000], ""UKL|TH"": [0, 3000], ""UKL|LTH"": [0, 3000], ""BP|SN"": [0, 3000], ""BP|TH"": [0, 3000], ""BP|LTH"": [0, 3000], ""BKL|SN"": [0, 3000], ""BKL|TH"": [0, 3000], ""BKL|LTH"": [0, 3000]}, ""pvalues"": {""SQ|SN"": 1.0, ""SQ|TH"": 1.0, ""SQ|LTH"": 1.0, ""UKL|SN"": 1.0, ""UKL|TH"": 1.0, ""UKL|LTH"": 1.0, ""BP|SN"": 1.0, ""BP|TH"": 1.0, ""BP|LTH"": 1.0, ""BKL|SN"": 1.0, ""BKL|TH"": 1.0, ""BKL|LTH"": 1.0}, ""rejected"": [], ""verdict"": ""H14-health: no departure from the prediction was detected"", ""bkl_zero_offset"": {""verdict"": ""pass"", ""expected"": 3000, ""replications"": 3000, ""infeasible_start"": 3000, ""mismatches"": [], ""missing"": []}}",[]
6,SQ,200,8000,LTH,200,200,0.0,0.014867039231272054,"{""ok"": 200}",1.0,1.0,1.0,1.0,0.20239193275890185,4.9884330406876725,0.4351495127691695,0.43711523789941525,0.43811231478155305,0.0,0.0,200,0,0.086968432771646,0,"{""verdict"": ""no violation"", ""violations"": 0, ""checked"": 27448, ""violating_cells"": []}","{""slopes"": [{""generator"": ""SQ"", ""p_c"": 50, ""slope"": -0.37387744893943003, ""lo"": -0.38204560748021754, ""hi"": -0.3656656886490169, ""intersects"": true}, {""generator"": ""SQ"", ""p_c"": 200, ""slope"": -0.3630240734188334, ""lo"": -0.3700524449828918, ""hi"": -0.35598837640050307, ""intersects"": true}, {""generator"": ""SQ"", ""p_c"": 800, ""slope"": -0.3420416645418425, ""lo"": -0.3479978577657304, ""hi"": -0.3358800925209334, ""intersects"": false}, {""generator"": ""UKL"", ""p_c"": 50, ""slope"": -0.4568061703848367, ""lo"": -0.4652538888003753, ""hi"": -0.44842177415408196, ""intersects"": true}, {""generator"": ""UKL"", ""p_c"": 200, ""slope"": -0.4555670306078159, ""lo"": -0.46316886778399097, ""hi"": -0.447775703849196, ""intersects"": true}, {""generator"": ""UKL"", ""p_c"": 800, ""slope"": -0.46269340659628444, ""lo"": -0.46997582070031146, ""hi"": -0.4555881153024492, ""intersects"": true}, {""generator"": ""BP"", ""p_c"": 50, ""slope"": -0.39263053619822913, ""lo"": -0.40009686121742893, ""hi"": -0.3850923790781503, ""intersects"": true}, {""generator"": ""BP"", ""p_c"": 200, ""slope"": -0.3956786453174106, ""lo"": -0.40234794273824365, ""hi"": -0.3888287183068256, ""intersects"": true}, {""generator"": ""BP"", ""p_c"": 800, ""slope"": -0.3904151304230434, ""lo"": -0.3963248349564689, ""hi"": -0.3845194345684493, ""intersects"": true}, {""generator"": ""BKL"", ""p_c"": 50, ""slope"": -0.2716605165364226, ""lo"": -0.2782109477822056, ""hi"": -0.264790285226348, ""intersects"": false}, {""generator"": ""BKL"", ""p_c"": 200, ""slope"": -0.22858791151984645, ""lo"": -0.23406550695731218, ""hi"": -0.22319437726683475, ""intersects"": false}, {""generator"": ""BKL"", ""p_c"": 800, ""slope"": -0.18599097556953456, ""lo"": -0.19090654823264008, ""hi"": -0.1810761635318152, ""intersects"": false}], ""ratios"": [{""generator"": ""SQ"", ""ratio"": 1.1669286866466106, ""lo"": 1.1555528846250227, ""hi"": 1.1785271747931854, ""below_limit"": true}, {""generator"": ""UKL"", ""ratio"": 1.1783067953267283, ""lo"": 1.1647303012157761, ""hi"": 1.1924567982824075, ""below_limit"": true}, {""generator"": ""BP"", ""ratio"": 1.1621284425783103, ""lo"": 1.1513730346281459, ""hi"": 1.1731592855942279, ""below_limit"": true}, {""generator"": ""BKL"", ""ratio"": 1.1524930865497358, ""lo"": 1.1404872046601389, ""hi"": 1.1642952261699173, ""below_limit"": true}], ""verdict"": ""negative"", ""failed"": [""slope|SQ|p_c=800"", ""slope|BKL|p_c=50"", ""slope|BKL|p_c=200"", ""slope|BKL|p_c=800""], ""incomplete"": []}","{""failures"": {""SQ|SN"": [0, 3000], ""SQ|TH"": [0, 3000], ""SQ|LTH"": [0, 3000], ""UKL|SN"": [0, 3000], ""UKL|TH"": [0, 3000], ""UKL|LTH"": [0, 3000], ""BP|SN"": [0, 3000], ""BP|TH"": [0, 3000], ""BP|LTH"": [0, 3000], ""BKL|SN"": [0, 3000], ""BKL|TH"": [0, 3000], ""BKL|LTH"": [0, 3000]}, ""pvalues"": {""SQ|SN"": 1.0, ""SQ|TH"": 1.0, ""SQ|LTH"": 1.0, ""UKL|SN"": 1.0, ""UKL|TH"": 1.0, ""UKL|LTH"": 1.0, ""BP|SN"": 1.0, ""BP|TH"": 1.0, ""BP|LTH"": 1.0, ""BKL|SN"": 1.0, ""BKL|TH"": 1.0, ""BKL|LTH"": 1.0}, ""rejected"": [], ""verdict"": ""H14-health: no departure from the prediction was detected"", ""bkl_zero_offset"": {""verdict"": ""pass"", ""expected"": 3000, ""replications"": 3000, ""infeasible_start"": 3000, ""mismatches"": [], ""missing"": []}}",[]
7,SQ,200,16000,SN,200,200,0.0,0.014867039231272054,"{""ok"": 200}",0.995,1.0,1.0,0.995,0.13845270556488026,3.4124979271540314,0.3922866818215865,0.3924408475402734,0.43745451967668314,2.0,0.0,199,0,0.12601004399611843,0,"{""verdict"": ""no violation"", ""violations"": 0, ""checked"": 27448, ""violating_cells"": []}","{""slopes"": [{""generator"": ""SQ"", ""p_c"": 50, ""slope"": -0.37387744893943003, ""lo"": -0.38204560748021754, ""hi"": -0.3656656886490169, ""intersects"": true}, {""generator"": ""SQ"", ""p_c"": 200, ""slope"": -0.3630240734188334, ""lo"": -0.3700524449828918, ""hi"": -0.35598837640050307, ""intersects"": true}, {""generator"": ""SQ"", ""p_c"": 800, ""slope"": -0.3420416645418425, ""lo"": -0.3479978577657304, ""hi"": -0.3358800925209334, ""intersects"": false}, {""generator"": ""UKL"", ""p_c"": 50, ""slope"": -0.4568061703848367, ""lo"": -0.4652538888003753, ""hi"": -0.44842177415408196, ""intersects"": true}, {""generator"": ""UKL"", ""p_c"": 200, ""slope"": -0.4555670306078159, ""lo"": -0.46316886778399097, ""hi"": -0.447775703849196, ""intersects"": true}, {""generator"": ""UKL"", ""p_c"": 800, ""slope"": -0.46269340659628444, ""lo"": -0.46997582070031146, ""hi"": -0.4555881153024492, ""intersects"": true}, {""generator"": ""BP"", ""p_c"": 50, ""slope"": -0.39263053619822913, ""lo"": -0.40009686121742893, ""hi"": -0.3850923790781503, ""intersects"": true}, {""generator"": ""BP"", ""p_c"": 200, ""slope"": -0.3956786453174106, ""lo"": -0.40234794273824365, ""hi"": -0.3888287183068256, ""intersects"": true}, {""generator"": ""BP"", ""p_c"": 800, ""slope"": -0.3904151304230434, ""lo"": -0.3963248349564689, ""hi"": -0.3845194345684493, ""intersects"": true}, {""generator"": ""BKL"", ""p_c"": 50, ""slope"": -0.2716605165364226, ""lo"": -0.2782109477822056, ""hi"": -0.264790285226348, ""intersects"": false}, {""generator"": ""BKL"", ""p_c"": 200, ""slope"": -0.22858791151984645, ""lo"": -0.23406550695731218, ""hi"": -0.22319437726683475, ""intersects"": false}, {""generator"": ""BKL"", ""p_c"": 800, ""slope"": -0.18599097556953456, ""lo"": -0.19090654823264008, ""hi"": -0.1810761635318152, ""intersects"": false}], ""ratios"": [{""generator"": ""SQ"", ""ratio"": 1.1669286866466106, ""lo"": 1.1555528846250227, ""hi"": 1.1785271747931854, ""below_limit"": true}, {""generator"": ""UKL"", ""ratio"": 1.1783067953267283, ""lo"": 1.1647303012157761, ""hi"": 1.1924567982824075, ""below_limit"": true}, {""generator"": ""BP"", ""ratio"": 1.1621284425783103, ""lo"": 1.1513730346281459, ""hi"": 1.1731592855942279, ""below_limit"": true}, {""generator"": ""BKL"", ""ratio"": 1.1524930865497358, ""lo"": 1.1404872046601389, ""hi"": 1.1642952261699173, ""below_limit"": true}], ""verdict"": ""negative"", ""failed"": [""slope|SQ|p_c=800"", ""slope|BKL|p_c=50"", ""slope|BKL|p_c=200"", ""slope|BKL|p_c=800""], ""incomplete"": []}","{""failures"": {""SQ|SN"": [0, 3000], ""SQ|TH"": [0, 3000], ""SQ|LTH"": [0, 3000], ""UKL|SN"": [0, 3000], ""UKL|TH"": [0, 3000], ""UKL|LTH"": [0, 3000], ""BP|SN"": [0, 3000], ""BP|TH"": [0, 3000], ""BP|LTH"": [0, 3000], ""BKL|SN"": [0, 3000], ""BKL|TH"": [0, 3000], ""BKL|LTH"": [0, 3000]}, ""pvalues"": {""SQ|SN"": 1.0, ""SQ|TH"": 1.0, ""SQ|LTH"": 1.0, ""UKL|SN"": 1.0, ""UKL|TH"": 1.0, ""UKL|LTH"": 1.0, ""BP|SN"": 1.0, ""BP|TH"": 1.0, ""BP|LTH"": 1.0, ""BKL|SN"": 1.0, ""BKL|TH"": 1.0, ""BKL|LTH"": 1.0}, ""rejected"": [], ""verdict"": ""H14-health: no departure from the prediction was detected"", ""bkl_zero_offset"": {""verdict"": ""pass"", ""expected"": 3000, ""replications"": 3000, ""infeasible_start"": 3000, ""mismatches"": [], ""missing"": []}}",[]
7,SQ,200,16000,TH,200,200,0.0,0.014867039231272054,"{""ok"": 200}",1.0,1.0,1.0,1.0,1.073741231061807,26.464919629766165,0.43719692782355524,0.4372296831336062,0.43811231478155305,0.0,0.0,200,0,0.01623959311179789,0,"{""verdict"": ""no violation"", ""violations"": 0, ""checked"": 27448, ""violating_cells"": []}","{""slopes"": [{""generator"": ""SQ"", ""p_c"": 50, ""slope"": -0.37387744893943003, ""lo"": -0.38204560748021754, ""hi"": -0.3656656886490169, ""intersects"": true}, {""generator"": ""SQ"", ""p_c"": 200, ""slope"": -0.3630240734188334, ""lo"": -0.3700524449828918, ""hi"": -0.35598837640050307, ""intersects"": true}, {""generator"": ""SQ"", ""p_c"": 800, ""slope"": -0.3420416645418425, ""lo"": -0.3479978577657304, ""hi"": -0.3358800925209334, ""intersects"": false}, {""generator"": ""UKL"", ""p_c"": 50, ""slope"": -0.4568061703848367, ""lo"": -0.4652538888003753, ""hi"": -0.44842177415408196, ""intersects"": true}, {""generator"": ""UKL"", ""p_c"": 200, ""slope"": -0.4555670306078159, ""lo"": -0.46316886778399097, ""hi"": -0.447775703849196, ""intersects"": true}, {""generator"": ""UKL"", ""p_c"": 800, ""slope"": -0.46269340659628444, ""lo"": -0.46997582070031146, ""hi"": -0.4555881153024492, ""intersects"": true}, {""generator"": ""BP"", ""p_c"": 50, ""slope"": -0.39263053619822913, ""lo"": -0.40009686121742893, ""hi"": -0.3850923790781503, ""intersects"": true}, {""generator"": ""BP"", ""p_c"": 200, ""slope"": -0.3956786453174106, ""lo"": -0.40234794273824365, ""hi"": -0.3888287183068256, ""intersects"": true}, {""generator"": ""BP"", ""p_c"": 800, ""slope"": -0.3904151304230434, ""lo"": -0.3963248349564689, ""hi"": -0.3845194345684493, ""intersects"": true}, {""generator"": ""BKL"", ""p_c"": 50, ""slope"": -0.2716605165364226, ""lo"": -0.2782109477822056, ""hi"": -0.264790285226348, ""intersects"": false}, {""generator"": ""BKL"", ""p_c"": 200, ""slope"": -0.22858791151984645, ""lo"": -0.23406550695731218, ""hi"": -0.22319437726683475, ""intersects"": false}, {""generator"": ""BKL"", ""p_c"": 800, ""slope"": -0.18599097556953456, ""lo"": -0.19090654823264008, ""hi"": -0.1810761635318152, ""intersects"": false}], ""ratios"": [{""generator"": ""SQ"", ""ratio"": 1.1669286866466106, ""lo"": 1.1555528846250227, ""hi"": 1.1785271747931854, ""below_limit"": true}, {""generator"": ""UKL"", ""ratio"": 1.1783067953267283, ""lo"": 1.1647303012157761, ""hi"": 1.1924567982824075, ""below_limit"": true}, {""generator"": ""BP"", ""ratio"": 1.1621284425783103, ""lo"": 1.1513730346281459, ""hi"": 1.1731592855942279, ""below_limit"": true}, {""generator"": ""BKL"", ""ratio"": 1.1524930865497358, ""lo"": 1.1404872046601389, ""hi"": 1.1642952261699173, ""below_limit"": true}], ""verdict"": ""negative"", ""failed"": [""slope|SQ|p_c=800"", ""slope|BKL|p_c=50"", ""slope|BKL|p_c=200"", ""slope|BKL|p_c=800""], ""incomplete"": []}","{""failures"": {""SQ|SN"": [0, 3000], ""SQ|TH"": [0, 3000], ""SQ|LTH"": [0, 3000], ""UKL|SN"": [0, 3000], ""UKL|TH"": [0, 3000], ""UKL|LTH"": [0, 3000], ""BP|SN"": [0, 3000], ""BP|TH"": [0, 3000], ""BP|LTH"": [0, 3000], ""BKL|SN"": [0, 3000], ""BKL|TH"": [0, 3000], ""BKL|LTH"": [0, 3000]}, ""pvalues"": {""SQ|SN"": 1.0, ""SQ|TH"": 1.0, ""SQ|LTH"": 1.0, ""UKL|SN"": 1.0, ""UKL|TH"": 1.0, ""UKL|LTH"": 1.0, ""BP|SN"": 1.0, ""BP|TH"": 1.0, ""BP|LTH"": 1.0, ""BKL|SN"": 1.0, ""BKL|TH"": 1.0, ""BKL|LTH"": 1.0}, ""rejected"": [], ""verdict"": ""H14-health: no departure from the prediction was detected"", ""bkl_zero_offset"": {""verdict"": ""pass"", ""expected"": 3000, ""replications"": 3000, ""infeasible_start"": 3000, ""mismatches"": [], ""missing"": []}}",[]
7,SQ,200,16000,LTH,200,200,0.0,0.014867039231272054,"{""ok"": 200}",1.0,1.0,1.0,1.0,0.14211419398656205,3.5027440628168147,0.39764380201868066,0.39837296726146704,0.43745451967668314,1.0,0.0,200,0,0.122602355994129,0,"{""verdict"": ""no violation"", ""violations"": 0, ""checked"": 27448, ""violating_cells"": []}","{""slopes"": [{""generator"": ""SQ"", ""p_c"": 50, ""slope"": -0.37387744893943003, ""lo"": -0.38204560748021754, ""hi"": -0.3656656886490169, ""intersects"": true}, {""generator"": ""SQ"", ""p_c"": 200, ""slope"": -0.3630240734188334, ""lo"": -0.3700524449828918, ""hi"": -0.35598837640050307, ""intersects"": true}, {""generator"": ""SQ"", ""p_c"": 800, ""slope"": -0.3420416645418425, ""lo"": -0.3479978577657304, ""hi"": -0.3358800925209334, ""intersects"": false}, {""generator"": ""UKL"", ""p_c"": 50, ""slope"": -0.4568061703848367, ""lo"": -0.4652538888003753, ""hi"": -0.44842177415408196, ""intersects"": true}, {""generator"": ""UKL"", ""p_c"": 200, ""slope"": -0.4555670306078159, ""lo"": -0.46316886778399097, ""hi"": -0.447775703849196, ""intersects"": true}, {""generator"": ""UKL"", ""p_c"": 800, ""slope"": -0.46269340659628444, ""lo"": -0.46997582070031146, ""hi"": -0.4555881153024492, ""intersects"": true}, {""generator"": ""BP"", ""p_c"": 50, ""slope"": -0.39263053619822913, ""lo"": -0.40009686121742893, ""hi"": -0.3850923790781503, ""intersects"": true}, {""generator"": ""BP"", ""p_c"": 200, ""slope"": -0.3956786453174106, ""lo"": -0.40234794273824365, ""hi"": -0.3888287183068256, ""intersects"": true}, {""generator"": ""BP"", ""p_c"": 800, ""slope"": -0.3904151304230434, ""lo"": -0.3963248349564689, ""hi"": -0.3845194345684493, ""intersects"": true}, {""generator"": ""BKL"", ""p_c"": 50, ""slope"": -0.2716605165364226, ""lo"": -0.2782109477822056, ""hi"": -0.264790285226348, ""intersects"": false}, {""generator"": ""BKL"", ""p_c"": 200, ""slope"": -0.22858791151984645, ""lo"": -0.23406550695731218, ""hi"": -0.22319437726683475, ""intersects"": false}, {""generator"": ""BKL"", ""p_c"": 800, ""slope"": -0.18599097556953456, ""lo"": -0.19090654823264008, ""hi"": -0.1810761635318152, ""intersects"": false}], ""ratios"": [{""generator"": ""SQ"", ""ratio"": 1.1669286866466106, ""lo"": 1.1555528846250227, ""hi"": 1.1785271747931854, ""below_limit"": true}, {""generator"": ""UKL"", ""ratio"": 1.1783067953267283, ""lo"": 1.1647303012157761, ""hi"": 1.1924567982824075, ""below_limit"": true}, {""generator"": ""BP"", ""ratio"": 1.1621284425783103, ""lo"": 1.1513730346281459, ""hi"": 1.1731592855942279, ""below_limit"": true}, {""generator"": ""BKL"", ""ratio"": 1.1524930865497358, ""lo"": 1.1404872046601389, ""hi"": 1.1642952261699173, ""below_limit"": true}], ""verdict"": ""negative"", ""failed"": [""slope|SQ|p_c=800"", ""slope|BKL|p_c=50"", ""slope|BKL|p_c=200"", ""slope|BKL|p_c=800""], ""incomplete"": []}","{""failures"": {""SQ|SN"": [0, 3000], ""SQ|TH"": [0, 3000], ""SQ|LTH"": [0, 3000], ""UKL|SN"": [0, 3000], ""UKL|TH"": [0, 3000], ""UKL|LTH"": [0, 3000], ""BP|SN"": [0, 3000], ""BP|TH"": [0, 3000], ""BP|LTH"": [0, 3000], ""BKL|SN"": [0, 3000], ""BKL|TH"": [0, 3000], ""BKL|LTH"": [0, 3000]}, ""pvalues"": {""SQ|SN"": 1.0, ""SQ|TH"": 1.0, ""SQ|LTH"": 1.0, ""UKL|SN"": 1.0, ""UKL|TH"": 1.0, ""UKL|LTH"": 1.0, ""BP|SN"": 1.0, ""BP|TH"": 1.0, ""BP|LTH"": 1.0, ""BKL|SN"": 1.0, ""BKL|TH"": 1.0, ""BKL|LTH"": 1.0}, ""rejected"": [], ""verdict"": ""H14-health: no departure from the prediction was detected"", ""bkl_zero_offset"": {""verdict"": ""pass"", ""expected"": 3000, ""replications"": 3000, ""infeasible_start"": 3000, ""mismatches"": [], ""missing"": []}}",[]
8,SQ,200,32000,SN,200,200,0.0,0.014867039231272054,"{""ok"": 200}",0.99,1.0,1.0,0.99,0.09753957814792183,2.404096091060377,0.311711965394515,0.31057774135099264,0.3622515354175223,3.0,0.0,198,0,0.14625683586310773,0,"{""verdict"": ""no violation"", ""violations"": 0, ""checked"": 27448, ""violating_cells"": []}","{""slopes"": [{""generator"": ""SQ"", ""p_c"": 50, ""slope"": -0.37387744893943003, ""lo"": -0.38204560748021754, ""hi"": -0.3656656886490169, ""intersects"": true}, {""generator"": ""SQ"", ""p_c"": 200, ""slope"": -0.3630240734188334, ""lo"": -0.3700524449828918, ""hi"": -0.35598837640050307, ""intersects"": true}, {""generator"": ""SQ"", ""p_c"": 800, ""slope"": -0.3420416645418425, ""lo"": -0.3479978577657304, ""hi"": -0.3358800925209334, ""intersects"": false}, {""generator"": ""UKL"", ""p_c"": 50, ""slope"": -0.4568061703848367, ""lo"": -0.4652538888003753, ""hi"": -0.44842177415408196, ""intersects"": true}, {""generator"": ""UKL"", ""p_c"": 200, ""slope"": -0.4555670306078159, ""lo"": -0.46316886778399097, ""hi"": -0.447775703849196, ""intersects"": true}, {""generator"": ""UKL"", ""p_c"": 800, ""slope"": -0.46269340659628444, ""lo"": -0.46997582070031146, ""hi"": -0.4555881153024492, ""intersects"": true}, {""generator"": ""BP"", ""p_c"": 50, ""slope"": -0.39263053619822913, ""lo"": -0.40009686121742893, ""hi"": -0.3850923790781503, ""intersects"": true}, {""generator"": ""BP"", ""p_c"": 200, ""slope"": -0.3956786453174106, ""lo"": -0.40234794273824365, ""hi"": -0.3888287183068256, ""intersects"": true}, {""generator"": ""BP"", ""p_c"": 800, ""slope"": -0.3904151304230434, ""lo"": -0.3963248349564689, ""hi"": -0.3845194345684493, ""intersects"": true}, {""generator"": ""BKL"", ""p_c"": 50, ""slope"": -0.2716605165364226, ""lo"": -0.2782109477822056, ""hi"": -0.264790285226348, ""intersects"": false}, {""generator"": ""BKL"", ""p_c"": 200, ""slope"": -0.22858791151984645, ""lo"": -0.23406550695731218, ""hi"": -0.22319437726683475, ""intersects"": false}, {""generator"": ""BKL"", ""p_c"": 800, ""slope"": -0.18599097556953456, ""lo"": -0.19090654823264008, ""hi"": -0.1810761635318152, ""intersects"": false}], ""ratios"": [{""generator"": ""SQ"", ""ratio"": 1.1669286866466106, ""lo"": 1.1555528846250227, ""hi"": 1.1785271747931854, ""below_limit"": true}, {""generator"": ""UKL"", ""ratio"": 1.1783067953267283, ""lo"": 1.1647303012157761, ""hi"": 1.1924567982824075, ""below_limit"": true}, {""generator"": ""BP"", ""ratio"": 1.1621284425783103, ""lo"": 1.1513730346281459, ""hi"": 1.1731592855942279, ""below_limit"": true}, {""generator"": ""BKL"", ""ratio"": 1.1524930865497358, ""lo"": 1.1404872046601389, ""hi"": 1.1642952261699173, ""below_limit"": true}], ""verdict"": ""negative"", ""failed"": [""slope|SQ|p_c=800"", ""slope|BKL|p_c=50"", ""slope|BKL|p_c=200"", ""slope|BKL|p_c=800""], ""incomplete"": []}","{""failures"": {""SQ|SN"": [0, 3000], ""SQ|TH"": [0, 3000], ""SQ|LTH"": [0, 3000], ""UKL|SN"": [0, 3000], ""UKL|TH"": [0, 3000], ""UKL|LTH"": [0, 3000], ""BP|SN"": [0, 3000], ""BP|TH"": [0, 3000], ""BP|LTH"": [0, 3000], ""BKL|SN"": [0, 3000], ""BKL|TH"": [0, 3000], ""BKL|LTH"": [0, 3000]}, ""pvalues"": {""SQ|SN"": 1.0, ""SQ|TH"": 1.0, ""SQ|LTH"": 1.0, ""UKL|SN"": 1.0, ""UKL|TH"": 1.0, ""UKL|LTH"": 1.0, ""BP|SN"": 1.0, ""BP|TH"": 1.0, ""BP|LTH"": 1.0, ""BKL|SN"": 1.0, ""BKL|TH"": 1.0, ""BKL|LTH"": 1.0}, ""rejected"": [], ""verdict"": ""H14-health: no departure from the prediction was detected"", ""bkl_zero_offset"": {""verdict"": ""pass"", ""expected"": 3000, ""replications"": 3000, ""infeasible_start"": 3000, ""mismatches"": [], ""missing"": []}}",[]
8,SQ,200,32000,TH,200,200,0.0,0.014867039231272054,"{""ok"": 200}",1.0,1.0,1.0,1.0,0.7592497057233955,18.713524133764633,0.43719692782355524,0.4372296831336062,0.43811231478155305,0.0,0.0,200,0,0.02296625282612527,0,"{""verdict"": ""no violation"", ""violations"": 0, ""checked"": 27448, ""violating_cells"": []}","{""slopes"": [{""generator"": ""SQ"", ""p_c"": 50, ""slope"": -0.37387744893943003, ""lo"": -0.38204560748021754, ""hi"": -0.3656656886490169, ""intersects"": true}, {""generator"": ""SQ"", ""p_c"": 200, ""slope"": -0.3630240734188334, ""lo"": -0.3700524449828918, ""hi"": -0.35598837640050307, ""intersects"": true}, {""generator"": ""SQ"", ""p_c"": 800, ""slope"": -0.3420416645418425, ""lo"": -0.3479978577657304, ""hi"": -0.3358800925209334, ""intersects"": false}, {""generator"": ""UKL"", ""p_c"": 50, ""slope"": -0.4568061703848367, ""lo"": -0.4652538888003753, ""hi"": -0.44842177415408196, ""intersects"": true}, {""generator"": ""UKL"", ""p_c"": 200, ""slope"": -0.4555670306078159, ""lo"": -0.46316886778399097, ""hi"": -0.447775703849196, ""intersects"": true}, {""generator"": ""UKL"", ""p_c"": 800, ""slope"": -0.46269340659628444, ""lo"": -0.46997582070031146, ""hi"": -0.4555881153024492, ""intersects"": true}, {""generator"": ""BP"", ""p_c"": 50, ""slope"": -0.39263053619822913, ""lo"": -0.40009686121742893, ""hi"": -0.3850923790781503, ""intersects"": true}, {""generator"": ""BP"", ""p_c"": 200, ""slope"": -0.3956786453174106, ""lo"": -0.40234794273824365, ""hi"": -0.3888287183068256, ""intersects"": true}, {""generator"": ""BP"", ""p_c"": 800, ""slope"": -0.3904151304230434, ""lo"": -0.3963248349564689, ""hi"": -0.3845194345684493, ""intersects"": true}, {""generator"": ""BKL"", ""p_c"": 50, ""slope"": -0.2716605165364226, ""lo"": -0.2782109477822056, ""hi"": -0.264790285226348, ""intersects"": false}, {""generator"": ""BKL"", ""p_c"": 200, ""slope"": -0.22858791151984645, ""lo"": -0.23406550695731218, ""hi"": -0.22319437726683475, ""intersects"": false}, {""generator"": ""BKL"", ""p_c"": 800, ""slope"": -0.18599097556953456, ""lo"": -0.19090654823264008, ""hi"": -0.1810761635318152, ""intersects"": false}], ""ratios"": [{""generator"": ""SQ"", ""ratio"": 1.1669286866466106, ""lo"": 1.1555528846250227, ""hi"": 1.1785271747931854, ""below_limit"": true}, {""generator"": ""UKL"", ""ratio"": 1.1783067953267283, ""lo"": 1.1647303012157761, ""hi"": 1.1924567982824075, ""below_limit"": true}, {""generator"": ""BP"", ""ratio"": 1.1621284425783103, ""lo"": 1.1513730346281459, ""hi"": 1.1731592855942279, ""below_limit"": true}, {""generator"": ""BKL"", ""ratio"": 1.1524930865497358, ""lo"": 1.1404872046601389, ""hi"": 1.1642952261699173, ""below_limit"": true}], ""verdict"": ""negative"", ""failed"": [""slope|SQ|p_c=800"", ""slope|BKL|p_c=50"", ""slope|BKL|p_c=200"", ""slope|BKL|p_c=800""], ""incomplete"": []}","{""failures"": {""SQ|SN"": [0, 3000], ""SQ|TH"": [0, 3000], ""SQ|LTH"": [0, 3000], ""UKL|SN"": [0, 3000], ""UKL|TH"": [0, 3000], ""UKL|LTH"": [0, 3000], ""BP|SN"": [0, 3000], ""BP|TH"": [0, 3000], ""BP|LTH"": [0, 3000], ""BKL|SN"": [0, 3000], ""BKL|TH"": [0, 3000], ""BKL|LTH"": [0, 3000]}, ""pvalues"": {""SQ|SN"": 1.0, ""SQ|TH"": 1.0, ""SQ|LTH"": 1.0, ""UKL|SN"": 1.0, ""UKL|TH"": 1.0, ""UKL|LTH"": 1.0, ""BP|SN"": 1.0, ""BP|TH"": 1.0, ""BP|LTH"": 1.0, ""BKL|SN"": 1.0, ""BKL|TH"": 1.0, ""BKL|LTH"": 1.0}, ""rejected"": [], ""verdict"": ""H14-health: no departure from the prediction was detected"", ""bkl_zero_offset"": {""verdict"": ""pass"", ""expected"": 3000, ""replications"": 3000, ""infeasible_start"": 3000, ""mismatches"": [], ""missing"": []}}",[]
8,SQ,200,32000,LTH,200,200,0.0,0.014867039231272054,"{""ok"": 200}",0.995,1.0,1.0,0.995,0.09979329200148426,2.4596442569290184,0.31699815490452976,0.3157643254786129,0.3680523130833924,3.0,0.0,199,0,0.14542085816174707,0,"{""verdict"": ""no violation"", ""violations"": 0, ""checked"": 27448, ""violating_cells"": []}","{""slopes"": [{""generator"": ""SQ"", ""p_c"": 50, ""slope"": -0.37387744893943003, ""lo"": -0.38204560748021754, ""hi"": -0.3656656886490169, ""intersects"": true}, {""generator"": ""SQ"", ""p_c"": 200, ""slope"": -0.3630240734188334, ""lo"": -0.3700524449828918, ""hi"": -0.35598837640050307, ""intersects"": true}, {""generator"": ""SQ"", ""p_c"": 800, ""slope"": -0.3420416645418425, ""lo"": -0.3479978577657304, ""hi"": -0.3358800925209334, ""intersects"": false}, {""generator"": ""UKL"", ""p_c"": 50, ""slope"": -0.4568061703848367, ""lo"": -0.4652538888003753, ""hi"": -0.44842177415408196, ""intersects"": true}, {""generator"": ""UKL"", ""p_c"": 200, ""slope"": -0.4555670306078159, ""lo"": -0.46316886778399097, ""hi"": -0.447775703849196, ""intersects"": true}, {""generator"": ""UKL"", ""p_c"": 800, ""slope"": -0.46269340659628444, ""lo"": -0.46997582070031146, ""hi"": -0.4555881153024492, ""intersects"": true}, {""generator"": ""BP"", ""p_c"": 50, ""slope"": -0.39263053619822913, ""lo"": -0.40009686121742893, ""hi"": -0.3850923790781503, ""intersects"": true}, {""generator"": ""BP"", ""p_c"": 200, ""slope"": -0.3956786453174106, ""lo"": -0.40234794273824365, ""hi"": -0.3888287183068256, ""intersects"": true}, {""generator"": ""BP"", ""p_c"": 800, ""slope"": -0.3904151304230434, ""lo"": -0.3963248349564689, ""hi"": -0.3845194345684493, ""intersects"": true}, {""generator"": ""BKL"", ""p_c"": 50, ""slope"": -0.2716605165364226, ""lo"": -0.2782109477822056, ""hi"": -0.264790285226348, ""intersects"": false}, {""generator"": ""BKL"", ""p_c"": 200, ""slope"": -0.22858791151984645, ""lo"": -0.23406550695731218, ""hi"": -0.22319437726683475, ""intersects"": false}, {""generator"": ""BKL"", ""p_c"": 800, ""slope"": -0.18599097556953456, ""lo"": -0.19090654823264008, ""hi"": -0.1810761635318152, ""intersects"": false}], ""ratios"": [{""generator"": ""SQ"", ""ratio"": 1.1669286866466106, ""lo"": 1.1555528846250227, ""hi"": 1.1785271747931854, ""below_limit"": true}, {""generator"": ""UKL"", ""ratio"": 1.1783067953267283, ""lo"": 1.1647303012157761, ""hi"": 1.1924567982824075, ""below_limit"": true}, {""generator"": ""BP"", ""ratio"": 1.1621284425783103, ""lo"": 1.1513730346281459, ""hi"": 1.1731592855942279, ""below_limit"": true}, {""generator"": ""BKL"", ""ratio"": 1.1524930865497358, ""lo"": 1.1404872046601389, ""hi"": 1.1642952261699173, ""below_limit"": true}], ""verdict"": ""negative"", ""failed"": [""slope|SQ|p_c=800"", ""slope|BKL|p_c=50"", ""slope|BKL|p_c=200"", ""slope|BKL|p_c=800""], ""incomplete"": []}","{""failures"": {""SQ|SN"": [0, 3000], ""SQ|TH"": [0, 3000], ""SQ|LTH"": [0, 3000], ""UKL|SN"": [0, 3000], ""UKL|TH"": [0, 3000], ""UKL|LTH"": [0, 3000], ""BP|SN"": [0, 3000], ""BP|TH"": [0, 3000], ""BP|LTH"": [0, 3000], ""BKL|SN"": [0, 3000], ""BKL|TH"": [0, 3000], ""BKL|LTH"": [0, 3000]}, ""pvalues"": {""SQ|SN"": 1.0, ""SQ|TH"": 1.0, ""SQ|LTH"": 1.0, ""UKL|SN"": 1.0, ""UKL|TH"": 1.0, ""UKL|LTH"": 1.0, ""BP|SN"": 1.0, ""BP|TH"": 1.0, ""BP|LTH"": 1.0, ""BKL|SN"": 1.0, ""BKL|TH"": 1.0, ""BKL|LTH"": 1.0}, ""rejected"": [], ""verdict"": ""H14-health: no departure from the prediction was detected"", ""bkl_zero_offset"": {""verdict"": ""pass"", ""expected"": 3000, ""replications"": 3000, ""infeasible_start"": 3000, ""mismatches"": [], ""missing"": []}}",[]
9,SQ,200,64000,SN,200,200,0.0,0.014867039231272054,"{""ok"": 200}",0.995,1.0,1.0,0.995,0.0687753946772007,1.6951340229690715,0.23715991910596534,0.23674157517190703,0.2821030932831052,4.0,0.0,199,0,0.1591336317502575,0,"{""verdict"": ""no violation"", ""violations"": 0, ""checked"": 27448, ""violating_cells"": []}","{""slopes"": [{""generator"": ""SQ"", ""p_c"": 50, ""slope"": -0.37387744893943003, ""lo"": -0.38204560748021754, ""hi"": -0.3656656886490169, ""intersects"": true}, {""generator"": ""SQ"", ""p_c"": 200, ""slope"": -0.3630240734188334, ""lo"": -0.3700524449828918, ""hi"": -0.35598837640050307, ""intersects"": true}, {""generator"": ""SQ"", ""p_c"": 800, ""slope"": -0.3420416645418425, ""lo"": -0.3479978577657304, ""hi"": -0.3358800925209334, ""intersects"": false}, {""generator"": ""UKL"", ""p_c"": 50, ""slope"": -0.4568061703848367, ""lo"": -0.4652538888003753, ""hi"": -0.44842177415408196, ""intersects"": true}, {""generator"": ""UKL"", ""p_c"": 200, ""slope"": -0.4555670306078159, ""lo"": -0.46316886778399097, ""hi"": -0.447775703849196, ""intersects"": true}, {""generator"": ""UKL"", ""p_c"": 800, ""slope"": -0.46269340659628444, ""lo"": -0.46997582070031146, ""hi"": -0.4555881153024492, ""intersects"": true}, {""generator"": ""BP"", ""p_c"": 50, ""slope"": -0.39263053619822913, ""lo"": -0.40009686121742893, ""hi"": -0.3850923790781503, ""intersects"": true}, {""generator"": ""BP"", ""p_c"": 200, ""slope"": -0.3956786453174106, ""lo"": -0.40234794273824365, ""hi"": -0.3888287183068256, ""intersects"": true}, {""generator"": ""BP"", ""p_c"": 800, ""slope"": -0.3904151304230434, ""lo"": -0.3963248349564689, ""hi"": -0.3845194345684493, ""intersects"": true}, {""generator"": ""BKL"", ""p_c"": 50, ""slope"": -0.2716605165364226, ""lo"": -0.2782109477822056, ""hi"": -0.264790285226348, ""intersects"": false}, {""generator"": ""BKL"", ""p_c"": 200, ""slope"": -0.22858791151984645, ""lo"": -0.23406550695731218, ""hi"": -0.22319437726683475, ""intersects"": false}, {""generator"": ""BKL"", ""p_c"": 800, ""slope"": -0.18599097556953456, ""lo"": -0.19090654823264008, ""hi"": -0.1810761635318152, ""intersects"": false}], ""ratios"": [{""generator"": ""SQ"", ""ratio"": 1.1669286866466106, ""lo"": 1.1555528846250227, ""hi"": 1.1785271747931854, ""below_limit"": true}, {""generator"": ""UKL"", ""ratio"": 1.1783067953267283, ""lo"": 1.1647303012157761, ""hi"": 1.1924567982824075, ""below_limit"": true}, {""generator"": ""BP"", ""ratio"": 1.1621284425783103, ""lo"": 1.1513730346281459, ""hi"": 1.1731592855942279, ""below_limit"": true}, {""generator"": ""BKL"", ""ratio"": 1.1524930865497358, ""lo"": 1.1404872046601389, ""hi"": 1.1642952261699173, ""below_limit"": true}], ""verdict"": ""negative"", ""failed"": [""slope|SQ|p_c=800"", ""slope|BKL|p_c=50"", ""slope|BKL|p_c=200"", ""slope|BKL|p_c=800""], ""incomplete"": []}","{""failures"": {""SQ|SN"": [0, 3000], ""SQ|TH"": [0, 3000], ""SQ|LTH"": [0, 3000], ""UKL|SN"": [0, 3000], ""UKL|TH"": [0, 3000], ""UKL|LTH"": [0, 3000], ""BP|SN"": [0, 3000], ""BP|TH"": [0, 3000], ""BP|LTH"": [0, 3000], ""BKL|SN"": [0, 3000], ""BKL|TH"": [0, 3000], ""BKL|LTH"": [0, 3000]}, ""pvalues"": {""SQ|SN"": 1.0, ""SQ|TH"": 1.0, ""SQ|LTH"": 1.0, ""UKL|SN"": 1.0, ""UKL|TH"": 1.0, ""UKL|LTH"": 1.0, ""BP|SN"": 1.0, ""BP|TH"": 1.0, ""BP|LTH"": 1.0, ""BKL|SN"": 1.0, ""BKL|TH"": 1.0, ""BKL|LTH"": 1.0}, ""rejected"": [], ""verdict"": ""H14-health: no departure from the prediction was detected"", ""bkl_zero_offset"": {""verdict"": ""pass"", ""expected"": 3000, ""replications"": 3000, ""infeasible_start"": 3000, ""mismatches"": [], ""missing"": []}}",[]
9,SQ,200,64000,TH,200,200,0.0,0.014867039231272054,"{""ok"": 200}",1.0,1.0,1.0,1.0,0.5368706155309035,13.232459814883082,0.43719692782355524,0.4372296831336062,0.43811231478155305,0.0,0.0,200,0,0.03247918622359578,0,"{""verdict"": ""no violation"", ""violations"": 0, ""checked"": 27448, ""violating_cells"": []}","{""slopes"": [{""generator"": ""SQ"", ""p_c"": 50, ""slope"": -0.37387744893943003, ""lo"": -0.38204560748021754, ""hi"": -0.3656656886490169, ""intersects"": true}, {""generator"": ""SQ"", ""p_c"": 200, ""slope"": -0.3630240734188334, ""lo"": -0.3700524449828918, ""hi"": -0.35598837640050307, ""intersects"": true}, {""generator"": ""SQ"", ""p_c"": 800, ""slope"": -0.3420416645418425, ""lo"": -0.3479978577657304, ""hi"": -0.3358800925209334, ""intersects"": false}, {""generator"": ""UKL"", ""p_c"": 50, ""slope"": -0.4568061703848367, ""lo"": -0.4652538888003753, ""hi"": -0.44842177415408196, ""intersects"": true}, {""generator"": ""UKL"", ""p_c"": 200, ""slope"": -0.4555670306078159, ""lo"": -0.46316886778399097, ""hi"": -0.447775703849196, ""intersects"": true}, {""generator"": ""UKL"", ""p_c"": 800, ""slope"": -0.46269340659628444, ""lo"": -0.46997582070031146, ""hi"": -0.4555881153024492, ""intersects"": true}, {""generator"": ""BP"", ""p_c"": 50, ""slope"": -0.39263053619822913, ""lo"": -0.40009686121742893, ""hi"": -0.3850923790781503, ""intersects"": true}, {""generator"": ""BP"", ""p_c"": 200, ""slope"": -0.3956786453174106, ""lo"": -0.40234794273824365, ""hi"": -0.3888287183068256, ""intersects"": true}, {""generator"": ""BP"", ""p_c"": 800, ""slope"": -0.3904151304230434, ""lo"": -0.3963248349564689, ""hi"": -0.3845194345684493, ""intersects"": true}, {""generator"": ""BKL"", ""p_c"": 50, ""slope"": -0.2716605165364226, ""lo"": -0.2782109477822056, ""hi"": -0.264790285226348, ""intersects"": false}, {""generator"": ""BKL"", ""p_c"": 200, ""slope"": -0.22858791151984645, ""lo"": -0.23406550695731218, ""hi"": -0.22319437726683475, ""intersects"": false}, {""generator"": ""BKL"", ""p_c"": 800, ""slope"": -0.18599097556953456, ""lo"": -0.19090654823264008, ""hi"": -0.1810761635318152, ""intersects"": false}], ""ratios"": [{""generator"": ""SQ"", ""ratio"": 1.1669286866466106, ""lo"": 1.1555528846250227, ""hi"": 1.1785271747931854, ""below_limit"": true}, {""generator"": ""UKL"", ""ratio"": 1.1783067953267283, ""lo"": 1.1647303012157761, ""hi"": 1.1924567982824075, ""below_limit"": true}, {""generator"": ""BP"", ""ratio"": 1.1621284425783103, ""lo"": 1.1513730346281459, ""hi"": 1.1731592855942279, ""below_limit"": true}, {""generator"": ""BKL"", ""ratio"": 1.1524930865497358, ""lo"": 1.1404872046601389, ""hi"": 1.1642952261699173, ""below_limit"": true}], ""verdict"": ""negative"", ""failed"": [""slope|SQ|p_c=800"", ""slope|BKL|p_c=50"", ""slope|BKL|p_c=200"", ""slope|BKL|p_c=800""], ""incomplete"": []}","{""failures"": {""SQ|SN"": [0, 3000], ""SQ|TH"": [0, 3000], ""SQ|LTH"": [0, 3000], ""UKL|SN"": [0, 3000], ""UKL|TH"": [0, 3000], ""UKL|LTH"": [0, 3000], ""BP|SN"": [0, 3000], ""BP|TH"": [0, 3000], ""BP|LTH"": [0, 3000], ""BKL|SN"": [0, 3000], ""BKL|TH"": [0, 3000], ""BKL|LTH"": [0, 3000]}, ""pvalues"": {""SQ|SN"": 1.0, ""SQ|TH"": 1.0, ""SQ|LTH"": 1.0, ""UKL|SN"": 1.0, ""UKL|TH"": 1.0, ""UKL|LTH"": 1.0, ""BP|SN"": 1.0, ""BP|TH"": 1.0, ""BP|LTH"": 1.0, ""BKL|SN"": 1.0, ""BKL|TH"": 1.0, ""BKL|LTH"": 1.0}, ""rejected"": [], ""verdict"": ""H14-health: no departure from the prediction was detected"", ""bkl_zero_offset"": {""verdict"": ""pass"", ""expected"": 3000, ""replications"": 3000, ""infeasible_start"": 3000, ""mismatches"": [], ""missing"": []}}",[]
9,SQ,200,64000,LTH,200,200,0.0,0.014867039231272054,"{""ok"": 200}",0.995,1.0,1.0,0.995,0.0702603259927099,1.7317337052610626,0.241251075667386,0.240534658443707,0.2860345406046343,3.0,0.0,199,0,0.15821642919888884,0,"{""verdict"": ""no violation"", ""violations"": 0, ""checked"": 27448, ""violating_cells"": []}","{""slopes"": [{""generator"": ""SQ"", ""p_c"": 50, ""slope"": -0.37387744893943003, ""lo"": -0.38204560748021754, ""hi"": -0.3656656886490169, ""intersects"": true}, {""generator"": ""SQ"", ""p_c"": 200, ""slope"": -0.3630240734188334, ""lo"": -0.3700524449828918, ""hi"": -0.35598837640050307, ""intersects"": true}, {""generator"": ""SQ"", ""p_c"": 800, ""slope"": -0.3420416645418425, ""lo"": -0.3479978577657304, ""hi"": -0.3358800925209334, ""intersects"": false}, {""generator"": ""UKL"", ""p_c"": 50, ""slope"": -0.4568061703848367, ""lo"": -0.4652538888003753, ""hi"": -0.44842177415408196, ""intersects"": true}, {""generator"": ""UKL"", ""p_c"": 200, ""slope"": -0.4555670306078159, ""lo"": -0.46316886778399097, ""hi"": -0.447775703849196, ""intersects"": true}, {""generator"": ""UKL"", ""p_c"": 800, ""slope"": -0.46269340659628444, ""lo"": -0.46997582070031146, ""hi"": -0.4555881153024492, ""intersects"": true}, {""generator"": ""BP"", ""p_c"": 50, ""slope"": -0.39263053619822913, ""lo"": -0.40009686121742893, ""hi"": -0.3850923790781503, ""intersects"": true}, {""generator"": ""BP"", ""p_c"": 200, ""slope"": -0.3956786453174106, ""lo"": -0.40234794273824365, ""hi"": -0.3888287183068256, ""intersects"": true}, {""generator"": ""BP"", ""p_c"": 800, ""slope"": -0.3904151304230434, ""lo"": -0.3963248349564689, ""hi"": -0.3845194345684493, ""intersects"": true}, {""generator"": ""BKL"", ""p_c"": 50, ""slope"": -0.2716605165364226, ""lo"": -0.2782109477822056, ""hi"": -0.264790285226348, ""intersects"": false}, {""generator"": ""BKL"", ""p_c"": 200, ""slope"": -0.22858791151984645, ""lo"": -0.23406550695731218, ""hi"": -0.22319437726683475, ""intersects"": false}, {""generator"": ""BKL"", ""p_c"": 800, ""slope"": -0.18599097556953456, ""lo"": -0.19090654823264008, ""hi"": -0.1810761635318152, ""intersects"": false}], ""ratios"": [{""generator"": ""SQ"", ""ratio"": 1.1669286866466106, ""lo"": 1.1555528846250227, ""hi"": 1.1785271747931854, ""below_limit"": true}, {""generator"": ""UKL"", ""ratio"": 1.1783067953267283, ""lo"": 1.1647303012157761, ""hi"": 1.1924567982824075, ""below_limit"": true}, {""generator"": ""BP"", ""ratio"": 1.1621284425783103, ""lo"": 1.1513730346281459, ""hi"": 1.1731592855942279, ""below_limit"": true}, {""generator"": ""BKL"", ""ratio"": 1.1524930865497358, ""lo"": 1.1404872046601389, ""hi"": 1.1642952261699173, ""below_limit"": true}], ""verdict"": ""negative"", ""failed"": [""slope|SQ|p_c=800"", ""slope|BKL|p_c=50"", ""slope|BKL|p_c=200"", ""slope|BKL|p_c=800""], ""incomplete"": []}","{""failures"": {""SQ|SN"": [0, 3000], ""SQ|TH"": [0, 3000], ""SQ|LTH"": [0, 3000], ""UKL|SN"": [0, 3000], ""UKL|TH"": [0, 3000], ""UKL|LTH"": [0, 3000], ""BP|SN"": [0, 3000], ""BP|TH"": [0, 3000], ""BP|LTH"": [0, 3000], ""BKL|SN"": [0, 3000], ""BKL|TH"": [0, 3000], ""BKL|LTH"": [0, 3000]}, ""pvalues"": {""SQ|SN"": 1.0, ""SQ|TH"": 1.0, ""SQ|LTH"": 1.0, ""UKL|SN"": 1.0, ""UKL|TH"": 1.0, ""UKL|LTH"": 1.0, ""BP|SN"": 1.0, ""BP|TH"": 1.0, ""BP|LTH"": 1.0, ""BKL|SN"": 1.0, ""BKL|TH"": 1.0, ""BKL|LTH"": 1.0}, ""rejected"": [], ""verdict"": ""H14-health: no departure from the prediction was detected"", ""bkl_zero_offset"": {""verdict"": ""pass"", ""expected"": 3000, ""replications"": 3000, ""infeasible_start"": 3000, ""mismatches"": [], ""missing"": []}}",[]
10,SQ,800,4000,SN,200,200,0.0,0.014867039231272054,"{""ok"": 200}",0.995,0.0,0.0,0.0,0.3075489363525802,7.580278792817064,0.43719692782355524,0.4372296831336062,0.43811231478155305,0.0,0.0,0,0,,0,"{""verdict"": ""no violation"", ""violations"": 0, ""checked"": 27448, ""violating_cells"": []}","{""slopes"": [{""generator"": ""SQ"", ""p_c"": 50, ""slope"": -0.37387744893943003, ""lo"": -0.38204560748021754, ""hi"": -0.3656656886490169, ""intersects"": true}, {""generator"": ""SQ"", ""p_c"": 200, ""slope"": -0.3630240734188334, ""lo"": -0.3700524449828918, ""hi"": -0.35598837640050307, ""intersects"": true}, {""generator"": ""SQ"", ""p_c"": 800, ""slope"": -0.3420416645418425, ""lo"": -0.3479978577657304, ""hi"": -0.3358800925209334, ""intersects"": false}, {""generator"": ""UKL"", ""p_c"": 50, ""slope"": -0.4568061703848367, ""lo"": -0.4652538888003753, ""hi"": -0.44842177415408196, ""intersects"": true}, {""generator"": ""UKL"", ""p_c"": 200, ""slope"": -0.4555670306078159, ""lo"": -0.46316886778399097, ""hi"": -0.447775703849196, ""intersects"": true}, {""generator"": ""UKL"", ""p_c"": 800, ""slope"": -0.46269340659628444, ""lo"": -0.46997582070031146, ""hi"": -0.4555881153024492, ""intersects"": true}, {""generator"": ""BP"", ""p_c"": 50, ""slope"": -0.39263053619822913, ""lo"": -0.40009686121742893, ""hi"": -0.3850923790781503, ""intersects"": true}, {""generator"": ""BP"", ""p_c"": 200, ""slope"": -0.3956786453174106, ""lo"": -0.40234794273824365, ""hi"": -0.3888287183068256, ""intersects"": true}, {""generator"": ""BP"", ""p_c"": 800, ""slope"": -0.3904151304230434, ""lo"": -0.3963248349564689, ""hi"": -0.3845194345684493, ""intersects"": true}, {""generator"": ""BKL"", ""p_c"": 50, ""slope"": -0.2716605165364226, ""lo"": -0.2782109477822056, ""hi"": -0.264790285226348, ""intersects"": false}, {""generator"": ""BKL"", ""p_c"": 200, ""slope"": -0.22858791151984645, ""lo"": -0.23406550695731218, ""hi"": -0.22319437726683475, ""intersects"": false}, {""generator"": ""BKL"", ""p_c"": 800, ""slope"": -0.18599097556953456, ""lo"": -0.19090654823264008, ""hi"": -0.1810761635318152, ""intersects"": false}], ""ratios"": [{""generator"": ""SQ"", ""ratio"": 1.1669286866466106, ""lo"": 1.1555528846250227, ""hi"": 1.1785271747931854, ""below_limit"": true}, {""generator"": ""UKL"", ""ratio"": 1.1783067953267283, ""lo"": 1.1647303012157761, ""hi"": 1.1924567982824075, ""below_limit"": true}, {""generator"": ""BP"", ""ratio"": 1.1621284425783103, ""lo"": 1.1513730346281459, ""hi"": 1.1731592855942279, ""below_limit"": true}, {""generator"": ""BKL"", ""ratio"": 1.1524930865497358, ""lo"": 1.1404872046601389, ""hi"": 1.1642952261699173, ""below_limit"": true}], ""verdict"": ""negative"", ""failed"": [""slope|SQ|p_c=800"", ""slope|BKL|p_c=50"", ""slope|BKL|p_c=200"", ""slope|BKL|p_c=800""], ""incomplete"": []}","{""failures"": {""SQ|SN"": [0, 3000], ""SQ|TH"": [0, 3000], ""SQ|LTH"": [0, 3000], ""UKL|SN"": [0, 3000], ""UKL|TH"": [0, 3000], ""UKL|LTH"": [0, 3000], ""BP|SN"": [0, 3000], ""BP|TH"": [0, 3000], ""BP|LTH"": [0, 3000], ""BKL|SN"": [0, 3000], ""BKL|TH"": [0, 3000], ""BKL|LTH"": [0, 3000]}, ""pvalues"": {""SQ|SN"": 1.0, ""SQ|TH"": 1.0, ""SQ|LTH"": 1.0, ""UKL|SN"": 1.0, ""UKL|TH"": 1.0, ""UKL|LTH"": 1.0, ""BP|SN"": 1.0, ""BP|TH"": 1.0, ""BP|LTH"": 1.0, ""BKL|SN"": 1.0, ""BKL|TH"": 1.0, ""BKL|LTH"": 1.0}, ""rejected"": [], ""verdict"": ""H14-health: no departure from the prediction was detected"", ""bkl_zero_offset"": {""verdict"": ""pass"", ""expected"": 3000, ""replications"": 3000, ""infeasible_start"": 3000, ""mismatches"": [], ""missing"": []}}",[]
10,SQ,800,4000,TH,200,200,0.0,0.014867039231272054,"{""ok"": 200}",1.0,0.0,0.0,0.0,2.3061733315234307,56.84115511772174,0.43719692782355524,0.4372296831336062,0.43811231478155305,0.0,0.0,0,0,,0,"{""verdict"": ""no violation"", ""violations"": 0, ""checked"": 27448, ""violating_cells"": []}","{""slopes"": [{""generator"": ""SQ"", ""p_c"": 50, ""slope"": -0.37387744893943003, ""lo"": -0.38204560748021754, ""hi"": -0.3656656886490169, ""intersects"": true}, {""generator"": ""SQ"", ""p_c"": 200, ""slope"": -0.3630240734188334, ""lo"": -0.3700524449828918, ""hi"": -0.35598837640050307, ""intersects"": true}, {""generator"": ""SQ"", ""p_c"": 800, ""slope"": -0.3420416645418425, ""lo"": -0.3479978577657304, ""hi"": -0.3358800925209334, ""intersects"": false}, {""generator"": ""UKL"", ""p_c"": 50, ""slope"": -0.4568061703848367, ""lo"": -0.4652538888003753, ""hi"": -0.44842177415408196, ""intersects"": true}, {""generator"": ""UKL"", ""p_c"": 200, ""slope"": -0.4555670306078159, ""lo"": -0.46316886778399097, ""hi"": -0.447775703849196, ""intersects"": true}, {""generator"": ""UKL"", ""p_c"": 800, ""slope"": -0.46269340659628444, ""lo"": -0.46997582070031146, ""hi"": -0.4555881153024492, ""intersects"": true}, {""generator"": ""BP"", ""p_c"": 50, ""slope"": -0.39263053619822913, ""lo"": -0.40009686121742893, ""hi"": -0.3850923790781503, ""intersects"": true}, {""generator"": ""BP"", ""p_c"": 200, ""slope"": -0.3956786453174106, ""lo"": -0.40234794273824365, ""hi"": -0.3888287183068256, ""intersects"": true}, {""generator"": ""BP"", ""p_c"": 800, ""slope"": -0.3904151304230434, ""lo"": -0.3963248349564689, ""hi"": -0.3845194345684493, ""intersects"": true}, {""generator"": ""BKL"", ""p_c"": 50, ""slope"": -0.2716605165364226, ""lo"": -0.2782109477822056, ""hi"": -0.264790285226348, ""intersects"": false}, {""generator"": ""BKL"", ""p_c"": 200, ""slope"": -0.22858791151984645, ""lo"": -0.23406550695731218, ""hi"": -0.22319437726683475, ""intersects"": false}, {""generator"": ""BKL"", ""p_c"": 800, ""slope"": -0.18599097556953456, ""lo"": -0.19090654823264008, ""hi"": -0.1810761635318152, ""intersects"": false}], ""ratios"": [{""generator"": ""SQ"", ""ratio"": 1.1669286866466106, ""lo"": 1.1555528846250227, ""hi"": 1.1785271747931854, ""below_limit"": true}, {""generator"": ""UKL"", ""ratio"": 1.1783067953267283, ""lo"": 1.1647303012157761, ""hi"": 1.1924567982824075, ""below_limit"": true}, {""generator"": ""BP"", ""ratio"": 1.1621284425783103, ""lo"": 1.1513730346281459, ""hi"": 1.1731592855942279, ""below_limit"": true}, {""generator"": ""BKL"", ""ratio"": 1.1524930865497358, ""lo"": 1.1404872046601389, ""hi"": 1.1642952261699173, ""below_limit"": true}], ""verdict"": ""negative"", ""failed"": [""slope|SQ|p_c=800"", ""slope|BKL|p_c=50"", ""slope|BKL|p_c=200"", ""slope|BKL|p_c=800""], ""incomplete"": []}","{""failures"": {""SQ|SN"": [0, 3000], ""SQ|TH"": [0, 3000], ""SQ|LTH"": [0, 3000], ""UKL|SN"": [0, 3000], ""UKL|TH"": [0, 3000], ""UKL|LTH"": [0, 3000], ""BP|SN"": [0, 3000], ""BP|TH"": [0, 3000], ""BP|LTH"": [0, 3000], ""BKL|SN"": [0, 3000], ""BKL|TH"": [0, 3000], ""BKL|LTH"": [0, 3000]}, ""pvalues"": {""SQ|SN"": 1.0, ""SQ|TH"": 1.0, ""SQ|LTH"": 1.0, ""UKL|SN"": 1.0, ""UKL|TH"": 1.0, ""UKL|LTH"": 1.0, ""BP|SN"": 1.0, ""BP|TH"": 1.0, ""BP|LTH"": 1.0, ""BKL|SN"": 1.0, ""BKL|TH"": 1.0, ""BKL|LTH"": 1.0}, ""rejected"": [], ""verdict"": ""H14-health: no departure from the prediction was detected"", ""bkl_zero_offset"": {""verdict"": ""pass"", ""expected"": 3000, ""replications"": 3000, ""infeasible_start"": 3000, ""mismatches"": [], ""missing"": []}}",[]
10,SQ,800,4000,LTH,200,200,0.0,0.014867039231272054,"{""ok"": 200}",0.995,0.0,0.0,0.0,0.31057031755373754,7.654747955727428,0.43719692782355524,0.4372296831336062,0.43811231478155305,0.0,0.0,0,0,,0,"{""verdict"": ""no violation"", ""violations"": 0, ""checked"": 27448, ""violating_cells"": []}","{""slopes"": [{""generator"": ""SQ"", ""p_c"": 50, ""slope"": -0.37387744893943003, ""lo"": -0.38204560748021754, ""hi"": -0.3656656886490169, ""intersects"": true}, {""generator"": ""SQ"", ""p_c"": 200, ""slope"": -0.3630240734188334, ""lo"": -0.3700524449828918, ""hi"": -0.35598837640050307, ""intersects"": true}, {""generator"": ""SQ"", ""p_c"": 800, ""slope"": -0.3420416645418425, ""lo"": -0.3479978577657304, ""hi"": -0.3358800925209334, ""intersects"": false}, {""generator"": ""UKL"", ""p_c"": 50, ""slope"": -0.4568061703848367, ""lo"": -0.4652538888003753, ""hi"": -0.44842177415408196, ""intersects"": true}, {""generator"": ""UKL"", ""p_c"": 200, ""slope"": -0.4555670306078159, ""lo"": -0.46316886778399097, ""hi"": -0.447775703849196, ""intersects"": true}, {""generator"": ""UKL"", ""p_c"": 800, ""slope"": -0.46269340659628444, ""lo"": -0.46997582070031146, ""hi"": -0.4555881153024492, ""intersects"": true}, {""generator"": ""BP"", ""p_c"": 50, ""slope"": -0.39263053619822913, ""lo"": -0.40009686121742893, ""hi"": -0.3850923790781503, ""intersects"": true}, {""generator"": ""BP"", ""p_c"": 200, ""slope"": -0.3956786453174106, ""lo"": -0.40234794273824365, ""hi"": -0.3888287183068256, ""intersects"": true}, {""generator"": ""BP"", ""p_c"": 800, ""slope"": -0.3904151304230434, ""lo"": -0.3963248349564689, ""hi"": -0.3845194345684493, ""intersects"": true}, {""generator"": ""BKL"", ""p_c"": 50, ""slope"": -0.2716605165364226, ""lo"": -0.2782109477822056, ""hi"": -0.264790285226348, ""intersects"": false}, {""generator"": ""BKL"", ""p_c"": 200, ""slope"": -0.22858791151984645, ""lo"": -0.23406550695731218, ""hi"": -0.22319437726683475, ""intersects"": false}, {""generator"": ""BKL"", ""p_c"": 800, ""slope"": -0.18599097556953456, ""lo"": -0.19090654823264008, ""hi"": -0.1810761635318152, ""intersects"": false}], ""ratios"": [{""generator"": ""SQ"", ""ratio"": 1.1669286866466106, ""lo"": 1.1555528846250227, ""hi"": 1.1785271747931854, ""below_limit"": true}, {""generator"": ""UKL"", ""ratio"": 1.1783067953267283, ""lo"": 1.1647303012157761, ""hi"": 1.1924567982824075, ""below_limit"": true}, {""generator"": ""BP"", ""ratio"": 1.1621284425783103, ""lo"": 1.1513730346281459, ""hi"": 1.1731592855942279, ""below_limit"": true}, {""generator"": ""BKL"", ""ratio"": 1.1524930865497358, ""lo"": 1.1404872046601389, ""hi"": 1.1642952261699173, ""below_limit"": true}], ""verdict"": ""negative"", ""failed"": [""slope|SQ|p_c=800"", ""slope|BKL|p_c=50"", ""slope|BKL|p_c=200"", ""slope|BKL|p_c=800""], ""incomplete"": []}","{""failures"": {""SQ|SN"": [0, 3000], ""SQ|TH"": [0, 3000], ""SQ|LTH"": [0, 3000], ""UKL|SN"": [0, 3000], ""UKL|TH"": [0, 3000], ""UKL|LTH"": [0, 3000], ""BP|SN"": [0, 3000], ""BP|TH"": [0, 3000], ""BP|LTH"": [0, 3000], ""BKL|SN"": [0, 3000], ""BKL|TH"": [0, 3000], ""BKL|LTH"": [0, 3000]}, ""pvalues"": {""SQ|SN"": 1.0, ""SQ|TH"": 1.0, ""SQ|LTH"": 1.0, ""UKL|SN"": 1.0, ""UKL|TH"": 1.0, ""UKL|LTH"": 1.0, ""BP|SN"": 1.0, ""BP|TH"": 1.0, ""BP|LTH"": 1.0, ""BKL|SN"": 1.0, ""BKL|TH"": 1.0, ""BKL|LTH"": 1.0}, ""rejected"": [], ""verdict"": ""H14-health: no departure from the prediction was detected"", ""bkl_zero_offset"": {""verdict"": ""pass"", ""expected"": 3000, ""replications"": 3000, ""infeasible_start"": 3000, ""mismatches"": [], ""missing"": []}}",[]
11,SQ,800,8000,SN,200,200,0.0,0.014867039231272054,"{""ok"": 200}",0.995,0.0,0.0,0.0,0.21562006843911652,5.314472068994645,0.43637883206149963,0.4372099839044058,0.43811231478155305,0.0,0.0,0,0,,0,"{""verdict"": ""no violation"", ""violations"": 0, ""checked"": 27448, ""violating_cells"": []}","{""slopes"": [{""generator"": ""SQ"", ""p_c"": 50, ""slope"": -0.37387744893943003, ""lo"": -0.38204560748021754, ""hi"": -0.3656656886490169, ""intersects"": true}, {""generator"": ""SQ"", ""p_c"": 200, ""slope"": -0.3630240734188334, ""lo"": -0.3700524449828918, ""hi"": -0.35598837640050307, ""intersects"": true}, {""generator"": ""SQ"", ""p_c"": 800, ""slope"": -0.3420416645418425, ""lo"": -0.3479978577657304, ""hi"": -0.3358800925209334, ""intersects"": false}, {""generator"": ""UKL"", ""p_c"": 50, ""slope"": -0.4568061703848367, ""lo"": -0.4652538888003753, ""hi"": -0.44842177415408196, ""intersects"": true}, {""generator"": ""UKL"", ""p_c"": 200, ""slope"": -0.4555670306078159, ""lo"": -0.46316886778399097, ""hi"": -0.447775703849196, ""intersects"": true}, {""generator"": ""UKL"", ""p_c"": 800, ""slope"": -0.46269340659628444, ""lo"": -0.46997582070031146, ""hi"": -0.4555881153024492, ""intersects"": true}, {""generator"": ""BP"", ""p_c"": 50, ""slope"": -0.39263053619822913, ""lo"": -0.40009686121742893, ""hi"": -0.3850923790781503, ""intersects"": true}, {""generator"": ""BP"", ""p_c"": 200, ""slope"": -0.3956786453174106, ""lo"": -0.40234794273824365, ""hi"": -0.3888287183068256, ""intersects"": true}, {""generator"": ""BP"", ""p_c"": 800, ""slope"": -0.3904151304230434, ""lo"": -0.3963248349564689, ""hi"": -0.3845194345684493, ""intersects"": true}, {""generator"": ""BKL"", ""p_c"": 50, ""slope"": -0.2716605165364226, ""lo"": -0.2782109477822056, ""hi"": -0.264790285226348, ""intersects"": false}, {""generator"": ""BKL"", ""p_c"": 200, ""slope"": -0.22858791151984645, ""lo"": -0.23406550695731218, ""hi"": -0.22319437726683475, ""intersects"": false}, {""generator"": ""BKL"", ""p_c"": 800, ""slope"": -0.18599097556953456, ""lo"": -0.19090654823264008, ""hi"": -0.1810761635318152, ""intersects"": false}], ""ratios"": [{""generator"": ""SQ"", ""ratio"": 1.1669286866466106, ""lo"": 1.1555528846250227, ""hi"": 1.1785271747931854, ""below_limit"": true}, {""generator"": ""UKL"", ""ratio"": 1.1783067953267283, ""lo"": 1.1647303012157761, ""hi"": 1.1924567982824075, ""below_limit"": true}, {""generator"": ""BP"", ""ratio"": 1.1621284425783103, ""lo"": 1.1513730346281459, ""hi"": 1.1731592855942279, ""below_limit"": true}, {""generator"": ""BKL"", ""ratio"": 1.1524930865497358, ""lo"": 1.1404872046601389, ""hi"": 1.1642952261699173, ""below_limit"": true}], ""verdict"": ""negative"", ""failed"": [""slope|SQ|p_c=800"", ""slope|BKL|p_c=50"", ""slope|BKL|p_c=200"", ""slope|BKL|p_c=800""], ""incomplete"": []}","{""failures"": {""SQ|SN"": [0, 3000], ""SQ|TH"": [0, 3000], ""SQ|LTH"": [0, 3000], ""UKL|SN"": [0, 3000], ""UKL|TH"": [0, 3000], ""UKL|LTH"": [0, 3000], ""BP|SN"": [0, 3000], ""BP|TH"": [0, 3000], ""BP|LTH"": [0, 3000], ""BKL|SN"": [0, 3000], ""BKL|TH"": [0, 3000], ""BKL|LTH"": [0, 3000]}, ""pvalues"": {""SQ|SN"": 1.0, ""SQ|TH"": 1.0, ""SQ|LTH"": 1.0, ""UKL|SN"": 1.0, ""UKL|TH"": 1.0, ""UKL|LTH"": 1.0, ""BP|SN"": 1.0, ""BP|TH"": 1.0, ""BP|LTH"": 1.0, ""BKL|SN"": 1.0, ""BKL|TH"": 1.0, ""BKL|LTH"": 1.0}, ""rejected"": [], ""verdict"": ""H14-health: no departure from the prediction was detected"", ""bkl_zero_offset"": {""verdict"": ""pass"", ""expected"": 3000, ""replications"": 3000, ""infeasible_start"": 3000, ""mismatches"": [], ""missing"": []}}",[]
11,SQ,800,8000,TH,200,200,0.0,0.014867039231272054,"{""ok"": 200}",1.0,0.0,0.0,0.0,1.63071080131179,40.19276623421747,0.43719692782355524,0.4372296831336062,0.43811231478155305,0.0,0.0,0,0,,0,"{""verdict"": ""no violation"", ""violations"": 0, ""checked"": 27448, ""violating_cells"": []}","{""slopes"": [{""generator"": ""SQ"", ""p_c"": 50, ""slope"": -0.37387744893943003, ""lo"": -0.38204560748021754, ""hi"": -0.3656656886490169, ""intersects"": true}, {""generator"": ""SQ"", ""p_c"": 200, ""slope"": -0.3630240734188334, ""lo"": -0.3700524449828918, ""hi"": -0.35598837640050307, ""intersects"": true}, {""generator"": ""SQ"", ""p_c"": 800, ""slope"": -0.3420416645418425, ""lo"": -0.3479978577657304, ""hi"": -0.3358800925209334, ""intersects"": false}, {""generator"": ""UKL"", ""p_c"": 50, ""slope"": -0.4568061703848367, ""lo"": -0.4652538888003753, ""hi"": -0.44842177415408196, ""intersects"": true}, {""generator"": ""UKL"", ""p_c"": 200, ""slope"": -0.4555670306078159, ""lo"": -0.46316886778399097, ""hi"": -0.447775703849196, ""intersects"": true}, {""generator"": ""UKL"", ""p_c"": 800, ""slope"": -0.46269340659628444, ""lo"": -0.46997582070031146, ""hi"": -0.4555881153024492, ""intersects"": true}, {""generator"": ""BP"", ""p_c"": 50, ""slope"": -0.39263053619822913, ""lo"": -0.40009686121742893, ""hi"": -0.3850923790781503, ""intersects"": true}, {""generator"": ""BP"", ""p_c"": 200, ""slope"": -0.3956786453174106, ""lo"": -0.40234794273824365, ""hi"": -0.3888287183068256, ""intersects"": true}, {""generator"": ""BP"", ""p_c"": 800, ""slope"": -0.3904151304230434, ""lo"": -0.3963248349564689, ""hi"": -0.3845194345684493, ""intersects"": true}, {""generator"": ""BKL"", ""p_c"": 50, ""slope"": -0.2716605165364226, ""lo"": -0.2782109477822056, ""hi"": -0.264790285226348, ""intersects"": false}, {""generator"": ""BKL"", ""p_c"": 200, ""slope"": -0.22858791151984645, ""lo"": -0.23406550695731218, ""hi"": -0.22319437726683475, ""intersects"": false}, {""generator"": ""BKL"", ""p_c"": 800, ""slope"": -0.18599097556953456, ""lo"": -0.19090654823264008, ""hi"": -0.1810761635318152, ""intersects"": false}], ""ratios"": [{""generator"": ""SQ"", ""ratio"": 1.1669286866466106, ""lo"": 1.1555528846250227, ""hi"": 1.1785271747931854, ""below_limit"": true}, {""generator"": ""UKL"", ""ratio"": 1.1783067953267283, ""lo"": 1.1647303012157761, ""hi"": 1.1924567982824075, ""below_limit"": true}, {""generator"": ""BP"", ""ratio"": 1.1621284425783103, ""lo"": 1.1513730346281459, ""hi"": 1.1731592855942279, ""below_limit"": true}, {""generator"": ""BKL"", ""ratio"": 1.1524930865497358, ""lo"": 1.1404872046601389, ""hi"": 1.1642952261699173, ""below_limit"": true}], ""verdict"": ""negative"", ""failed"": [""slope|SQ|p_c=800"", ""slope|BKL|p_c=50"", ""slope|BKL|p_c=200"", ""slope|BKL|p_c=800""], ""incomplete"": []}","{""failures"": {""SQ|SN"": [0, 3000], ""SQ|TH"": [0, 3000], ""SQ|LTH"": [0, 3000], ""UKL|SN"": [0, 3000], ""UKL|TH"": [0, 3000], ""UKL|LTH"": [0, 3000], ""BP|SN"": [0, 3000], ""BP|TH"": [0, 3000], ""BP|LTH"": [0, 3000], ""BKL|SN"": [0, 3000], ""BKL|TH"": [0, 3000], ""BKL|LTH"": [0, 3000]}, ""pvalues"": {""SQ|SN"": 1.0, ""SQ|TH"": 1.0, ""SQ|LTH"": 1.0, ""UKL|SN"": 1.0, ""UKL|TH"": 1.0, ""UKL|LTH"": 1.0, ""BP|SN"": 1.0, ""BP|TH"": 1.0, ""BP|LTH"": 1.0, ""BKL|SN"": 1.0, ""BKL|TH"": 1.0, ""BKL|LTH"": 1.0}, ""rejected"": [], ""verdict"": ""H14-health: no departure from the prediction was detected"", ""bkl_zero_offset"": {""verdict"": ""pass"", ""expected"": 3000, ""replications"": 3000, ""infeasible_start"": 3000, ""mismatches"": [], ""missing"": []}}",[]
11,SQ,800,8000,LTH,200,200,0.0,0.014867039231272054,"{""ok"": 200}",0.995,0.0,0.0,0.0,0.21793110091635745,5.371432989375321,0.43649984301187017,0.437214096057323,0.43811231478155305,0.0,0.0,0,0,,0,"{""verdict"": ""no violation"", ""violations"": 0, ""checked"": 27448, ""violating_cells"": []}","{""slopes"": [{""generator"": ""SQ"", ""p_c"": 50, ""slope"": -0.37387744893943003, ""lo"": -0.38204560748021754, ""hi"": -0.3656656886490169, ""intersects"": true}, {""generator"": ""SQ"", ""p_c"": 200, ""slope"": -0.3630240734188334, ""lo"": -0.3700524449828918, ""hi"": -0.35598837640050307, ""intersects"": true}, {""generator"": ""SQ"", ""p_c"": 800, ""slope"": -0.3420416645418425, ""lo"": -0.3479978577657304, ""hi"": -0.3358800925209334, ""intersects"": false}, {""generator"": ""UKL"", ""p_c"": 50, ""slope"": -0.4568061703848367, ""lo"": -0.4652538888003753, ""hi"": -0.44842177415408196, ""intersects"": true}, {""generator"": ""UKL"", ""p_c"": 200, ""slope"": -0.4555670306078159, ""lo"": -0.46316886778399097, ""hi"": -0.447775703849196, ""intersects"": true}, {""generator"": ""UKL"", ""p_c"": 800, ""slope"": -0.46269340659628444, ""lo"": -0.46997582070031146, ""hi"": -0.4555881153024492, ""intersects"": true}, {""generator"": ""BP"", ""p_c"": 50, ""slope"": -0.39263053619822913, ""lo"": -0.40009686121742893, ""hi"": -0.3850923790781503, ""intersects"": true}, {""generator"": ""BP"", ""p_c"": 200, ""slope"": -0.3956786453174106, ""lo"": -0.40234794273824365, ""hi"": -0.3888287183068256, ""intersects"": true}, {""generator"": ""BP"", ""p_c"": 800, ""slope"": -0.3904151304230434, ""lo"": -0.3963248349564689, ""hi"": -0.3845194345684493, ""intersects"": true}, {""generator"": ""BKL"", ""p_c"": 50, ""slope"": -0.2716605165364226, ""lo"": -0.2782109477822056, ""hi"": -0.264790285226348, ""intersects"": false}, {""generator"": ""BKL"", ""p_c"": 200, ""slope"": -0.22858791151984645, ""lo"": -0.23406550695731218, ""hi"": -0.22319437726683475, ""intersects"": false}, {""generator"": ""BKL"", ""p_c"": 800, ""slope"": -0.18599097556953456, ""lo"": -0.19090654823264008, ""hi"": -0.1810761635318152, ""intersects"": false}], ""ratios"": [{""generator"": ""SQ"", ""ratio"": 1.1669286866466106, ""lo"": 1.1555528846250227, ""hi"": 1.1785271747931854, ""below_limit"": true}, {""generator"": ""UKL"", ""ratio"": 1.1783067953267283, ""lo"": 1.1647303012157761, ""hi"": 1.1924567982824075, ""below_limit"": true}, {""generator"": ""BP"", ""ratio"": 1.1621284425783103, ""lo"": 1.1513730346281459, ""hi"": 1.1731592855942279, ""below_limit"": true}, {""generator"": ""BKL"", ""ratio"": 1.1524930865497358, ""lo"": 1.1404872046601389, ""hi"": 1.1642952261699173, ""below_limit"": true}], ""verdict"": ""negative"", ""failed"": [""slope|SQ|p_c=800"", ""slope|BKL|p_c=50"", ""slope|BKL|p_c=200"", ""slope|BKL|p_c=800""], ""incomplete"": []}","{""failures"": {""SQ|SN"": [0, 3000], ""SQ|TH"": [0, 3000], ""SQ|LTH"": [0, 3000], ""UKL|SN"": [0, 3000], ""UKL|TH"": [0, 3000], ""UKL|LTH"": [0, 3000], ""BP|SN"": [0, 3000], ""BP|TH"": [0, 3000], ""BP|LTH"": [0, 3000], ""BKL|SN"": [0, 3000], ""BKL|TH"": [0, 3000], ""BKL|LTH"": [0, 3000]}, ""pvalues"": {""SQ|SN"": 1.0, ""SQ|TH"": 1.0, ""SQ|LTH"": 1.0, ""UKL|SN"": 1.0, ""UKL|TH"": 1.0, ""UKL|LTH"": 1.0, ""BP|SN"": 1.0, ""BP|TH"": 1.0, ""BP|LTH"": 1.0, ""BKL|SN"": 1.0, ""BKL|TH"": 1.0, ""BKL|LTH"": 1.0}, ""rejected"": [], ""verdict"": ""H14-health: no departure from the prediction was detected"", ""bkl_zero_offset"": {""verdict"": ""pass"", ""expected"": 3000, ""replications"": 3000, ""infeasible_start"": 3000, ""mismatches"": [], ""missing"": []}}",[]
12,SQ,800,16000,SN,200,200,0.0,0.014867039231272054,"{""ok"": 200}",0.995,0.0,0.0,0.0,0.15163476869575515,3.737401387337006,0.4090525673014866,0.4093681753903842,0.4378416791257996,1.0,0.0,0,0,,0,"{""verdict"": ""no violation"", ""violations"": 0, ""checked"": 27448, ""violating_cells"": []}","{""slopes"": [{""generator"": ""SQ"", ""p_c"": 50, ""slope"": -0.37387744893943003, ""lo"": -0.38204560748021754, ""hi"": -0.3656656886490169, ""intersects"": true}, {""generator"": ""SQ"", ""p_c"": 200, ""slope"": -0.3630240734188334, ""lo"": -0.3700524449828918, ""hi"": -0.35598837640050307, ""intersects"": true}, {""generator"": ""SQ"", ""p_c"": 800, ""slope"": -0.3420416645418425, ""lo"": -0.3479978577657304, ""hi"": -0.3358800925209334, ""intersects"": false}, {""generator"": ""UKL"", ""p_c"": 50, ""slope"": -0.4568061703848367, ""lo"": -0.4652538888003753, ""hi"": -0.44842177415408196, ""intersects"": true}, {""generator"": ""UKL"", ""p_c"": 200, ""slope"": -0.4555670306078159, ""lo"": -0.46316886778399097, ""hi"": -0.447775703849196, ""intersects"": true}, {""generator"": ""UKL"", ""p_c"": 800, ""slope"": -0.46269340659628444, ""lo"": -0.46997582070031146, ""hi"": -0.4555881153024492, ""intersects"": true}, {""generator"": ""BP"", ""p_c"": 50, ""slope"": -0.39263053619822913, ""lo"": -0.40009686121742893, ""hi"": -0.3850923790781503, ""intersects"": true}, {""generator"": ""BP"", ""p_c"": 200, ""slope"": -0.3956786453174106, ""lo"": -0.40234794273824365, ""hi"": -0.3888287183068256, ""intersects"": true}, {""generator"": ""BP"", ""p_c"": 800, ""slope"": -0.3904151304230434, ""lo"": -0.3963248349564689, ""hi"": -0.3845194345684493, ""intersects"": true}, {""generator"": ""BKL"", ""p_c"": 50, ""slope"": -0.2716605165364226, ""lo"": -0.2782109477822056, ""hi"": -0.264790285226348, ""intersects"": false}, {""generator"": ""BKL"", ""p_c"": 200, ""slope"": -0.22858791151984645, ""lo"": -0.23406550695731218, ""hi"": -0.22319437726683475, ""intersects"": false}, {""generator"": ""BKL"", ""p_c"": 800, ""slope"": -0.18599097556953456, ""lo"": -0.19090654823264008, ""hi"": -0.1810761635318152, ""intersects"": false}], ""ratios"": [{""generator"": ""SQ"", ""ratio"": 1.1669286866466106, ""lo"": 1.1555528846250227, ""hi"": 1.1785271747931854, ""below_limit"": true}, {""generator"": ""UKL"", ""ratio"": 1.1783067953267283, ""lo"": 1.1647303012157761, ""hi"": 1.1924567982824075, ""below_limit"": true}, {""generator"": ""BP"", ""ratio"": 1.1621284425783103, ""lo"": 1.1513730346281459, ""hi"": 1.1731592855942279, ""below_limit"": true}, {""generator"": ""BKL"", ""ratio"": 1.1524930865497358, ""lo"": 1.1404872046601389, ""hi"": 1.1642952261699173, ""below_limit"": true}], ""verdict"": ""negative"", ""failed"": [""slope|SQ|p_c=800"", ""slope|BKL|p_c=50"", ""slope|BKL|p_c=200"", ""slope|BKL|p_c=800""], ""incomplete"": []}","{""failures"": {""SQ|SN"": [0, 3000], ""SQ|TH"": [0, 3000], ""SQ|LTH"": [0, 3000], ""UKL|SN"": [0, 3000], ""UKL|TH"": [0, 3000], ""UKL|LTH"": [0, 3000], ""BP|SN"": [0, 3000], ""BP|TH"": [0, 3000], ""BP|LTH"": [0, 3000], ""BKL|SN"": [0, 3000], ""BKL|TH"": [0, 3000], ""BKL|LTH"": [0, 3000]}, ""pvalues"": {""SQ|SN"": 1.0, ""SQ|TH"": 1.0, ""SQ|LTH"": 1.0, ""UKL|SN"": 1.0, ""UKL|TH"": 1.0, ""UKL|LTH"": 1.0, ""BP|SN"": 1.0, ""BP|TH"": 1.0, ""BP|LTH"": 1.0, ""BKL|SN"": 1.0, ""BKL|TH"": 1.0, ""BKL|LTH"": 1.0}, ""rejected"": [], ""verdict"": ""H14-health: no departure from the prediction was detected"", ""bkl_zero_offset"": {""verdict"": ""pass"", ""expected"": 3000, ""replications"": 3000, ""infeasible_start"": 3000, ""mismatches"": [], ""missing"": []}}",[]
12,SQ,800,16000,TH,200,200,0.0,0.014867039231272054,"{""ok"": 200}",1.0,0.0,0.0,0.0,1.1530866657617154,28.42057755886087,0.43719692782355524,0.4372296831336062,0.43811231478155305,0.0,0.0,0,0,,0,"{""verdict"": ""no violation"", ""violations"": 0, ""checked"": 27448, ""violating_cells"": []}","{""slopes"": [{""generator"": ""SQ"", ""p_c"": 50, ""slope"": -0.37387744893943003, ""lo"": -0.38204560748021754, ""hi"": -0.3656656886490169, ""intersects"": true}, {""generator"": ""SQ"", ""p_c"": 200, ""slope"": -0.3630240734188334, ""lo"": -0.3700524449828918, ""hi"": -0.35598837640050307, ""intersects"": true}, {""generator"": ""SQ"", ""p_c"": 800, ""slope"": -0.3420416645418425, ""lo"": -0.3479978577657304, ""hi"": -0.3358800925209334, ""intersects"": false}, {""generator"": ""UKL"", ""p_c"": 50, ""slope"": -0.4568061703848367, ""lo"": -0.4652538888003753, ""hi"": -0.44842177415408196, ""intersects"": true}, {""generator"": ""UKL"", ""p_c"": 200, ""slope"": -0.4555670306078159, ""lo"": -0.46316886778399097, ""hi"": -0.447775703849196, ""intersects"": true}, {""generator"": ""UKL"", ""p_c"": 800, ""slope"": -0.46269340659628444, ""lo"": -0.46997582070031146, ""hi"": -0.4555881153024492, ""intersects"": true}, {""generator"": ""BP"", ""p_c"": 50, ""slope"": -0.39263053619822913, ""lo"": -0.40009686121742893, ""hi"": -0.3850923790781503, ""intersects"": true}, {""generator"": ""BP"", ""p_c"": 200, ""slope"": -0.3956786453174106, ""lo"": -0.40234794273824365, ""hi"": -0.3888287183068256, ""intersects"": true}, {""generator"": ""BP"", ""p_c"": 800, ""slope"": -0.3904151304230434, ""lo"": -0.3963248349564689, ""hi"": -0.3845194345684493, ""intersects"": true}, {""generator"": ""BKL"", ""p_c"": 50, ""slope"": -0.2716605165364226, ""lo"": -0.2782109477822056, ""hi"": -0.264790285226348, ""intersects"": false}, {""generator"": ""BKL"", ""p_c"": 200, ""slope"": -0.22858791151984645, ""lo"": -0.23406550695731218, ""hi"": -0.22319437726683475, ""intersects"": false}, {""generator"": ""BKL"", ""p_c"": 800, ""slope"": -0.18599097556953456, ""lo"": -0.19090654823264008, ""hi"": -0.1810761635318152, ""intersects"": false}], ""ratios"": [{""generator"": ""SQ"", ""ratio"": 1.1669286866466106, ""lo"": 1.1555528846250227, ""hi"": 1.1785271747931854, ""below_limit"": true}, {""generator"": ""UKL"", ""ratio"": 1.1783067953267283, ""lo"": 1.1647303012157761, ""hi"": 1.1924567982824075, ""below_limit"": true}, {""generator"": ""BP"", ""ratio"": 1.1621284425783103, ""lo"": 1.1513730346281459, ""hi"": 1.1731592855942279, ""below_limit"": true}, {""generator"": ""BKL"", ""ratio"": 1.1524930865497358, ""lo"": 1.1404872046601389, ""hi"": 1.1642952261699173, ""below_limit"": true}], ""verdict"": ""negative"", ""failed"": [""slope|SQ|p_c=800"", ""slope|BKL|p_c=50"", ""slope|BKL|p_c=200"", ""slope|BKL|p_c=800""], ""incomplete"": []}","{""failures"": {""SQ|SN"": [0, 3000], ""SQ|TH"": [0, 3000], ""SQ|LTH"": [0, 3000], ""UKL|SN"": [0, 3000], ""UKL|TH"": [0, 3000], ""UKL|LTH"": [0, 3000], ""BP|SN"": [0, 3000], ""BP|TH"": [0, 3000], ""BP|LTH"": [0, 3000], ""BKL|SN"": [0, 3000], ""BKL|TH"": [0, 3000], ""BKL|LTH"": [0, 3000]}, ""pvalues"": {""SQ|SN"": 1.0, ""SQ|TH"": 1.0, ""SQ|LTH"": 1.0, ""UKL|SN"": 1.0, ""UKL|TH"": 1.0, ""UKL|LTH"": 1.0, ""BP|SN"": 1.0, ""BP|TH"": 1.0, ""BP|LTH"": 1.0, ""BKL|SN"": 1.0, ""BKL|TH"": 1.0, ""BKL|LTH"": 1.0}, ""rejected"": [], ""verdict"": ""H14-health: no departure from the prediction was detected"", ""bkl_zero_offset"": {""verdict"": ""pass"", ""expected"": 3000, ""replications"": 3000, ""infeasible_start"": 3000, ""mismatches"": [], ""missing"": []}}",[]
12,SQ,800,16000,LTH,200,200,0.0,0.014867039231272054,"{""ok"": 200}",1.0,0.0,0.0,0.0,0.15294702429690016,3.7697450638331302,0.4107292740083504,0.4107167774375132,0.4378416791257996,1.0,0.0,0,0,,0,"{""verdict"": ""no violation"", ""violations"": 0, ""checked"": 27448, ""violating_cells"": []}","{""slopes"": [{""generator"": ""SQ"", ""p_c"": 50, ""slope"": -0.37387744893943003, ""lo"": -0.38204560748021754, ""hi"": -0.3656656886490169, ""intersects"": true}, {""generator"": ""SQ"", ""p_c"": 200, ""slope"": -0.3630240734188334, ""lo"": -0.3700524449828918, ""hi"": -0.35598837640050307, ""intersects"": true}, {""generator"": ""SQ"", ""p_c"": 800, ""slope"": -0.3420416645418425, ""lo"": -0.3479978577657304, ""hi"": -0.3358800925209334, ""intersects"": false}, {""generator"": ""UKL"", ""p_c"": 50, ""slope"": -0.4568061703848367, ""lo"": -0.4652538888003753, ""hi"": -0.44842177415408196, ""intersects"": true}, {""generator"": ""UKL"", ""p_c"": 200, ""slope"": -0.4555670306078159, ""lo"": -0.46316886778399097, ""hi"": -0.447775703849196, ""intersects"": true}, {""generator"": ""UKL"", ""p_c"": 800, ""slope"": -0.46269340659628444, ""lo"": -0.46997582070031146, ""hi"": -0.4555881153024492, ""intersects"": true}, {""generator"": ""BP"", ""p_c"": 50, ""slope"": -0.39263053619822913, ""lo"": -0.40009686121742893, ""hi"": -0.3850923790781503, ""intersects"": true}, {""generator"": ""BP"", ""p_c"": 200, ""slope"": -0.3956786453174106, ""lo"": -0.40234794273824365, ""hi"": -0.3888287183068256, ""intersects"": true}, {""generator"": ""BP"", ""p_c"": 800, ""slope"": -0.3904151304230434, ""lo"": -0.3963248349564689, ""hi"": -0.3845194345684493, ""intersects"": true}, {""generator"": ""BKL"", ""p_c"": 50, ""slope"": -0.2716605165364226, ""lo"": -0.2782109477822056, ""hi"": -0.264790285226348, ""intersects"": false}, {""generator"": ""BKL"", ""p_c"": 200, ""slope"": -0.22858791151984645, ""lo"": -0.23406550695731218, ""hi"": -0.22319437726683475, ""intersects"": false}, {""generator"": ""BKL"", ""p_c"": 800, ""slope"": -0.18599097556953456, ""lo"": -0.19090654823264008, ""hi"": -0.1810761635318152, ""intersects"": false}], ""ratios"": [{""generator"": ""SQ"", ""ratio"": 1.1669286866466106, ""lo"": 1.1555528846250227, ""hi"": 1.1785271747931854, ""below_limit"": true}, {""generator"": ""UKL"", ""ratio"": 1.1783067953267283, ""lo"": 1.1647303012157761, ""hi"": 1.1924567982824075, ""below_limit"": true}, {""generator"": ""BP"", ""ratio"": 1.1621284425783103, ""lo"": 1.1513730346281459, ""hi"": 1.1731592855942279, ""below_limit"": true}, {""generator"": ""BKL"", ""ratio"": 1.1524930865497358, ""lo"": 1.1404872046601389, ""hi"": 1.1642952261699173, ""below_limit"": true}], ""verdict"": ""negative"", ""failed"": [""slope|SQ|p_c=800"", ""slope|BKL|p_c=50"", ""slope|BKL|p_c=200"", ""slope|BKL|p_c=800""], ""incomplete"": []}","{""failures"": {""SQ|SN"": [0, 3000], ""SQ|TH"": [0, 3000], ""SQ|LTH"": [0, 3000], ""UKL|SN"": [0, 3000], ""UKL|TH"": [0, 3000], ""UKL|LTH"": [0, 3000], ""BP|SN"": [0, 3000], ""BP|TH"": [0, 3000], ""BP|LTH"": [0, 3000], ""BKL|SN"": [0, 3000], ""BKL|TH"": [0, 3000], ""BKL|LTH"": [0, 3000]}, ""pvalues"": {""SQ|SN"": 1.0, ""SQ|TH"": 1.0, ""SQ|LTH"": 1.0, ""UKL|SN"": 1.0, ""UKL|TH"": 1.0, ""UKL|LTH"": 1.0, ""BP|SN"": 1.0, ""BP|TH"": 1.0, ""BP|LTH"": 1.0, ""BKL|SN"": 1.0, ""BKL|TH"": 1.0, ""BKL|LTH"": 1.0}, ""rejected"": [], ""verdict"": ""H14-health: no departure from the prediction was detected"", ""bkl_zero_offset"": {""verdict"": ""pass"", ""expected"": 3000, ""replications"": 3000, ""infeasible_start"": 3000, ""mismatches"": [], ""missing"": []}}",[]
13,SQ,800,32000,SN,200,200,0.0,0.014867039231272054,"{""ok"": 200}",0.995,1.0,1.0,0.995,0.10674697758806555,2.6310344623675794,0.3322055056135433,0.33167584916942633,0.3679973084332049,2.0,0.0,199,0,0.1363433831047088,0,"{""verdict"": ""no violation"", ""violations"": 0, ""checked"": 27448, ""violating_cells"": []}","{""slopes"": [{""generator"": ""SQ"", ""p_c"": 50, ""slope"": -0.37387744893943003, ""lo"": -0.38204560748021754, ""hi"": -0.3656656886490169, ""intersects"": true}, {""generator"": ""SQ"", ""p_c"": 200, ""slope"": -0.3630240734188334, ""lo"": -0.3700524449828918, ""hi"": -0.35598837640050307, ""intersects"": true}, {""generator"": ""SQ"", ""p_c"": 800, ""slope"": -0.3420416645418425, ""lo"": -0.3479978577657304, ""hi"": -0.3358800925209334, ""intersects"": false}, {""generator"": ""UKL"", ""p_c"": 50, ""slope"": -0.4568061703848367, ""lo"": -0.4652538888003753, ""hi"": -0.44842177415408196, ""intersects"": true}, {""generator"": ""UKL"", ""p_c"": 200, ""slope"": -0.4555670306078159, ""lo"": -0.46316886778399097, ""hi"": -0.447775703849196, ""intersects"": true}, {""generator"": ""UKL"", ""p_c"": 800, ""slope"": -0.46269340659628444, ""lo"": -0.46997582070031146, ""hi"": -0.4555881153024492, ""intersects"": true}, {""generator"": ""BP"", ""p_c"": 50, ""slope"": -0.39263053619822913, ""lo"": -0.40009686121742893, ""hi"": -0.3850923790781503, ""intersects"": true}, {""generator"": ""BP"", ""p_c"": 200, ""slope"": -0.3956786453174106, ""lo"": -0.40234794273824365, ""hi"": -0.3888287183068256, ""intersects"": true}, {""generator"": ""BP"", ""p_c"": 800, ""slope"": -0.3904151304230434, ""lo"": -0.3963248349564689, ""hi"": -0.3845194345684493, ""intersects"": true}, {""generator"": ""BKL"", ""p_c"": 50, ""slope"": -0.2716605165364226, ""lo"": -0.2782109477822056, ""hi"": -0.264790285226348, ""intersects"": false}, {""generator"": ""BKL"", ""p_c"": 200, ""slope"": -0.22858791151984645, ""lo"": -0.23406550695731218, ""hi"": -0.22319437726683475, ""intersects"": false}, {""generator"": ""BKL"", ""p_c"": 800, ""slope"": -0.18599097556953456, ""lo"": -0.19090654823264008, ""hi"": -0.1810761635318152, ""intersects"": false}], ""ratios"": [{""generator"": ""SQ"", ""ratio"": 1.1669286866466106, ""lo"": 1.1555528846250227, ""hi"": 1.1785271747931854, ""below_limit"": true}, {""generator"": ""UKL"", ""ratio"": 1.1783067953267283, ""lo"": 1.1647303012157761, ""hi"": 1.1924567982824075, ""below_limit"": true}, {""generator"": ""BP"", ""ratio"": 1.1621284425783103, ""lo"": 1.1513730346281459, ""hi"": 1.1731592855942279, ""below_limit"": true}, {""generator"": ""BKL"", ""ratio"": 1.1524930865497358, ""lo"": 1.1404872046601389, ""hi"": 1.1642952261699173, ""below_limit"": true}], ""verdict"": ""negative"", ""failed"": [""slope|SQ|p_c=800"", ""slope|BKL|p_c=50"", ""slope|BKL|p_c=200"", ""slope|BKL|p_c=800""], ""incomplete"": []}","{""failures"": {""SQ|SN"": [0, 3000], ""SQ|TH"": [0, 3000], ""SQ|LTH"": [0, 3000], ""UKL|SN"": [0, 3000], ""UKL|TH"": [0, 3000], ""UKL|LTH"": [0, 3000], ""BP|SN"": [0, 3000], ""BP|TH"": [0, 3000], ""BP|LTH"": [0, 3000], ""BKL|SN"": [0, 3000], ""BKL|TH"": [0, 3000], ""BKL|LTH"": [0, 3000]}, ""pvalues"": {""SQ|SN"": 1.0, ""SQ|TH"": 1.0, ""SQ|LTH"": 1.0, ""UKL|SN"": 1.0, ""UKL|TH"": 1.0, ""UKL|LTH"": 1.0, ""BP|SN"": 1.0, ""BP|TH"": 1.0, ""BP|LTH"": 1.0, ""BKL|SN"": 1.0, ""BKL|TH"": 1.0, ""BKL|LTH"": 1.0}, ""rejected"": [], ""verdict"": ""H14-health: no departure from the prediction was detected"", ""bkl_zero_offset"": {""verdict"": ""pass"", ""expected"": 3000, ""replications"": 3000, ""infeasible_start"": 3000, ""mismatches"": [], ""missing"": []}}",[]
13,SQ,800,32000,TH,200,200,0.0,0.014867039231272054,"{""ok"": 200}",1.0,1.0,1.0,1.0,0.815355400655895,20.096383117108736,0.43719692782355524,0.4372296831336062,0.43811231478155305,0.0,0.0,200,0,0.021385914272203013,0,"{""verdict"": ""no violation"", ""violations"": 0, ""checked"": 27448, ""violating_cells"": []}","{""slopes"": [{""generator"": ""SQ"", ""p_c"": 50, ""slope"": -0.37387744893943003, ""lo"": -0.38204560748021754, ""hi"": -0.3656656886490169, ""intersects"": true}, {""generator"": ""SQ"", ""p_c"": 200, ""slope"": -0.3630240734188334, ""lo"": -0.3700524449828918, ""hi"": -0.35598837640050307, ""intersects"": true}, {""generator"": ""SQ"", ""p_c"": 800, ""slope"": -0.3420416645418425, ""lo"": -0.3479978577657304, ""hi"": -0.3358800925209334, ""intersects"": false}, {""generator"": ""UKL"", ""p_c"": 50, ""slope"": -0.4568061703848367, ""lo"": -0.4652538888003753, ""hi"": -0.44842177415408196, ""intersects"": true}, {""generator"": ""UKL"", ""p_c"": 200, ""slope"": -0.4555670306078159, ""lo"": -0.46316886778399097, ""hi"": -0.447775703849196, ""intersects"": true}, {""generator"": ""UKL"", ""p_c"": 800, ""slope"": -0.46269340659628444, ""lo"": -0.46997582070031146, ""hi"": -0.4555881153024492, ""intersects"": true}, {""generator"": ""BP"", ""p_c"": 50, ""slope"": -0.39263053619822913, ""lo"": -0.40009686121742893, ""hi"": -0.3850923790781503, ""intersects"": true}, {""generator"": ""BP"", ""p_c"": 200, ""slope"": -0.3956786453174106, ""lo"": -0.40234794273824365, ""hi"": -0.3888287183068256, ""intersects"": true}, {""generator"": ""BP"", ""p_c"": 800, ""slope"": -0.3904151304230434, ""lo"": -0.3963248349564689, ""hi"": -0.3845194345684493, ""intersects"": true}, {""generator"": ""BKL"", ""p_c"": 50, ""slope"": -0.2716605165364226, ""lo"": -0.2782109477822056, ""hi"": -0.264790285226348, ""intersects"": false}, {""generator"": ""BKL"", ""p_c"": 200, ""slope"": -0.22858791151984645, ""lo"": -0.23406550695731218, ""hi"": -0.22319437726683475, ""intersects"": false}, {""generator"": ""BKL"", ""p_c"": 800, ""slope"": -0.18599097556953456, ""lo"": -0.19090654823264008, ""hi"": -0.1810761635318152, ""intersects"": false}], ""ratios"": [{""generator"": ""SQ"", ""ratio"": 1.1669286866466106, ""lo"": 1.1555528846250227, ""hi"": 1.1785271747931854, ""below_limit"": true}, {""generator"": ""UKL"", ""ratio"": 1.1783067953267283, ""lo"": 1.1647303012157761, ""hi"": 1.1924567982824075, ""below_limit"": true}, {""generator"": ""BP"", ""ratio"": 1.1621284425783103, ""lo"": 1.1513730346281459, ""hi"": 1.1731592855942279, ""below_limit"": true}, {""generator"": ""BKL"", ""ratio"": 1.1524930865497358, ""lo"": 1.1404872046601389, ""hi"": 1.1642952261699173, ""below_limit"": true}], ""verdict"": ""negative"", ""failed"": [""slope|SQ|p_c=800"", ""slope|BKL|p_c=50"", ""slope|BKL|p_c=200"", ""slope|BKL|p_c=800""], ""incomplete"": []}","{""failures"": {""SQ|SN"": [0, 3000], ""SQ|TH"": [0, 3000], ""SQ|LTH"": [0, 3000], ""UKL|SN"": [0, 3000], ""UKL|TH"": [0, 3000], ""UKL|LTH"": [0, 3000], ""BP|SN"": [0, 3000], ""BP|TH"": [0, 3000], ""BP|LTH"": [0, 3000], ""BKL|SN"": [0, 3000], ""BKL|TH"": [0, 3000], ""BKL|LTH"": [0, 3000]}, ""pvalues"": {""SQ|SN"": 1.0, ""SQ|TH"": 1.0, ""SQ|LTH"": 1.0, ""UKL|SN"": 1.0, ""UKL|TH"": 1.0, ""UKL|LTH"": 1.0, ""BP|SN"": 1.0, ""BP|TH"": 1.0, ""BP|LTH"": 1.0, ""BKL|SN"": 1.0, ""BKL|TH"": 1.0, ""BKL|LTH"": 1.0}, ""rejected"": [], ""verdict"": ""H14-health: no departure from the prediction was detected"", ""bkl_zero_offset"": {""verdict"": ""pass"", ""expected"": 3000, ""replications"": 3000, ""infeasible_start"": 3000, ""mismatches"": [], ""missing"": []}}",[]
13,SQ,800,32000,LTH,200,200,0.0,0.014867039231272054,"{""ok"": 200}",0.995,1.0,1.0,0.995,0.10739555358569913,2.6470201683781376,0.3336330436847421,0.33291902781671356,0.3700823005213208,2.0,0.0,199,0,0.13598621833893482,0,"{""verdict"": ""no violation"", ""violations"": 0, ""checked"": 27448, ""violating_cells"": []}","{""slopes"": [{""generator"": ""SQ"", ""p_c"": 50, ""slope"": -0.37387744893943003, ""lo"": -0.38204560748021754, ""hi"": -0.3656656886490169, ""intersects"": true}, {""generator"": ""SQ"", ""p_c"": 200, ""slope"": -0.3630240734188334, ""lo"": -0.3700524449828918, ""hi"": -0.35598837640050307, ""intersects"": true}, {""generator"": ""SQ"", ""p_c"": 800, ""slope"": -0.3420416645418425, ""lo"": -0.3479978577657304, ""hi"": -0.3358800925209334, ""intersects"": false}, {""generator"": ""UKL"", ""p_c"": 50, ""slope"": -0.4568061703848367, ""lo"": -0.4652538888003753, ""hi"": -0.44842177415408196, ""intersects"": true}, {""generator"": ""UKL"", ""p_c"": 200, ""slope"": -0.4555670306078159, ""lo"": -0.46316886778399097, ""hi"": -0.447775703849196, ""intersects"": true}, {""generator"": ""UKL"", ""p_c"": 800, ""slope"": -0.46269340659628444, ""lo"": -0.46997582070031146, ""hi"": -0.4555881153024492, ""intersects"": true}, {""generator"": ""BP"", ""p_c"": 50, ""slope"": -0.39263053619822913, ""lo"": -0.40009686121742893, ""hi"": -0.3850923790781503, ""intersects"": true}, {""generator"": ""BP"", ""p_c"": 200, ""slope"": -0.3956786453174106, ""lo"": -0.40234794273824365, ""hi"": -0.3888287183068256, ""intersects"": true}, {""generator"": ""BP"", ""p_c"": 800, ""slope"": -0.3904151304230434, ""lo"": -0.3963248349564689, ""hi"": -0.3845194345684493, ""intersects"": true}, {""generator"": ""BKL"", ""p_c"": 50, ""slope"": -0.2716605165364226, ""lo"": -0.2782109477822056, ""hi"": -0.264790285226348, ""intersects"": false}, {""generator"": ""BKL"", ""p_c"": 200, ""slope"": -0.22858791151984645, ""lo"": -0.23406550695731218, ""hi"": -0.22319437726683475, ""intersects"": false}, {""generator"": ""BKL"", ""p_c"": 800, ""slope"": -0.18599097556953456, ""lo"": -0.19090654823264008, ""hi"": -0.1810761635318152, ""intersects"": false}], ""ratios"": [{""generator"": ""SQ"", ""ratio"": 1.1669286866466106, ""lo"": 1.1555528846250227, ""hi"": 1.1785271747931854, ""below_limit"": true}, {""generator"": ""UKL"", ""ratio"": 1.1783067953267283, ""lo"": 1.1647303012157761, ""hi"": 1.1924567982824075, ""below_limit"": true}, {""generator"": ""BP"", ""ratio"": 1.1621284425783103, ""lo"": 1.1513730346281459, ""hi"": 1.1731592855942279, ""below_limit"": true}, {""generator"": ""BKL"", ""ratio"": 1.1524930865497358, ""lo"": 1.1404872046601389, ""hi"": 1.1642952261699173, ""below_limit"": true}], ""verdict"": ""negative"", ""failed"": [""slope|SQ|p_c=800"", ""slope|BKL|p_c=50"", ""slope|BKL|p_c=200"", ""slope|BKL|p_c=800""], ""incomplete"": []}","{""failures"": {""SQ|SN"": [0, 3000], ""SQ|TH"": [0, 3000], ""SQ|LTH"": [0, 3000], ""UKL|SN"": [0, 3000], ""UKL|TH"": [0, 3000], ""UKL|LTH"": [0, 3000], ""BP|SN"": [0, 3000], ""BP|TH"": [0, 3000], ""BP|LTH"": [0, 3000], ""BKL|SN"": [0, 3000], ""BKL|TH"": [0, 3000], ""BKL|LTH"": [0, 3000]}, ""pvalues"": {""SQ|SN"": 1.0, ""SQ|TH"": 1.0, ""SQ|LTH"": 1.0, ""UKL|SN"": 1.0, ""UKL|TH"": 1.0, ""UKL|LTH"": 1.0, ""BP|SN"": 1.0, ""BP|TH"": 1.0, ""BP|LTH"": 1.0, ""BKL|SN"": 1.0, ""BKL|TH"": 1.0, ""BKL|LTH"": 1.0}, ""rejected"": [], ""verdict"": ""H14-health: no departure from the prediction was detected"", ""bkl_zero_offset"": {""verdict"": ""pass"", ""expected"": 3000, ""replications"": 3000, ""infeasible_start"": 3000, ""mismatches"": [], ""missing"": []}}",[]
14,SQ,800,64000,SN,200,200,0.0,0.014867039231272054,"{""ok"": 200}",1.0,1.0,1.0,1.0,0.07523213877450927,1.8542759173678367,0.25459479532848117,0.2548765576333572,0.2934009280338021,3.0,0.0,200,0,0.15142963607984025,0,"{""verdict"": ""no violation"", ""violations"": 0, ""checked"": 27448, ""violating_cells"": []}","{""slopes"": [{""generator"": ""SQ"", ""p_c"": 50, ""slope"": -0.37387744893943003, ""lo"": -0.38204560748021754, ""hi"": -0.3656656886490169, ""intersects"": true}, {""generator"": ""SQ"", ""p_c"": 200, ""slope"": -0.3630240734188334, ""lo"": -0.3700524449828918, ""hi"": -0.35598837640050307, ""intersects"": true}, {""generator"": ""SQ"", ""p_c"": 800, ""slope"": -0.3420416645418425, ""lo"": -0.3479978577657304, ""hi"": -0.3358800925209334, ""intersects"": false}, {""generator"": ""UKL"", ""p_c"": 50, ""slope"": -0.4568061703848367, ""lo"": -0.4652538888003753, ""hi"": -0.44842177415408196, ""intersects"": true}, {""generator"": ""UKL"", ""p_c"": 200, ""slope"": -0.4555670306078159, ""lo"": -0.46316886778399097, ""hi"": -0.447775703849196, ""intersects"": true}, {""generator"": ""UKL"", ""p_c"": 800, ""slope"": -0.46269340659628444, ""lo"": -0.46997582070031146, ""hi"": -0.4555881153024492, ""intersects"": true}, {""generator"": ""BP"", ""p_c"": 50, ""slope"": -0.39263053619822913, ""lo"": -0.40009686121742893, ""hi"": -0.3850923790781503, ""intersects"": true}, {""generator"": ""BP"", ""p_c"": 200, ""slope"": -0.3956786453174106, ""lo"": -0.40234794273824365, ""hi"": -0.3888287183068256, ""intersects"": true}, {""generator"": ""BP"", ""p_c"": 800, ""slope"": -0.3904151304230434, ""lo"": -0.3963248349564689, ""hi"": -0.3845194345684493, ""intersects"": true}, {""generator"": ""BKL"", ""p_c"": 50, ""slope"": -0.2716605165364226, ""lo"": -0.2782109477822056, ""hi"": -0.264790285226348, ""intersects"": false}, {""generator"": ""BKL"", ""p_c"": 200, ""slope"": -0.22858791151984645, ""lo"": -0.23406550695731218, ""hi"": -0.22319437726683475, ""intersects"": false}, {""generator"": ""BKL"", ""p_c"": 800, ""slope"": -0.18599097556953456, ""lo"": -0.19090654823264008, ""hi"": -0.1810761635318152, ""intersects"": false}], ""ratios"": [{""generator"": ""SQ"", ""ratio"": 1.1669286866466106, ""lo"": 1.1555528846250227, ""hi"": 1.1785271747931854, ""below_limit"": true}, {""generator"": ""UKL"", ""ratio"": 1.1783067953267283, ""lo"": 1.1647303012157761, ""hi"": 1.1924567982824075, ""below_limit"": true}, {""generator"": ""BP"", ""ratio"": 1.1621284425783103, ""lo"": 1.1513730346281459, ""hi"": 1.1731592855942279, ""below_limit"": true}, {""generator"": ""BKL"", ""ratio"": 1.1524930865497358, ""lo"": 1.1404872046601389, ""hi"": 1.1642952261699173, ""below_limit"": true}], ""verdict"": ""negative"", ""failed"": [""slope|SQ|p_c=800"", ""slope|BKL|p_c=50"", ""slope|BKL|p_c=200"", ""slope|BKL|p_c=800""], ""incomplete"": []}","{""failures"": {""SQ|SN"": [0, 3000], ""SQ|TH"": [0, 3000], ""SQ|LTH"": [0, 3000], ""UKL|SN"": [0, 3000], ""UKL|TH"": [0, 3000], ""UKL|LTH"": [0, 3000], ""BP|SN"": [0, 3000], ""BP|TH"": [0, 3000], ""BP|LTH"": [0, 3000], ""BKL|SN"": [0, 3000], ""BKL|TH"": [0, 3000], ""BKL|LTH"": [0, 3000]}, ""pvalues"": {""SQ|SN"": 1.0, ""SQ|TH"": 1.0, ""SQ|LTH"": 1.0, ""UKL|SN"": 1.0, ""UKL|TH"": 1.0, ""UKL|LTH"": 1.0, ""BP|SN"": 1.0, ""BP|TH"": 1.0, ""BP|LTH"": 1.0, ""BKL|SN"": 1.0, ""BKL|TH"": 1.0, ""BKL|LTH"": 1.0}, ""rejected"": [], ""verdict"": ""H14-health: no departure from the prediction was detected"", ""bkl_zero_offset"": {""verdict"": ""pass"", ""expected"": 3000, ""replications"": 3000, ""infeasible_start"": 3000, ""mismatches"": [], ""missing"": []}}",[]
14,SQ,800,64000,TH,200,200,0.0,0.014867039231272054,"{""ok"": 200}",1.0,1.0,1.0,1.0,0.5765433328808577,14.210288779430435,0.43719692782355524,0.4372296831336062,0.43811231478155305,0.0,0.0,200,0,0.03024425000749784,0,"{""verdict"": ""no violation"", ""violations"": 0, ""checked"": 27448, ""violating_cells"": []}","{""slopes"": [{""generator"": ""SQ"", ""p_c"": 50, ""slope"": -0.37387744893943003, ""lo"": -0.38204560748021754, ""hi"": -0.3656656886490169, ""intersects"": true}, {""generator"": ""SQ"", ""p_c"": 200, ""slope"": -0.3630240734188334, ""lo"": -0.3700524449828918, ""hi"": -0.35598837640050307, ""intersects"": true}, {""generator"": ""SQ"", ""p_c"": 800, ""slope"": -0.3420416645418425, ""lo"": -0.3479978577657304, ""hi"": -0.3358800925209334, ""intersects"": false}, {""generator"": ""UKL"", ""p_c"": 50, ""slope"": -0.4568061703848367, ""lo"": -0.4652538888003753, ""hi"": -0.44842177415408196, ""intersects"": true}, {""generator"": ""UKL"", ""p_c"": 200, ""slope"": -0.4555670306078159, ""lo"": -0.46316886778399097, ""hi"": -0.447775703849196, ""intersects"": true}, {""generator"": ""UKL"", ""p_c"": 800, ""slope"": -0.46269340659628444, ""lo"": -0.46997582070031146, ""hi"": -0.4555881153024492, ""intersects"": true}, {""generator"": ""BP"", ""p_c"": 50, ""slope"": -0.39263053619822913, ""lo"": -0.40009686121742893, ""hi"": -0.3850923790781503, ""intersects"": true}, {""generator"": ""BP"", ""p_c"": 200, ""slope"": -0.3956786453174106, ""lo"": -0.40234794273824365, ""hi"": -0.3888287183068256, ""intersects"": true}, {""generator"": ""BP"", ""p_c"": 800, ""slope"": -0.3904151304230434, ""lo"": -0.3963248349564689, ""hi"": -0.3845194345684493, ""intersects"": true}, {""generator"": ""BKL"", ""p_c"": 50, ""slope"": -0.2716605165364226, ""lo"": -0.2782109477822056, ""hi"": -0.264790285226348, ""intersects"": false}, {""generator"": ""BKL"", ""p_c"": 200, ""slope"": -0.22858791151984645, ""lo"": -0.23406550695731218, ""hi"": -0.22319437726683475, ""intersects"": false}, {""generator"": ""BKL"", ""p_c"": 800, ""slope"": -0.18599097556953456, ""lo"": -0.19090654823264008, ""hi"": -0.1810761635318152, ""intersects"": false}], ""ratios"": [{""generator"": ""SQ"", ""ratio"": 1.1669286866466106, ""lo"": 1.1555528846250227, ""hi"": 1.1785271747931854, ""below_limit"": true}, {""generator"": ""UKL"", ""ratio"": 1.1783067953267283, ""lo"": 1.1647303012157761, ""hi"": 1.1924567982824075, ""below_limit"": true}, {""generator"": ""BP"", ""ratio"": 1.1621284425783103, ""lo"": 1.1513730346281459, ""hi"": 1.1731592855942279, ""below_limit"": true}, {""generator"": ""BKL"", ""ratio"": 1.1524930865497358, ""lo"": 1.1404872046601389, ""hi"": 1.1642952261699173, ""below_limit"": true}], ""verdict"": ""negative"", ""failed"": [""slope|SQ|p_c=800"", ""slope|BKL|p_c=50"", ""slope|BKL|p_c=200"", ""slope|BKL|p_c=800""], ""incomplete"": []}","{""failures"": {""SQ|SN"": [0, 3000], ""SQ|TH"": [0, 3000], ""SQ|LTH"": [0, 3000], ""UKL|SN"": [0, 3000], ""UKL|TH"": [0, 3000], ""UKL|LTH"": [0, 3000], ""BP|SN"": [0, 3000], ""BP|TH"": [0, 3000], ""BP|LTH"": [0, 3000], ""BKL|SN"": [0, 3000], ""BKL|TH"": [0, 3000], ""BKL|LTH"": [0, 3000]}, ""pvalues"": {""SQ|SN"": 1.0, ""SQ|TH"": 1.0, ""SQ|LTH"": 1.0, ""UKL|SN"": 1.0, ""UKL|TH"": 1.0, ""UKL|LTH"": 1.0, ""BP|SN"": 1.0, ""BP|TH"": 1.0, ""BP|LTH"": 1.0, ""BKL|SN"": 1.0, ""BKL|TH"": 1.0, ""BKL|LTH"": 1.0}, ""rejected"": [], ""verdict"": ""H14-health: no departure from the prediction was detected"", ""bkl_zero_offset"": {""verdict"": ""pass"", ""expected"": 3000, ""replications"": 3000, ""infeasible_start"": 3000, ""mismatches"": [], ""missing"": []}}",[]
14,SQ,800,64000,LTH,200,200,0.0,0.014867039231272054,"{""ok"": 200}",1.0,1.0,1.0,1.0,0.07555226061368776,1.8621660854088031,0.2554382565313926,0.2557686574097301,0.29391199351954167,3.0,0.0,200,0,0.1513120431944987,0,"{""verdict"": ""no violation"", ""violations"": 0, ""checked"": 27448, ""violating_cells"": []}","{""slopes"": [{""generator"": ""SQ"", ""p_c"": 50, ""slope"": -0.37387744893943003, ""lo"": -0.38204560748021754, ""hi"": -0.3656656886490169, ""intersects"": true}, {""generator"": ""SQ"", ""p_c"": 200, ""slope"": -0.3630240734188334, ""lo"": -0.3700524449828918, ""hi"": -0.35598837640050307, ""intersects"": true}, {""generator"": ""SQ"", ""p_c"": 800, ""slope"": -0.3420416645418425, ""lo"": -0.3479978577657304, ""hi"": -0.3358800925209334, ""intersects"": false}, {""generator"": ""UKL"", ""p_c"": 50, ""slope"": -0.4568061703848367, ""lo"": -0.4652538888003753, ""hi"": -0.44842177415408196, ""intersects"": true}, {""generator"": ""UKL"", ""p_c"": 200, ""slope"": -0.4555670306078159, ""lo"": -0.46316886778399097, ""hi"": -0.447775703849196, ""intersects"": true}, {""generator"": ""UKL"", ""p_c"": 800, ""slope"": -0.46269340659628444, ""lo"": -0.46997582070031146, ""hi"": -0.4555881153024492, ""intersects"": true}, {""generator"": ""BP"", ""p_c"": 50, ""slope"": -0.39263053619822913, ""lo"": -0.40009686121742893, ""hi"": -0.3850923790781503, ""intersects"": true}, {""generator"": ""BP"", ""p_c"": 200, ""slope"": -0.3956786453174106, ""lo"": -0.40234794273824365, ""hi"": -0.3888287183068256, ""intersects"": true}, {""generator"": ""BP"", ""p_c"": 800, ""slope"": -0.3904151304230434, ""lo"": -0.3963248349564689, ""hi"": -0.3845194345684493, ""intersects"": true}, {""generator"": ""BKL"", ""p_c"": 50, ""slope"": -0.2716605165364226, ""lo"": -0.2782109477822056, ""hi"": -0.264790285226348, ""intersects"": false}, {""generator"": ""BKL"", ""p_c"": 200, ""slope"": -0.22858791151984645, ""lo"": -0.23406550695731218, ""hi"": -0.22319437726683475, ""intersects"": false}, {""generator"": ""BKL"", ""p_c"": 800, ""slope"": -0.18599097556953456, ""lo"": -0.19090654823264008, ""hi"": -0.1810761635318152, ""intersects"": false}], ""ratios"": [{""generator"": ""SQ"", ""ratio"": 1.1669286866466106, ""lo"": 1.1555528846250227, ""hi"": 1.1785271747931854, ""below_limit"": true}, {""generator"": ""UKL"", ""ratio"": 1.1783067953267283, ""lo"": 1.1647303012157761, ""hi"": 1.1924567982824075, ""below_limit"": true}, {""generator"": ""BP"", ""ratio"": 1.1621284425783103, ""lo"": 1.1513730346281459, ""hi"": 1.1731592855942279, ""below_limit"": true}, {""generator"": ""BKL"", ""ratio"": 1.1524930865497358, ""lo"": 1.1404872046601389, ""hi"": 1.1642952261699173, ""below_limit"": true}], ""verdict"": ""negative"", ""failed"": [""slope|SQ|p_c=800"", ""slope|BKL|p_c=50"", ""slope|BKL|p_c=200"", ""slope|BKL|p_c=800""], ""incomplete"": []}","{""failures"": {""SQ|SN"": [0, 3000], ""SQ|TH"": [0, 3000], ""SQ|LTH"": [0, 3000], ""UKL|SN"": [0, 3000], ""UKL|TH"": [0, 3000], ""UKL|LTH"": [0, 3000], ""BP|SN"": [0, 3000], ""BP|TH"": [0, 3000], ""BP|LTH"": [0, 3000], ""BKL|SN"": [0, 3000], ""BKL|TH"": [0, 3000], ""BKL|LTH"": [0, 3000]}, ""pvalues"": {""SQ|SN"": 1.0, ""SQ|TH"": 1.0, ""SQ|LTH"": 1.0, ""UKL|SN"": 1.0, ""UKL|TH"": 1.0, ""UKL|LTH"": 1.0, ""BP|SN"": 1.0, ""BP|TH"": 1.0, ""BP|LTH"": 1.0, ""BKL|SN"": 1.0, ""BKL|TH"": 1.0, ""BKL|LTH"": 1.0}, ""rejected"": [], ""verdict"": ""H14-health: no departure from the prediction was detected"", ""bkl_zero_offset"": {""verdict"": ""pass"", ""expected"": 3000, ""replications"": 3000, ""infeasible_start"": 3000, ""mismatches"": [], ""missing"": []}}",[]
15,UKL,50,4000,SN,200,200,0.0,0.014867039231272054,"{""ok"": 200}",0.995,1.0,1.0,0.995,0.28543179276664843,4691.554913980355,0.7560357880023328,0.7572770641729242,0.852281458370461,2.0,0.0,199,0,0.00016209690800786844,0,"{""verdict"": ""no violation"", ""violations"": 0, ""checked"": 27448, ""violating_cells"": []}","{""slopes"": [{""generator"": ""SQ"", ""p_c"": 50, ""slope"": -0.37387744893943003, ""lo"": -0.38204560748021754, ""hi"": -0.3656656886490169, ""intersects"": true}, {""generator"": ""SQ"", ""p_c"": 200, ""slope"": -0.3630240734188334, ""lo"": -0.3700524449828918, ""hi"": -0.35598837640050307, ""intersects"": true}, {""generator"": ""SQ"", ""p_c"": 800, ""slope"": -0.3420416645418425, ""lo"": -0.3479978577657304, ""hi"": -0.3358800925209334, ""intersects"": false}, {""generator"": ""UKL"", ""p_c"": 50, ""slope"": -0.4568061703848367, ""lo"": -0.4652538888003753, ""hi"": -0.44842177415408196, ""intersects"": true}, {""generator"": ""UKL"", ""p_c"": 200, ""slope"": -0.4555670306078159, ""lo"": -0.46316886778399097, ""hi"": -0.447775703849196, ""intersects"": true}, {""generator"": ""UKL"", ""p_c"": 800, ""slope"": -0.46269340659628444, ""lo"": -0.46997582070031146, ""hi"": -0.4555881153024492, ""intersects"": true}, {""generator"": ""BP"", ""p_c"": 50, ""slope"": -0.39263053619822913, ""lo"": -0.40009686121742893, ""hi"": -0.3850923790781503, ""intersects"": true}, {""generator"": ""BP"", ""p_c"": 200, ""slope"": -0.3956786453174106, ""lo"": -0.40234794273824365, ""hi"": -0.3888287183068256, ""intersects"": true}, {""generator"": ""BP"", ""p_c"": 800, ""slope"": -0.3904151304230434, ""lo"": -0.3963248349564689, ""hi"": -0.3845194345684493, ""intersects"": true}, {""generator"": ""BKL"", ""p_c"": 50, ""slope"": -0.2716605165364226, ""lo"": -0.2782109477822056, ""hi"": -0.264790285226348, ""intersects"": false}, {""generator"": ""BKL"", ""p_c"": 200, ""slope"": -0.22858791151984645, ""lo"": -0.23406550695731218, ""hi"": -0.22319437726683475, ""intersects"": false}, {""generator"": ""BKL"", ""p_c"": 800, ""slope"": -0.18599097556953456, ""lo"": -0.19090654823264008, ""hi"": -0.1810761635318152, ""intersects"": false}], ""ratios"": [{""generator"": ""SQ"", ""ratio"": 1.1669286866466106, ""lo"": 1.1555528846250227, ""hi"": 1.1785271747931854, ""below_limit"": true}, {""generator"": ""UKL"", ""ratio"": 1.1783067953267283, ""lo"": 1.1647303012157761, ""hi"": 1.1924567982824075, ""below_limit"": true}, {""generator"": ""BP"", ""ratio"": 1.1621284425783103, ""lo"": 1.1513730346281459, ""hi"": 1.1731592855942279, ""below_limit"": true}, {""generator"": ""BKL"", ""ratio"": 1.1524930865497358, ""lo"": 1.1404872046601389, ""hi"": 1.1642952261699173, ""below_limit"": true}], ""verdict"": ""negative"", ""failed"": [""slope|SQ|p_c=800"", ""slope|BKL|p_c=50"", ""slope|BKL|p_c=200"", ""slope|BKL|p_c=800""], ""incomplete"": []}","{""failures"": {""SQ|SN"": [0, 3000], ""SQ|TH"": [0, 3000], ""SQ|LTH"": [0, 3000], ""UKL|SN"": [0, 3000], ""UKL|TH"": [0, 3000], ""UKL|LTH"": [0, 3000], ""BP|SN"": [0, 3000], ""BP|TH"": [0, 3000], ""BP|LTH"": [0, 3000], ""BKL|SN"": [0, 3000], ""BKL|TH"": [0, 3000], ""BKL|LTH"": [0, 3000]}, ""pvalues"": {""SQ|SN"": 1.0, ""SQ|TH"": 1.0, ""SQ|LTH"": 1.0, ""UKL|SN"": 1.0, ""UKL|TH"": 1.0, ""UKL|LTH"": 1.0, ""BP|SN"": 1.0, ""BP|TH"": 1.0, ""BP|LTH"": 1.0, ""BKL|SN"": 1.0, ""BKL|TH"": 1.0, ""BKL|LTH"": 1.0}, ""rejected"": [], ""verdict"": ""H14-health: no departure from the prediction was detected"", ""bkl_zero_offset"": {""verdict"": ""pass"", ""expected"": 3000, ""replications"": 3000, ""infeasible_start"": 3000, ""mismatches"": [], ""missing"": []}}",[]
15,UKL,50,4000,TH,200,200,0.0,0.014867039231272054,"{""ok"": 200}",1.0,1.0,1.0,1.0,9.306515117713854,152968.33723157918,0.9224791683291577,0.9225540176470544,0.9247091791568798,0.0,0.0,200,0,5.601211891263371e-06,0,"{""verdict"": ""no violation"", ""violations"": 0, ""checked"": 27448, ""violating_cells"": []}","{""slopes"": [{""generator"": ""SQ"", ""p_c"": 50, ""slope"": -0.37387744893943003, ""lo"": -0.38204560748021754, ""hi"": -0.3656656886490169, ""intersects"": true}, {""generator"": ""SQ"", ""p_c"": 200, ""slope"": -0.3630240734188334, ""lo"": -0.3700524449828918, ""hi"": -0.35598837640050307, ""intersects"": true}, {""generator"": ""SQ"", ""p_c"": 800, ""slope"": -0.3420416645418425, ""lo"": -0.3479978577657304, ""hi"": -0.3358800925209334, ""intersects"": false}, {""generator"": ""UKL"", ""p_c"": 50, ""slope"": -0.4568061703848367, ""lo"": -0.4652538888003753, ""hi"": -0.44842177415408196, ""intersects"": true}, {""generator"": ""UKL"", ""p_c"": 200, ""slope"": -0.4555670306078159, ""lo"": -0.46316886778399097, ""hi"": -0.447775703849196, ""intersects"": true}, {""generator"": ""UKL"", ""p_c"": 800, ""slope"": -0.46269340659628444, ""lo"": -0.46997582070031146, ""hi"": -0.4555881153024492, ""intersects"": true}, {""generator"": ""BP"", ""p_c"": 50, ""slope"": -0.39263053619822913, ""lo"": -0.40009686121742893, ""hi"": -0.3850923790781503, ""intersects"": true}, {""generator"": ""BP"", ""p_c"": 200, ""slope"": -0.3956786453174106, ""lo"": -0.40234794273824365, ""hi"": -0.3888287183068256, ""intersects"": true}, {""generator"": ""BP"", ""p_c"": 800, ""slope"": -0.3904151304230434, ""lo"": -0.3963248349564689, ""hi"": -0.3845194345684493, ""intersects"": true}, {""generator"": ""BKL"", ""p_c"": 50, ""slope"": -0.2716605165364226, ""lo"": -0.2782109477822056, ""hi"": -0.264790285226348, ""intersects"": false}, {""generator"": ""BKL"", ""p_c"": 200, ""slope"": -0.22858791151984645, ""lo"": -0.23406550695731218, ""hi"": -0.22319437726683475, ""intersects"": false}, {""generator"": ""BKL"", ""p_c"": 800, ""slope"": -0.18599097556953456, ""lo"": -0.19090654823264008, ""hi"": -0.1810761635318152, ""intersects"": false}], ""ratios"": [{""generator"": ""SQ"", ""ratio"": 1.1669286866466106, ""lo"": 1.1555528846250227, ""hi"": 1.1785271747931854, ""below_limit"": true}, {""generator"": ""UKL"", ""ratio"": 1.1783067953267283, ""lo"": 1.1647303012157761, ""hi"": 1.1924567982824075, ""below_limit"": true}, {""generator"": ""BP"", ""ratio"": 1.1621284425783103, ""lo"": 1.1513730346281459, ""hi"": 1.1731592855942279, ""below_limit"": true}, {""generator"": ""BKL"", ""ratio"": 1.1524930865497358, ""lo"": 1.1404872046601389, ""hi"": 1.1642952261699173, ""below_limit"": true}], ""verdict"": ""negative"", ""failed"": [""slope|SQ|p_c=800"", ""slope|BKL|p_c=50"", ""slope|BKL|p_c=200"", ""slope|BKL|p_c=800""], ""incomplete"": []}","{""failures"": {""SQ|SN"": [0, 3000], ""SQ|TH"": [0, 3000], ""SQ|LTH"": [0, 3000], ""UKL|SN"": [0, 3000], ""UKL|TH"": [0, 3000], ""UKL|LTH"": [0, 3000], ""BP|SN"": [0, 3000], ""BP|TH"": [0, 3000], ""BP|LTH"": [0, 3000], ""BKL|SN"": [0, 3000], ""BKL|TH"": [0, 3000], ""BKL|LTH"": [0, 3000]}, ""pvalues"": {""SQ|SN"": 1.0, ""SQ|TH"": 1.0, ""SQ|LTH"": 1.0, ""UKL|SN"": 1.0, ""UKL|TH"": 1.0, ""UKL|LTH"": 1.0, ""BP|SN"": 1.0, ""BP|TH"": 1.0, ""BP|LTH"": 1.0, ""BKL|SN"": 1.0, ""BKL|TH"": 1.0, ""BKL|LTH"": 1.0}, ""rejected"": [], ""verdict"": ""H14-health: no departure from the prediction was detected"", ""bkl_zero_offset"": {""verdict"": ""pass"", ""expected"": 3000, ""replications"": 3000, ""infeasible_start"": 3000, ""mismatches"": [], ""missing"": []}}",[]
15,UKL,50,4000,LTH,200,200,0.0,0.014867039231272054,"{""ok"": 200}",0.985,1.0,1.0,0.985,0.2770225661059271,4553.335032163841,0.74272564595694,0.7438532326480329,0.8365743364170426,3.0,0.0,197,0,0.00016419570967886774,0,"{""verdict"": ""no violation"", ""violations"": 0, ""checked"": 27448, ""violating_cells"": []}","{""slopes"": [{""generator"": ""SQ"", ""p_c"": 50, ""slope"": -0.37387744893943003, ""lo"": -0.38204560748021754, ""hi"": -0.3656656886490169, ""intersects"": true}, {""generator"": ""SQ"", ""p_c"": 200, ""slope"": -0.3630240734188334, ""lo"": -0.3700524449828918, ""hi"": -0.35598837640050307, ""intersects"": true}, {""generator"": ""SQ"", ""p_c"": 800, ""slope"": -0.3420416645418425, ""lo"": -0.3479978577657304, ""hi"": -0.3358800925209334, ""intersects"": false}, {""generator"": ""UKL"", ""p_c"": 50, ""slope"": -0.4568061703848367, ""lo"": -0.4652538888003753, ""hi"": -0.44842177415408196, ""intersects"": true}, {""generator"": ""UKL"", ""p_c"": 200, ""slope"": -0.4555670306078159, ""lo"": -0.46316886778399097, ""hi"": -0.447775703849196, ""intersects"": true}, {""generator"": ""UKL"", ""p_c"": 800, ""slope"": -0.46269340659628444, ""lo"": -0.46997582070031146, ""hi"": -0.4555881153024492, ""intersects"": true}, {""generator"": ""BP"", ""p_c"": 50, ""slope"": -0.39263053619822913, ""lo"": -0.40009686121742893, ""hi"": -0.3850923790781503, ""intersects"": true}, {""generator"": ""BP"", ""p_c"": 200, ""slope"": -0.3956786453174106, ""lo"": -0.40234794273824365, ""hi"": -0.3888287183068256, ""intersects"": true}, {""generator"": ""BP"", ""p_c"": 800, ""slope"": -0.3904151304230434, ""lo"": -0.3963248349564689, ""hi"": -0.3845194345684493, ""intersects"": true}, {""generator"": ""BKL"", ""p_c"": 50, ""slope"": -0.2716605165364226, ""lo"": -0.2782109477822056, ""hi"": -0.264790285226348, ""intersects"": false}, {""generator"": ""BKL"", ""p_c"": 200, ""slope"": -0.22858791151984645, ""lo"": -0.23406550695731218, ""hi"": -0.22319437726683475, ""intersects"": false}, {""generator"": ""BKL"", ""p_c"": 800, ""slope"": -0.18599097556953456, ""lo"": -0.19090654823264008, ""hi"": -0.1810761635318152, ""intersects"": false}], ""ratios"": [{""generator"": ""SQ"", ""ratio"": 1.1669286866466106, ""lo"": 1.1555528846250227, ""hi"": 1.1785271747931854, ""below_limit"": true}, {""generator"": ""UKL"", ""ratio"": 1.1783067953267283, ""lo"": 1.1647303012157761, ""hi"": 1.1924567982824075, ""below_limit"": true}, {""generator"": ""BP"", ""ratio"": 1.1621284425783103, ""lo"": 1.1513730346281459, ""hi"": 1.1731592855942279, ""below_limit"": true}, {""generator"": ""BKL"", ""ratio"": 1.1524930865497358, ""lo"": 1.1404872046601389, ""hi"": 1.1642952261699173, ""below_limit"": true}], ""verdict"": ""negative"", ""failed"": [""slope|SQ|p_c=800"", ""slope|BKL|p_c=50"", ""slope|BKL|p_c=200"", ""slope|BKL|p_c=800""], ""incomplete"": []}","{""failures"": {""SQ|SN"": [0, 3000], ""SQ|TH"": [0, 3000], ""SQ|LTH"": [0, 3000], ""UKL|SN"": [0, 3000], ""UKL|TH"": [0, 3000], ""UKL|LTH"": [0, 3000], ""BP|SN"": [0, 3000], ""BP|TH"": [0, 3000], ""BP|LTH"": [0, 3000], ""BKL|SN"": [0, 3000], ""BKL|TH"": [0, 3000], ""BKL|LTH"": [0, 3000]}, ""pvalues"": {""SQ|SN"": 1.0, ""SQ|TH"": 1.0, ""SQ|LTH"": 1.0, ""UKL|SN"": 1.0, ""UKL|TH"": 1.0, ""UKL|LTH"": 1.0, ""BP|SN"": 1.0, ""BP|TH"": 1.0, ""BP|LTH"": 1.0, ""BKL|SN"": 1.0, ""BKL|TH"": 1.0, ""BKL|LTH"": 1.0}, ""rejected"": [], ""verdict"": ""H14-health: no departure from the prediction was detected"", ""bkl_zero_offset"": {""verdict"": ""pass"", ""expected"": 3000, ""replications"": 3000, ""infeasible_start"": 3000, ""mismatches"": [], ""missing"": []}}",[]
16,UKL,50,8000,SN,200,200,0.0,0.014867039231272054,"{""ok"": 200}",0.99,1.0,1.0,0.99,0.20171095438626893,3315.4611477644166,0.59348838987802,0.5961632229216243,0.6796157728556484,3.0,0.0,198,0,0.00017300314376193627,0,"{""verdict"": ""no violation"", ""violations"": 0, ""checked"": 27448, ""violating_cells"": []}","{""slopes"": [{""generator"": ""SQ"", ""p_c"": 50, ""slope"": -0.37387744893943003, ""lo"": -0.38204560748021754, ""hi"": -0.3656656886490169, ""intersects"": true}, {""generator"": ""SQ"", ""p_c"": 200, ""slope"": -0.3630240734188334, ""lo"": -0.3700524449828918, ""hi"": -0.35598837640050307, ""intersects"": true}, {""generator"": ""SQ"", ""p_c"": 800, ""slope"": -0.3420416645418425, ""lo"": -0.3479978577657304, ""hi"": -0.3358800925209334, ""intersects"": false}, {""generator"": ""UKL"", ""p_c"": 50, ""slope"": -0.4568061703848367, ""lo"": -0.4652538888003753, ""hi"": -0.44842177415408196, ""intersects"": true}, {""generator"": ""UKL"", ""p_c"": 200, ""slope"": -0.4555670306078159, ""lo"": -0.46316886778399097, ""hi"": -0.447775703849196, ""intersects"": true}, {""generator"": ""UKL"", ""p_c"": 800, ""slope"": -0.46269340659628444, ""lo"": -0.46997582070031146, ""hi"": -0.4555881153024492, ""intersects"": true}, {""generator"": ""BP"", ""p_c"": 50, ""slope"": -0.39263053619822913, ""lo"": -0.40009686121742893, ""hi"": -0.3850923790781503, ""intersects"": true}, {""generator"": ""BP"", ""p_c"": 200, ""slope"": -0.3956786453174106, ""lo"": -0.40234794273824365, ""hi"": -0.3888287183068256, ""intersects"": true}, {""generator"": ""BP"", ""p_c"": 800, ""slope"": -0.3904151304230434, ""lo"": -0.3963248349564689, ""hi"": -0.3845194345684493, ""intersects"": true}, {""generator"": ""BKL"", ""p_c"": 50, ""slope"": -0.2716605165364226, ""lo"": -0.2782109477822056, ""hi"": -0.264790285226348, ""intersects"": false}, {""generator"": ""BKL"", ""p_c"": 200, ""slope"": -0.22858791151984645, ""lo"": -0.23406550695731218, ""hi"": -0.22319437726683475, ""intersects"": false}, {""generator"": ""BKL"", ""p_c"": 800, ""slope"": -0.18599097556953456, ""lo"": -0.19090654823264008, ""hi"": -0.1810761635318152, ""intersects"": false}], ""ratios"": [{""generator"": ""SQ"", ""ratio"": 1.1669286866466106, ""lo"": 1.1555528846250227, ""hi"": 1.1785271747931854, ""below_limit"": true}, {""generator"": ""UKL"", ""ratio"": 1.1783067953267283, ""lo"": 1.1647303012157761, ""hi"": 1.1924567982824075, ""below_limit"": true}, {""generator"": ""BP"", ""ratio"": 1.1621284425783103, ""lo"": 1.1513730346281459, ""hi"": 1.1731592855942279, ""below_limit"": true}, {""generator"": ""BKL"", ""ratio"": 1.1524930865497358, ""lo"": 1.1404872046601389, ""hi"": 1.1642952261699173, ""below_limit"": true}], ""verdict"": ""negative"", ""failed"": [""slope|SQ|p_c=800"", ""slope|BKL|p_c=50"", ""slope|BKL|p_c=200"", ""slope|BKL|p_c=800""], ""incomplete"": []}","{""failures"": {""SQ|SN"": [0, 3000], ""SQ|TH"": [0, 3000], ""SQ|LTH"": [0, 3000], ""UKL|SN"": [0, 3000], ""UKL|TH"": [0, 3000], ""UKL|LTH"": [0, 3000], ""BP|SN"": [0, 3000], ""BP|TH"": [0, 3000], ""BP|LTH"": [0, 3000], ""BKL|SN"": [0, 3000], ""BKL|TH"": [0, 3000], ""BKL|LTH"": [0, 3000]}, ""pvalues"": {""SQ|SN"": 1.0, ""SQ|TH"": 1.0, ""SQ|LTH"": 1.0, ""UKL|SN"": 1.0, ""UKL|TH"": 1.0, ""UKL|LTH"": 1.0, ""BP|SN"": 1.0, ""BP|TH"": 1.0, ""BP|LTH"": 1.0, ""BKL|SN"": 1.0, ""BKL|TH"": 1.0, ""BKL|LTH"": 1.0}, ""rejected"": [], ""verdict"": ""H14-health: no departure from the prediction was detected"", ""bkl_zero_offset"": {""verdict"": ""pass"", ""expected"": 3000, ""replications"": 3000, ""infeasible_start"": 3000, ""mismatches"": [], ""missing"": []}}",[]
16,UKL,50,8000,TH,200,200,0.0,0.014867039231272054,"{""ok"": 200}",1.0,1.0,1.0,1.0,6.580699948950587,108164.94856328025,0.9224791683291577,0.9225540176470544,0.9247091791568798,0.0,0.0,200,0,7.921309822350115e-06,0,"{""verdict"": ""no violation"", ""violations"": 0, ""checked"": 27448, ""violating_cells"": []}","{""slopes"": [{""generator"": ""SQ"", ""p_c"": 50, ""slope"": -0.37387744893943003, ""lo"": -0.38204560748021754, ""hi"": -0.3656656886490169, ""intersects"": true}, {""generator"": ""SQ"", ""p_c"": 200, ""slope"": -0.3630240734188334, ""lo"": -0.3700524449828918, ""hi"": -0.35598837640050307, ""intersects"": true}, {""generator"": ""SQ"", ""p_c"": 800, ""slope"": -0.3420416645418425, ""lo"": -0.3479978577657304, ""hi"": -0.3358800925209334, ""intersects"": false}, {""generator"": ""UKL"", ""p_c"": 50, ""slope"": -0.4568061703848367, ""lo"": -0.4652538888003753, ""hi"": -0.44842177415408196, ""intersects"": true}, {""generator"": ""UKL"", ""p_c"": 200, ""slope"": -0.4555670306078159, ""lo"": -0.46316886778399097, ""hi"": -0.447775703849196, ""intersects"": true}, {""generator"": ""UKL"", ""p_c"": 800, ""slope"": -0.46269340659628444, ""lo"": -0.46997582070031146, ""hi"": -0.4555881153024492, ""intersects"": true}, {""generator"": ""BP"", ""p_c"": 50, ""slope"": -0.39263053619822913, ""lo"": -0.40009686121742893, ""hi"": -0.3850923790781503, ""intersects"": true}, {""generator"": ""BP"", ""p_c"": 200, ""slope"": -0.3956786453174106, ""lo"": -0.40234794273824365, ""hi"": -0.3888287183068256, ""intersects"": true}, {""generator"": ""BP"", ""p_c"": 800, ""slope"": -0.3904151304230434, ""lo"": -0.3963248349564689, ""hi"": -0.3845194345684493, ""intersects"": true}, {""generator"": ""BKL"", ""p_c"": 50, ""slope"": -0.2716605165364226, ""lo"": -0.2782109477822056, ""hi"": -0.264790285226348, ""intersects"": false}, {""generator"": ""BKL"", ""p_c"": 200, ""slope"": -0.22858791151984645, ""lo"": -0.23406550695731218, ""hi"": -0.22319437726683475, ""intersects"": false}, {""generator"": ""BKL"", ""p_c"": 800, ""slope"": -0.18599097556953456, ""lo"": -0.19090654823264008, ""hi"": -0.1810761635318152, ""intersects"": false}], ""ratios"": [{""generator"": ""SQ"", ""ratio"": 1.1669286866466106, ""lo"": 1.1555528846250227, ""hi"": 1.1785271747931854, ""below_limit"": true}, {""generator"": ""UKL"", ""ratio"": 1.1783067953267283, ""lo"": 1.1647303012157761, ""hi"": 1.1924567982824075, ""below_limit"": true}, {""generator"": ""BP"", ""ratio"": 1.1621284425783103, ""lo"": 1.1513730346281459, ""hi"": 1.1731592855942279, ""below_limit"": true}, {""generator"": ""BKL"", ""ratio"": 1.1524930865497358, ""lo"": 1.1404872046601389, ""hi"": 1.1642952261699173, ""below_limit"": true}], ""verdict"": ""negative"", ""failed"": [""slope|SQ|p_c=800"", ""slope|BKL|p_c=50"", ""slope|BKL|p_c=200"", ""slope|BKL|p_c=800""], ""incomplete"": []}","{""failures"": {""SQ|SN"": [0, 3000], ""SQ|TH"": [0, 3000], ""SQ|LTH"": [0, 3000], ""UKL|SN"": [0, 3000], ""UKL|TH"": [0, 3000], ""UKL|LTH"": [0, 3000], ""BP|SN"": [0, 3000], ""BP|TH"": [0, 3000], ""BP|LTH"": [0, 3000], ""BKL|SN"": [0, 3000], ""BKL|TH"": [0, 3000], ""BKL|LTH"": [0, 3000]}, ""pvalues"": {""SQ|SN"": 1.0, ""SQ|TH"": 1.0, ""SQ|LTH"": 1.0, ""UKL|SN"": 1.0, ""UKL|TH"": 1.0, ""UKL|LTH"": 1.0, ""BP|SN"": 1.0, ""BP|TH"": 1.0, ""BP|LTH"": 1.0, ""BKL|SN"": 1.0, ""BKL|TH"": 1.0, ""BKL|LTH"": 1.0}, ""rejected"": [], ""verdict"": ""H14-health: no departure from the prediction was detected"", ""bkl_zero_offset"": {""verdict"": ""pass"", ""expected"": 3000, ""replications"": 3000, ""infeasible_start"": 3000, ""mismatches"": [], ""missing"": []}}",[]
16,UKL,50,8000,LTH,200,200,0.0,0.014867039231272054,"{""ok"": 200}",0.98,1.0,1.0,0.98,0.1976439017080721,3248.6122491436154,0.5851825268454978,0.5880950515149579,0.6601960155028176,3.0,0.0,196,0,0.00017528743113371146,0,"{""verdict"": ""no violation"", ""violations"": 0, ""checked"": 27448, ""violating_cells"": []}","{""slopes"": [{""generator"": ""SQ"", ""p_c"": 50, ""slope"": -0.37387744893943003, ""lo"": -0.38204560748021754, ""hi"": -0.3656656886490169, ""intersects"": true}, {""generator"": ""SQ"", ""p_c"": 200, ""slope"": -0.3630240734188334, ""lo"": -0.3700524449828918, ""hi"": -0.35598837640050307, ""intersects"": true}, {""generator"": ""SQ"", ""p_c"": 800, ""slope"": -0.3420416645418425, ""lo"": -0.3479978577657304, ""hi"": -0.3358800925209334, ""intersects"": false}, {""generator"": ""UKL"", ""p_c"": 50, ""slope"": -0.4568061703848367, ""lo"": -0.4652538888003753, ""hi"": -0.44842177415408196, ""intersects"": true}, {""generator"": ""UKL"", ""p_c"": 200, ""slope"": -0.4555670306078159, ""lo"": -0.46316886778399097, ""hi"": -0.447775703849196, ""intersects"": true}, {""generator"": ""UKL"", ""p_c"": 800, ""slope"": -0.46269340659628444, ""lo"": -0.46997582070031146, ""hi"": -0.4555881153024492, ""intersects"": true}, {""generator"": ""BP"", ""p_c"": 50, ""slope"": -0.39263053619822913, ""lo"": -0.40009686121742893, ""hi"": -0.3850923790781503, ""intersects"": true}, {""generator"": ""BP"", ""p_c"": 200, ""slope"": -0.3956786453174106, ""lo"": -0.40234794273824365, ""hi"": -0.3888287183068256, ""intersects"": true}, {""generator"": ""BP"", ""p_c"": 800, ""slope"": -0.3904151304230434, ""lo"": -0.3963248349564689, ""hi"": -0.3845194345684493, ""intersects"": true}, {""generator"": ""BKL"", ""p_c"": 50, ""slope"": -0.2716605165364226, ""lo"": -0.2782109477822056, ""hi"": -0.264790285226348, ""intersects"": false}, {""generator"": ""BKL"", ""p_c"": 200, ""slope"": -0.22858791151984645, ""lo"": -0.23406550695731218, ""hi"": -0.22319437726683475, ""intersects"": false}, {""generator"": ""BKL"", ""p_c"": 800, ""slope"": -0.18599097556953456, ""lo"": -0.19090654823264008, ""hi"": -0.1810761635318152, ""intersects"": false}], ""ratios"": [{""generator"": ""SQ"", ""ratio"": 1.1669286866466106, ""lo"": 1.1555528846250227, ""hi"": 1.1785271747931854, ""below_limit"": true}, {""generator"": ""UKL"", ""ratio"": 1.1783067953267283, ""lo"": 1.1647303012157761, ""hi"": 1.1924567982824075, ""below_limit"": true}, {""generator"": ""BP"", ""ratio"": 1.1621284425783103, ""lo"": 1.1513730346281459, ""hi"": 1.1731592855942279, ""below_limit"": true}, {""generator"": ""BKL"", ""ratio"": 1.1524930865497358, ""lo"": 1.1404872046601389, ""hi"": 1.1642952261699173, ""below_limit"": true}], ""verdict"": ""negative"", ""failed"": [""slope|SQ|p_c=800"", ""slope|BKL|p_c=50"", ""slope|BKL|p_c=200"", ""slope|BKL|p_c=800""], ""incomplete"": []}","{""failures"": {""SQ|SN"": [0, 3000], ""SQ|TH"": [0, 3000], ""SQ|LTH"": [0, 3000], ""UKL|SN"": [0, 3000], ""UKL|TH"": [0, 3000], ""UKL|LTH"": [0, 3000], ""BP|SN"": [0, 3000], ""BP|TH"": [0, 3000], ""BP|LTH"": [0, 3000], ""BKL|SN"": [0, 3000], ""BKL|TH"": [0, 3000], ""BKL|LTH"": [0, 3000]}, ""pvalues"": {""SQ|SN"": 1.0, ""SQ|TH"": 1.0, ""SQ|LTH"": 1.0, ""UKL|SN"": 1.0, ""UKL|TH"": 1.0, ""UKL|LTH"": 1.0, ""BP|SN"": 1.0, ""BP|TH"": 1.0, ""BP|LTH"": 1.0, ""BKL|SN"": 1.0, ""BKL|TH"": 1.0, ""BKL|LTH"": 1.0}, ""rejected"": [], ""verdict"": ""H14-health: no departure from the prediction was detected"", ""bkl_zero_offset"": {""verdict"": ""pass"", ""expected"": 3000, ""replications"": 3000, ""infeasible_start"": 3000, ""mismatches"": [], ""missing"": []}}",[]
17,UKL,50,16000,SN,200,200,0.0,0.014867039231272054,"{""ok"": 200}",0.98,1.0,1.0,0.98,0.14248719696349177,2342.018394705842,0.44752884293652523,0.4478562562040425,0.5152000099734853,4.0,0.0,196,0,0.0001661632525078647,0,"{""verdict"": ""no violation"", ""violations"": 0, ""checked"": 27448, ""violating_cells"": []}","{""slopes"": [{""generator"": ""SQ"", ""p_c"": 50, ""slope"": -0.37387744893943003, ""lo"": -0.38204560748021754, ""hi"": -0.3656656886490169, ""intersects"": true}, {""generator"": ""SQ"", ""p_c"": 200, ""slope"": -0.3630240734188334, ""lo"": -0.3700524449828918, ""hi"": -0.35598837640050307, ""intersects"": true}, {""generator"": ""SQ"", ""p_c"": 800, ""slope"": -0.3420416645418425, ""lo"": -0.3479978577657304, ""hi"": -0.3358800925209334, ""intersects"": false}, {""generator"": ""UKL"", ""p_c"": 50, ""slope"": -0.4568061703848367, ""lo"": -0.4652538888003753, ""hi"": -0.44842177415408196, ""intersects"": true}, {""generator"": ""UKL"", ""p_c"": 200, ""slope"": -0.4555670306078159, ""lo"": -0.46316886778399097, ""hi"": -0.447775703849196, ""intersects"": true}, {""generator"": ""UKL"", ""p_c"": 800, ""slope"": -0.46269340659628444, ""lo"": -0.46997582070031146, ""hi"": -0.4555881153024492, ""intersects"": true}, {""generator"": ""BP"", ""p_c"": 50, ""slope"": -0.39263053619822913, ""lo"": -0.40009686121742893, ""hi"": -0.3850923790781503, ""intersects"": true}, {""generator"": ""BP"", ""p_c"": 200, ""slope"": -0.3956786453174106, ""lo"": -0.40234794273824365, ""hi"": -0.3888287183068256, ""intersects"": true}, {""generator"": ""BP"", ""p_c"": 800, ""slope"": -0.3904151304230434, ""lo"": -0.3963248349564689, ""hi"": -0.3845194345684493, ""intersects"": true}, {""generator"": ""BKL"", ""p_c"": 50, ""slope"": -0.2716605165364226, ""lo"": -0.2782109477822056, ""hi"": -0.264790285226348, ""intersects"": false}, {""generator"": ""BKL"", ""p_c"": 200, ""slope"": -0.22858791151984645, ""lo"": -0.23406550695731218, ""hi"": -0.22319437726683475, ""intersects"": false}, {""generator"": ""BKL"", ""p_c"": 800, ""slope"": -0.18599097556953456, ""lo"": -0.19090654823264008, ""hi"": -0.1810761635318152, ""intersects"": false}], ""ratios"": [{""generator"": ""SQ"", ""ratio"": 1.1669286866466106, ""lo"": 1.1555528846250227, ""hi"": 1.1785271747931854, ""below_limit"": true}, {""generator"": ""UKL"", ""ratio"": 1.1783067953267283, ""lo"": 1.1647303012157761, ""hi"": 1.1924567982824075, ""below_limit"": true}, {""generator"": ""BP"", ""ratio"": 1.1621284425783103, ""lo"": 1.1513730346281459, ""hi"": 1.1731592855942279, ""below_limit"": true}, {""generator"": ""BKL"", ""ratio"": 1.1524930865497358, ""lo"": 1.1404872046601389, ""hi"": 1.1642952261699173, ""below_limit"": true}], ""verdict"": ""negative"", ""failed"": [""slope|SQ|p_c=800"", ""slope|BKL|p_c=50"", ""slope|BKL|p_c=200"", ""slope|BKL|p_c=800""], ""incomplete"": []}","{""failures"": {""SQ|SN"": [0, 3000], ""SQ|TH"": [0, 3000], ""SQ|LTH"": [0, 3000], ""UKL|SN"": [0, 3000], ""UKL|TH"": [0, 3000], ""UKL|LTH"": [0, 3000], ""BP|SN"": [0, 3000], ""BP|TH"": [0, 3000], ""BP|LTH"": [0, 3000], ""BKL|SN"": [0, 3000], ""BKL|TH"": [0, 3000], ""BKL|LTH"": [0, 3000]}, ""pvalues"": {""SQ|SN"": 1.0, ""SQ|TH"": 1.0, ""SQ|LTH"": 1.0, ""UKL|SN"": 1.0, ""UKL|TH"": 1.0, ""UKL|LTH"": 1.0, ""BP|SN"": 1.0, ""BP|TH"": 1.0, ""BP|LTH"": 1.0, ""BKL|SN"": 1.0, ""BKL|TH"": 1.0, ""BKL|LTH"": 1.0}, ""rejected"": [], ""verdict"": ""H14-health: no departure from the prediction was detected"", ""bkl_zero_offset"": {""verdict"": ""pass"", ""expected"": 3000, ""replications"": 3000, ""infeasible_start"": 3000, ""mismatches"": [], ""missing"": []}}",[]
17,UKL,50,16000,TH,200,200,0.0,0.014867039231272054,"{""ok"": 200}",1.0,1.0,1.0,1.0,4.653257558856927,76484.16861578959,0.9224791683291577,0.9225540176470544,0.9247091791568798,0.0,0.0,200,0,1.1202423782526742e-05,0,"{""verdict"": ""no violation"", ""violations"": 0, ""checked"": 27448, ""violating_cells"": []}","{""slopes"": [{""generator"": ""SQ"", ""p_c"": 50, ""slope"": -0.37387744893943003, ""lo"": -0.38204560748021754, ""hi"": -0.3656656886490169, ""intersects"": true}, {""generator"": ""SQ"", ""p_c"": 200, ""slope"": -0.3630240734188334, ""lo"": -0.3700524449828918, ""hi"": -0.35598837640050307, ""intersects"": true}, {""generator"": ""SQ"", ""p_c"": 800, ""slope"": -0.3420416645418425, ""lo"": -0.3479978577657304, ""hi"": -0.3358800925209334, ""intersects"": false}, {""generator"": ""UKL"", ""p_c"": 50, ""slope"": -0.4568061703848367, ""lo"": -0.4652538888003753, ""hi"": -0.44842177415408196, ""intersects"": true}, {""generator"": ""UKL"", ""p_c"": 200, ""slope"": -0.4555670306078159, ""lo"": -0.46316886778399097, ""hi"": -0.447775703849196, ""intersects"": true}, {""generator"": ""UKL"", ""p_c"": 800, ""slope"": -0.46269340659628444, ""lo"": -0.46997582070031146, ""hi"": -0.4555881153024492, ""intersects"": true}, {""generator"": ""BP"", ""p_c"": 50, ""slope"": -0.39263053619822913, ""lo"": -0.40009686121742893, ""hi"": -0.3850923790781503, ""intersects"": true}, {""generator"": ""BP"", ""p_c"": 200, ""slope"": -0.3956786453174106, ""lo"": -0.40234794273824365, ""hi"": -0.3888287183068256, ""intersects"": true}, {""generator"": ""BP"", ""p_c"": 800, ""slope"": -0.3904151304230434, ""lo"": -0.3963248349564689, ""hi"": -0.3845194345684493, ""intersects"": true}, {""generator"": ""BKL"", ""p_c"": 50, ""slope"": -0.2716605165364226, ""lo"": -0.2782109477822056, ""hi"": -0.264790285226348, ""intersects"": false}, {""generator"": ""BKL"", ""p_c"": 200, ""slope"": -0.22858791151984645, ""lo"": -0.23406550695731218, ""hi"": -0.22319437726683475, ""intersects"": false}, {""generator"": ""BKL"", ""p_c"": 800, ""slope"": -0.18599097556953456, ""lo"": -0.19090654823264008, ""hi"": -0.1810761635318152, ""intersects"": false}], ""ratios"": [{""generator"": ""SQ"", ""ratio"": 1.1669286866466106, ""lo"": 1.1555528846250227, ""hi"": 1.1785271747931854, ""below_limit"": true}, {""generator"": ""UKL"", ""ratio"": 1.1783067953267283, ""lo"": 1.1647303012157761, ""hi"": 1.1924567982824075, ""below_limit"": true}, {""generator"": ""BP"", ""ratio"": 1.1621284425783103, ""lo"": 1.1513730346281459, ""hi"": 1.1731592855942279, ""below_limit"": true}, {""generator"": ""BKL"", ""ratio"": 1.1524930865497358, ""lo"": 1.1404872046601389, ""hi"": 1.1642952261699173, ""below_limit"": true}], ""verdict"": ""negative"", ""failed"": [""slope|SQ|p_c=800"", ""slope|BKL|p_c=50"", ""slope|BKL|p_c=200"", ""slope|BKL|p_c=800""], ""incomplete"": []}","{""failures"": {""SQ|SN"": [0, 3000], ""SQ|TH"": [0, 3000], ""SQ|LTH"": [0, 3000], ""UKL|SN"": [0, 3000], ""UKL|TH"": [0, 3000], ""UKL|LTH"": [0, 3000], ""BP|SN"": [0, 3000], ""BP|TH"": [0, 3000], ""BP|LTH"": [0, 3000], ""BKL|SN"": [0, 3000], ""BKL|TH"": [0, 3000], ""BKL|LTH"": [0, 3000]}, ""pvalues"": {""SQ|SN"": 1.0, ""SQ|TH"": 1.0, ""SQ|LTH"": 1.0, ""UKL|SN"": 1.0, ""UKL|TH"": 1.0, ""UKL|LTH"": 1.0, ""BP|SN"": 1.0, ""BP|TH"": 1.0, ""BP|LTH"": 1.0, ""BKL|SN"": 1.0, ""BKL|TH"": 1.0, ""BKL|LTH"": 1.0}, ""rejected"": [], ""verdict"": ""H14-health: no departure from the prediction was detected"", ""bkl_zero_offset"": {""verdict"": ""pass"", ""expected"": 3000, ""replications"": 3000, ""infeasible_start"": 3000, ""mismatches"": [], ""missing"": []}}",[]
17,UKL,50,16000,LTH,200,200,0.0,0.014867039231272054,"{""ok"": 200}",0.98,1.0,1.0,0.98,0.14249687629346117,2342.177490886551,0.4475344349460324,0.44746582876531804,0.5093755146337052,4.0,0.0,196,0,0.00016540279534166908,0,"{""verdict"": ""no violation"", ""violations"": 0, ""checked"": 27448, ""violating_cells"": []}","{""slopes"": [{""generator"": ""SQ"", ""p_c"": 50, ""slope"": -0.37387744893943003, ""lo"": -0.38204560748021754, ""hi"": -0.3656656886490169, ""intersects"": true}, {""generator"": ""SQ"", ""p_c"": 200, ""slope"": -0.3630240734188334, ""lo"": -0.3700524449828918, ""hi"": -0.35598837640050307, ""intersects"": true}, {""generator"": ""SQ"", ""p_c"": 800, ""slope"": -0.3420416645418425, ""lo"": -0.3479978577657304, ""hi"": -0.3358800925209334, ""intersects"": false}, {""generator"": ""UKL"", ""p_c"": 50, ""slope"": -0.4568061703848367, ""lo"": -0.4652538888003753, ""hi"": -0.44842177415408196, ""intersects"": true}, {""generator"": ""UKL"", ""p_c"": 200, ""slope"": -0.4555670306078159, ""lo"": -0.46316886778399097, ""hi"": -0.447775703849196, ""intersects"": true}, {""generator"": ""UKL"", ""p_c"": 800, ""slope"": -0.46269340659628444, ""lo"": -0.46997582070031146, ""hi"": -0.4555881153024492, ""intersects"": true}, {""generator"": ""BP"", ""p_c"": 50, ""slope"": -0.39263053619822913, ""lo"": -0.40009686121742893, ""hi"": -0.3850923790781503, ""intersects"": true}, {""generator"": ""BP"", ""p_c"": 200, ""slope"": -0.3956786453174106, ""lo"": -0.40234794273824365, ""hi"": -0.3888287183068256, ""intersects"": true}, {""generator"": ""BP"", ""p_c"": 800, ""slope"": -0.3904151304230434, ""lo"": -0.3963248349564689, ""hi"": -0.3845194345684493, ""intersects"": true}, {""generator"": ""BKL"", ""p_c"": 50, ""slope"": -0.2716605165364226, ""lo"": -0.2782109477822056, ""hi"": -0.264790285226348, ""intersects"": false}, {""generator"": ""BKL"", ""p_c"": 200, ""slope"": -0.22858791151984645, ""lo"": -0.23406550695731218, ""hi"": -0.22319437726683475, ""intersects"": false}, {""generator"": ""BKL"", ""p_c"": 800, ""slope"": -0.18599097556953456, ""lo"": -0.19090654823264008, ""hi"": -0.1810761635318152, ""intersects"": false}], ""ratios"": [{""generator"": ""SQ"", ""ratio"": 1.1669286866466106, ""lo"": 1.1555528846250227, ""hi"": 1.1785271747931854, ""below_limit"": true}, {""generator"": ""UKL"", ""ratio"": 1.1783067953267283, ""lo"": 1.1647303012157761, ""hi"": 1.1924567982824075, ""below_limit"": true}, {""generator"": ""BP"", ""ratio"": 1.1621284425783103, ""lo"": 1.1513730346281459, ""hi"": 1.1731592855942279, ""below_limit"": true}, {""generator"": ""BKL"", ""ratio"": 1.1524930865497358, ""lo"": 1.1404872046601389, ""hi"": 1.1642952261699173, ""below_limit"": true}], ""verdict"": ""negative"", ""failed"": [""slope|SQ|p_c=800"", ""slope|BKL|p_c=50"", ""slope|BKL|p_c=200"", ""slope|BKL|p_c=800""], ""incomplete"": []}","{""failures"": {""SQ|SN"": [0, 3000], ""SQ|TH"": [0, 3000], ""SQ|LTH"": [0, 3000], ""UKL|SN"": [0, 3000], ""UKL|TH"": [0, 3000], ""UKL|LTH"": [0, 3000], ""BP|SN"": [0, 3000], ""BP|TH"": [0, 3000], ""BP|LTH"": [0, 3000], ""BKL|SN"": [0, 3000], ""BKL|TH"": [0, 3000], ""BKL|LTH"": [0, 3000]}, ""pvalues"": {""SQ|SN"": 1.0, ""SQ|TH"": 1.0, ""SQ|LTH"": 1.0, ""UKL|SN"": 1.0, ""UKL|TH"": 1.0, ""UKL|LTH"": 1.0, ""BP|SN"": 1.0, ""BP|TH"": 1.0, ""BP|LTH"": 1.0, ""BKL|SN"": 1.0, ""BKL|TH"": 1.0, ""BKL|LTH"": 1.0}, ""rejected"": [], ""verdict"": ""H14-health: no departure from the prediction was detected"", ""bkl_zero_offset"": {""verdict"": ""pass"", ""expected"": 3000, ""replications"": 3000, ""infeasible_start"": 3000, ""mismatches"": [], ""missing"": []}}",[]
18,UKL,50,32000,SN,200,200,0.0,0.014867039231272054,"{""ok"": 200}",0.995,1.0,1.0,0.995,0.10081509722716094,1657.0668607549733,0.32536103962815305,0.3239170875740611,0.3819108870088737,4.0,0.0,199,0,0.00010784299194120061,0,"{""verdict"": ""no violation"", ""violations"": 0, ""checked"": 27448, ""violating_cells"": []}","{""slopes"": [{""generator"": ""SQ"", ""p_c"": 50, ""slope"": -0.37387744893943003, ""lo"": -0.38204560748021754, ""hi"": -0.3656656886490169, ""intersects"": true}, {""generator"": ""SQ"", ""p_c"": 200, ""slope"": -0.3630240734188334, ""lo"": -0.3700524449828918, ""hi"": -0.35598837640050307, ""intersects"": true}, {""generator"": ""SQ"", ""p_c"": 800, ""slope"": -0.3420416645418425, ""lo"": -0.3479978577657304, ""hi"": -0.3358800925209334, ""intersects"": false}, {""generator"": ""UKL"", ""p_c"": 50, ""slope"": -0.4568061703848367, ""lo"": -0.4652538888003753, ""hi"": -0.44842177415408196, ""intersects"": true}, {""generator"": ""UKL"", ""p_c"": 200, ""slope"": -0.4555670306078159, ""lo"": -0.46316886778399097, ""hi"": -0.447775703849196, ""intersects"": true}, {""generator"": ""UKL"", ""p_c"": 800, ""slope"": -0.46269340659628444, ""lo"": -0.46997582070031146, ""hi"": -0.4555881153024492, ""intersects"": true}, {""generator"": ""BP"", ""p_c"": 50, ""slope"": -0.39263053619822913, ""lo"": -0.40009686121742893, ""hi"": -0.3850923790781503, ""intersects"": true}, {""generator"": ""BP"", ""p_c"": 200, ""slope"": -0.3956786453174106, ""lo"": -0.40234794273824365, ""hi"": -0.3888287183068256, ""intersects"": true}, {""generator"": ""BP"", ""p_c"": 800, ""slope"": -0.3904151304230434, ""lo"": -0.3963248349564689, ""hi"": -0.3845194345684493, ""intersects"": true}, {""generator"": ""BKL"", ""p_c"": 50, ""slope"": -0.2716605165364226, ""lo"": -0.2782109477822056, ""hi"": -0.264790285226348, ""intersects"": false}, {""generator"": ""BKL"", ""p_c"": 200, ""slope"": -0.22858791151984645, ""lo"": -0.23406550695731218, ""hi"": -0.22319437726683475, ""intersects"": false}, {""generator"": ""BKL"", ""p_c"": 800, ""slope"": -0.18599097556953456, ""lo"": -0.19090654823264008, ""hi"": -0.1810761635318152, ""intersects"": false}], ""ratios"": [{""generator"": ""SQ"", ""ratio"": 1.1669286866466106, ""lo"": 1.1555528846250227, ""hi"": 1.1785271747931854, ""below_limit"": true}, {""generator"": ""UKL"", ""ratio"": 1.1783067953267283, ""lo"": 1.1647303012157761, ""hi"": 1.1924567982824075, ""below_limit"": true}, {""generator"": ""BP"", ""ratio"": 1.1621284425783103, ""lo"": 1.1513730346281459, ""hi"": 1.1731592855942279, ""below_limit"": true}, {""generator"": ""BKL"", ""ratio"": 1.1524930865497358, ""lo"": 1.1404872046601389, ""hi"": 1.1642952261699173, ""below_limit"": true}], ""verdict"": ""negative"", ""failed"": [""slope|SQ|p_c=800"", ""slope|BKL|p_c=50"", ""slope|BKL|p_c=200"", ""slope|BKL|p_c=800""], ""incomplete"": []}","{""failures"": {""SQ|SN"": [0, 3000], ""SQ|TH"": [0, 3000], ""SQ|LTH"": [0, 3000], ""UKL|SN"": [0, 3000], ""UKL|TH"": [0, 3000], ""UKL|LTH"": [0, 3000], ""BP|SN"": [0, 3000], ""BP|TH"": [0, 3000], ""BP|LTH"": [0, 3000], ""BKL|SN"": [0, 3000], ""BKL|TH"": [0, 3000], ""BKL|LTH"": [0, 3000]}, ""pvalues"": {""SQ|SN"": 1.0, ""SQ|TH"": 1.0, ""SQ|LTH"": 1.0, ""UKL|SN"": 1.0, ""UKL|TH"": 1.0, ""UKL|LTH"": 1.0, ""BP|SN"": 1.0, ""BP|TH"": 1.0, ""BP|LTH"": 1.0, ""BKL|SN"": 1.0, ""BKL|TH"": 1.0, ""BKL|LTH"": 1.0}, ""rejected"": [], ""verdict"": ""H14-health: no departure from the prediction was detected"", ""bkl_zero_offset"": {""verdict"": ""pass"", ""expected"": 3000, ""replications"": 3000, ""infeasible_start"": 3000, ""mismatches"": [], ""missing"": []}}",[]
18,UKL,50,32000,TH,200,200,0.0,0.014867039231272054,"{""ok"": 200}",1.0,1.0,1.0,1.0,3.2903499744752933,54082.47428164013,0.9224791683291577,0.9225540176470544,0.9247091791568798,0.0,0.0,200,0,1.584261964470023e-05,0,"{""verdict"": ""no violation"", ""violations"": 0, ""checked"": 27448, ""violating_cells"": []}","{""slopes"": [{""generator"": ""SQ"", ""p_c"": 50, ""slope"": -0.37387744893943003, ""lo"": -0.38204560748021754, ""hi"": -0.3656656886490169, ""intersects"": true}, {""generator"": ""SQ"", ""p_c"": 200, ""slope"": -0.3630240734188334, ""lo"": -0.3700524449828918, ""hi"": -0.35598837640050307, ""intersects"": true}, {""generator"": ""SQ"", ""p_c"": 800, ""slope"": -0.3420416645418425, ""lo"": -0.3479978577657304, ""hi"": -0.3358800925209334, ""intersects"": false}, {""generator"": ""UKL"", ""p_c"": 50, ""slope"": -0.4568061703848367, ""lo"": -0.4652538888003753, ""hi"": -0.44842177415408196, ""intersects"": true}, {""generator"": ""UKL"", ""p_c"": 200, ""slope"": -0.4555670306078159, ""lo"": -0.46316886778399097, ""hi"": -0.447775703849196, ""intersects"": true}, {""generator"": ""UKL"", ""p_c"": 800, ""slope"": -0.46269340659628444, ""lo"": -0.46997582070031146, ""hi"": -0.4555881153024492, ""intersects"": true}, {""generator"": ""BP"", ""p_c"": 50, ""slope"": -0.39263053619822913, ""lo"": -0.40009686121742893, ""hi"": -0.3850923790781503, ""intersects"": true}, {""generator"": ""BP"", ""p_c"": 200, ""slope"": -0.3956786453174106, ""lo"": -0.40234794273824365, ""hi"": -0.3888287183068256, ""intersects"": true}, {""generator"": ""BP"", ""p_c"": 800, ""slope"": -0.3904151304230434, ""lo"": -0.3963248349564689, ""hi"": -0.3845194345684493, ""intersects"": true}, {""generator"": ""BKL"", ""p_c"": 50, ""slope"": -0.2716605165364226, ""lo"": -0.2782109477822056, ""hi"": -0.264790285226348, ""intersects"": false}, {""generator"": ""BKL"", ""p_c"": 200, ""slope"": -0.22858791151984645, ""lo"": -0.23406550695731218, ""hi"": -0.22319437726683475, ""intersects"": false}, {""generator"": ""BKL"", ""p_c"": 800, ""slope"": -0.18599097556953456, ""lo"": -0.19090654823264008, ""hi"": -0.1810761635318152, ""intersects"": false}], ""ratios"": [{""generator"": ""SQ"", ""ratio"": 1.1669286866466106, ""lo"": 1.1555528846250227, ""hi"": 1.1785271747931854, ""below_limit"": true}, {""generator"": ""UKL"", ""ratio"": 1.1783067953267283, ""lo"": 1.1647303012157761, ""hi"": 1.1924567982824075, ""below_limit"": true}, {""generator"": ""BP"", ""ratio"": 1.1621284425783103, ""lo"": 1.1513730346281459, ""hi"": 1.1731592855942279, ""below_limit"": true}, {""generator"": ""BKL"", ""ratio"": 1.1524930865497358, ""lo"": 1.1404872046601389, ""hi"": 1.1642952261699173, ""below_limit"": true}], ""verdict"": ""negative"", ""failed"": [""slope|SQ|p_c=800"", ""slope|BKL|p_c=50"", ""slope|BKL|p_c=200"", ""slope|BKL|p_c=800""], ""incomplete"": []}","{""failures"": {""SQ|SN"": [0, 3000], ""SQ|TH"": [0, 3000], ""SQ|LTH"": [0, 3000], ""UKL|SN"": [0, 3000], ""UKL|TH"": [0, 3000], ""UKL|LTH"": [0, 3000], ""BP|SN"": [0, 3000], ""BP|TH"": [0, 3000], ""BP|LTH"": [0, 3000], ""BKL|SN"": [0, 3000], ""BKL|TH"": [0, 3000], ""BKL|LTH"": [0, 3000]}, ""pvalues"": {""SQ|SN"": 1.0, ""SQ|TH"": 1.0, ""SQ|LTH"": 1.0, ""UKL|SN"": 1.0, ""UKL|TH"": 1.0, ""UKL|LTH"": 1.0, ""BP|SN"": 1.0, ""BP|TH"": 1.0, ""BP|LTH"": 1.0, ""BKL|SN"": 1.0, ""BKL|TH"": 1.0, ""BKL|LTH"": 1.0}, ""rejected"": [], ""verdict"": ""H14-health: no departure from the prediction was detected"", ""bkl_zero_offset"": {""verdict"": ""pass"", ""expected"": 3000, ""replications"": 3000, ""infeasible_start"": 3000, ""mismatches"": [], ""missing"": []}}",[]
18,UKL,50,32000,LTH,200,200,0.0,0.014867039231272054,"{""ok"": 200}",1.0,1.0,1.0,1.0,0.10302773880486414,1693.4353723567533,0.33184185496464025,0.33113839493134106,0.38474772588309225,4.0,0.0,200,0,0.00011062038118332114,0,"{""verdict"": ""no violation"", ""violations"": 0, ""checked"": 27448, ""violating_cells"": []}","{""slopes"": [{""generator"": ""SQ"", ""p_c"": 50, ""slope"": -0.37387744893943003, ""lo"": -0.38204560748021754, ""hi"": -0.3656656886490169, ""intersects"": true}, {""generator"": ""SQ"", ""p_c"": 200, ""slope"": -0.3630240734188334, ""lo"": -0.3700524449828918, ""hi"": -0.35598837640050307, ""intersects"": true}, {""generator"": ""SQ"", ""p_c"": 800, ""slope"": -0.3420416645418425, ""lo"": -0.3479978577657304, ""hi"": -0.3358800925209334, ""intersects"": false}, {""generator"": ""UKL"", ""p_c"": 50, ""slope"": -0.4568061703848367, ""lo"": -0.4652538888003753, ""hi"": -0.44842177415408196, ""intersects"": true}, {""generator"": ""UKL"", ""p_c"": 200, ""slope"": -0.4555670306078159, ""lo"": -0.46316886778399097, ""hi"": -0.447775703849196, ""intersects"": true}, {""generator"": ""UKL"", ""p_c"": 800, ""slope"": -0.46269340659628444, ""lo"": -0.46997582070031146, ""hi"": -0.4555881153024492, ""intersects"": true}, {""generator"": ""BP"", ""p_c"": 50, ""slope"": -0.39263053619822913, ""lo"": -0.40009686121742893, ""hi"": -0.3850923790781503, ""intersects"": true}, {""generator"": ""BP"", ""p_c"": 200, ""slope"": -0.3956786453174106, ""lo"": -0.40234794273824365, ""hi"": -0.3888287183068256, ""intersects"": true}, {""generator"": ""BP"", ""p_c"": 800, ""slope"": -0.3904151304230434, ""lo"": -0.3963248349564689, ""hi"": -0.3845194345684493, ""intersects"": true}, {""generator"": ""BKL"", ""p_c"": 50, ""slope"": -0.2716605165364226, ""lo"": -0.2782109477822056, ""hi"": -0.264790285226348, ""intersects"": false}, {""generator"": ""BKL"", ""p_c"": 200, ""slope"": -0.22858791151984645, ""lo"": -0.23406550695731218, ""hi"": -0.22319437726683475, ""intersects"": false}, {""generator"": ""BKL"", ""p_c"": 800, ""slope"": -0.18599097556953456, ""lo"": -0.19090654823264008, ""hi"": -0.1810761635318152, ""intersects"": false}], ""ratios"": [{""generator"": ""SQ"", ""ratio"": 1.1669286866466106, ""lo"": 1.1555528846250227, ""hi"": 1.1785271747931854, ""below_limit"": true}, {""generator"": ""UKL"", ""ratio"": 1.1783067953267283, ""lo"": 1.1647303012157761, ""hi"": 1.1924567982824075, ""below_limit"": true}, {""generator"": ""BP"", ""ratio"": 1.1621284425783103, ""lo"": 1.1513730346281459, ""hi"": 1.1731592855942279, ""below_limit"": true}, {""generator"": ""BKL"", ""ratio"": 1.1524930865497358, ""lo"": 1.1404872046601389, ""hi"": 1.1642952261699173, ""below_limit"": true}], ""verdict"": ""negative"", ""failed"": [""slope|SQ|p_c=800"", ""slope|BKL|p_c=50"", ""slope|BKL|p_c=200"", ""slope|BKL|p_c=800""], ""incomplete"": []}","{""failures"": {""SQ|SN"": [0, 3000], ""SQ|TH"": [0, 3000], ""SQ|LTH"": [0, 3000], ""UKL|SN"": [0, 3000], ""UKL|TH"": [0, 3000], ""UKL|LTH"": [0, 3000], ""BP|SN"": [0, 3000], ""BP|TH"": [0, 3000], ""BP|LTH"": [0, 3000], ""BKL|SN"": [0, 3000], ""BKL|TH"": [0, 3000], ""BKL|LTH"": [0, 3000]}, ""pvalues"": {""SQ|SN"": 1.0, ""SQ|TH"": 1.0, ""SQ|LTH"": 1.0, ""UKL|SN"": 1.0, ""UKL|TH"": 1.0, ""UKL|LTH"": 1.0, ""BP|SN"": 1.0, ""BP|TH"": 1.0, ""BP|LTH"": 1.0, ""BKL|SN"": 1.0, ""BKL|TH"": 1.0, ""BKL|LTH"": 1.0}, ""rejected"": [], ""verdict"": ""H14-health: no departure from the prediction was detected"", ""bkl_zero_offset"": {""verdict"": ""pass"", ""expected"": 3000, ""replications"": 3000, ""infeasible_start"": 3000, ""mismatches"": [], ""missing"": []}}",[]
19,UKL,50,64000,SN,200,200,0.0,0.014867039231272054,"{""ok"": 200}",1.0,1.0,1.0,1.0,0.07133153664551445,1172.4546100042446,0.23757257862433992,0.23711085189036485,0.27192265278759387,4.0,0.0,200,0,0.0,0,"{""verdict"": ""no violation"", ""violations"": 0, ""checked"": 27448, ""violating_cells"": []}","{""slopes"": [{""generator"": ""SQ"", ""p_c"": 50, ""slope"": -0.37387744893943003, ""lo"": -0.38204560748021754, ""hi"": -0.3656656886490169, ""intersects"": true}, {""generator"": ""SQ"", ""p_c"": 200, ""slope"": -0.3630240734188334, ""lo"": -0.3700524449828918, ""hi"": -0.35598837640050307, ""intersects"": true}, {""generator"": ""SQ"", ""p_c"": 800, ""slope"": -0.3420416645418425, ""lo"": -0.3479978577657304, ""hi"": -0.3358800925209334, ""intersects"": false}, {""generator"": ""UKL"", ""p_c"": 50, ""slope"": -0.4568061703848367, ""lo"": -0.4652538888003753, ""hi"": -0.44842177415408196, ""intersects"": true}, {""generator"": ""UKL"", ""p_c"": 200, ""slope"": -0.4555670306078159, ""lo"": -0.46316886778399097, ""hi"": -0.447775703849196, ""intersects"": true}, {""generator"": ""UKL"", ""p_c"": 800, ""slope"": -0.46269340659628444, ""lo"": -0.46997582070031146, ""hi"": -0.4555881153024492, ""intersects"": true}, {""generator"": ""BP"", ""p_c"": 50, ""slope"": -0.39263053619822913, ""lo"": -0.40009686121742893, ""hi"": -0.3850923790781503, ""intersects"": true}, {""generator"": ""BP"", ""p_c"": 200, ""slope"": -0.3956786453174106, ""lo"": -0.40234794273824365, ""hi"": -0.3888287183068256, ""intersects"": true}, {""generator"": ""BP"", ""p_c"": 800, ""slope"": -0.3904151304230434, ""lo"": -0.3963248349564689, ""hi"": -0.3845194345684493, ""intersects"": true}, {""generator"": ""BKL"", ""p_c"": 50, ""slope"": -0.2716605165364226, ""lo"": -0.2782109477822056, ""hi"": -0.264790285226348, ""intersects"": false}, {""generator"": ""BKL"", ""p_c"": 200, ""slope"": -0.22858791151984645, ""lo"": -0.23406550695731218, ""hi"": -0.22319437726683475, ""intersects"": false}, {""generator"": ""BKL"", ""p_c"": 800, ""slope"": -0.18599097556953456, ""lo"": -0.19090654823264008, ""hi"": -0.1810761635318152, ""intersects"": false}], ""ratios"": [{""generator"": ""SQ"", ""ratio"": 1.1669286866466106, ""lo"": 1.1555528846250227, ""hi"": 1.1785271747931854, ""below_limit"": true}, {""generator"": ""UKL"", ""ratio"": 1.1783067953267283, ""lo"": 1.1647303012157761, ""hi"": 1.1924567982824075, ""below_limit"": true}, {""generator"": ""BP"", ""ratio"": 1.1621284425783103, ""lo"": 1.1513730346281459, ""hi"": 1.1731592855942279, ""below_limit"": true}, {""generator"": ""BKL"", ""ratio"": 1.1524930865497358, ""lo"": 1.1404872046601389, ""hi"": 1.1642952261699173, ""below_limit"": true}], ""verdict"": ""negative"", ""failed"": [""slope|SQ|p_c=800"", ""slope|BKL|p_c=50"", ""slope|BKL|p_c=200"", ""slope|BKL|p_c=800""], ""incomplete"": []}","{""failures"": {""SQ|SN"": [0, 3000], ""SQ|TH"": [0, 3000], ""SQ|LTH"": [0, 3000], ""UKL|SN"": [0, 3000], ""UKL|TH"": [0, 3000], ""UKL|LTH"": [0, 3000], ""BP|SN"": [0, 3000], ""BP|TH"": [0, 3000], ""BP|LTH"": [0, 3000], ""BKL|SN"": [0, 3000], ""BKL|TH"": [0, 3000], ""BKL|LTH"": [0, 3000]}, ""pvalues"": {""SQ|SN"": 1.0, ""SQ|TH"": 1.0, ""SQ|LTH"": 1.0, ""UKL|SN"": 1.0, ""UKL|TH"": 1.0, ""UKL|LTH"": 1.0, ""BP|SN"": 1.0, ""BP|TH"": 1.0, ""BP|LTH"": 1.0, ""BKL|SN"": 1.0, ""BKL|TH"": 1.0, ""BKL|LTH"": 1.0}, ""rejected"": [], ""verdict"": ""H14-health: no departure from the prediction was detected"", ""bkl_zero_offset"": {""verdict"": ""pass"", ""expected"": 3000, ""replications"": 3000, ""infeasible_start"": 3000, ""mismatches"": [], ""missing"": []}}",[]
19,UKL,50,64000,TH,200,200,0.0,0.014867039231272054,"{""ok"": 200}",1.0,1.0,1.0,1.0,2.3266287794284635,38242.084307894795,0.9224791683291577,0.9225540176470544,0.9247091791568798,0.0,0.0,200,0,2.2404847565053485e-05,0,"{""verdict"": ""no violation"", ""violations"": 0, ""checked"": 27448, ""violating_cells"": []}","{""slopes"": [{""generator"": ""SQ"", ""p_c"": 50, ""slope"": -0.37387744893943003, ""lo"": -0.38204560748021754, ""hi"": -0.3656656886490169, ""intersects"": true}, {""generator"": ""SQ"", ""p_c"": 200, ""slope"": -0.3630240734188334, ""lo"": -0.3700524449828918, ""hi"": -0.35598837640050307, ""intersects"": true}, {""generator"": ""SQ"", ""p_c"": 800, ""slope"": -0.3420416645418425, ""lo"": -0.3479978577657304, ""hi"": -0.3358800925209334, ""intersects"": false}, {""generator"": ""UKL"", ""p_c"": 50, ""slope"": -0.4568061703848367, ""lo"": -0.4652538888003753, ""hi"": -0.44842177415408196, ""intersects"": true}, {""generator"": ""UKL"", ""p_c"": 200, ""slope"": -0.4555670306078159, ""lo"": -0.46316886778399097, ""hi"": -0.447775703849196, ""intersects"": true}, {""generator"": ""UKL"", ""p_c"": 800, ""slope"": -0.46269340659628444, ""lo"": -0.46997582070031146, ""hi"": -0.4555881153024492, ""intersects"": true}, {""generator"": ""BP"", ""p_c"": 50, ""slope"": -0.39263053619822913, ""lo"": -0.40009686121742893, ""hi"": -0.3850923790781503, ""intersects"": true}, {""generator"": ""BP"", ""p_c"": 200, ""slope"": -0.3956786453174106, ""lo"": -0.40234794273824365, ""hi"": -0.3888287183068256, ""intersects"": true}, {""generator"": ""BP"", ""p_c"": 800, ""slope"": -0.3904151304230434, ""lo"": -0.3963248349564689, ""hi"": -0.3845194345684493, ""intersects"": true}, {""generator"": ""BKL"", ""p_c"": 50, ""slope"": -0.2716605165364226, ""lo"": -0.2782109477822056, ""hi"": -0.264790285226348, ""intersects"": false}, {""generator"": ""BKL"", ""p_c"": 200, ""slope"": -0.22858791151984645, ""lo"": -0.23406550695731218, ""hi"": -0.22319437726683475, ""intersects"": false}, {""generator"": ""BKL"", ""p_c"": 800, ""slope"": -0.18599097556953456, ""lo"": -0.19090654823264008, ""hi"": -0.1810761635318152, ""intersects"": false}], ""ratios"": [{""generator"": ""SQ"", ""ratio"": 1.1669286866466106, ""lo"": 1.1555528846250227, ""hi"": 1.1785271747931854, ""below_limit"": true}, {""generator"": ""UKL"", ""ratio"": 1.1783067953267283, ""lo"": 1.1647303012157761, ""hi"": 1.1924567982824075, ""below_limit"": true}, {""generator"": ""BP"", ""ratio"": 1.1621284425783103, ""lo"": 1.1513730346281459, ""hi"": 1.1731592855942279, ""below_limit"": true}, {""generator"": ""BKL"", ""ratio"": 1.1524930865497358, ""lo"": 1.1404872046601389, ""hi"": 1.1642952261699173, ""below_limit"": true}], ""verdict"": ""negative"", ""failed"": [""slope|SQ|p_c=800"", ""slope|BKL|p_c=50"", ""slope|BKL|p_c=200"", ""slope|BKL|p_c=800""], ""incomplete"": []}","{""failures"": {""SQ|SN"": [0, 3000], ""SQ|TH"": [0, 3000], ""SQ|LTH"": [0, 3000], ""UKL|SN"": [0, 3000], ""UKL|TH"": [0, 3000], ""UKL|LTH"": [0, 3000], ""BP|SN"": [0, 3000], ""BP|TH"": [0, 3000], ""BP|LTH"": [0, 3000], ""BKL|SN"": [0, 3000], ""BKL|TH"": [0, 3000], ""BKL|LTH"": [0, 3000]}, ""pvalues"": {""SQ|SN"": 1.0, ""SQ|TH"": 1.0, ""SQ|LTH"": 1.0, ""UKL|SN"": 1.0, ""UKL|TH"": 1.0, ""UKL|LTH"": 1.0, ""BP|SN"": 1.0, ""BP|TH"": 1.0, ""BP|LTH"": 1.0, ""BKL|SN"": 1.0, ""BKL|TH"": 1.0, ""BKL|LTH"": 1.0}, ""rejected"": [], ""verdict"": ""H14-health: no departure from the prediction was detected"", ""bkl_zero_offset"": {""verdict"": ""pass"", ""expected"": 3000, ""replications"": 3000, ""infeasible_start"": 3000, ""mismatches"": [], ""missing"": []}}",[]
19,UKL,50,64000,LTH,200,200,0.0,0.014867039231272054,"{""ok"": 200}",1.0,1.0,1.0,1.0,0.07426560311794204,1220.680961537258,0.24617285859182111,0.24603709287724795,0.2788545352352897,4.0,0.0,200,0,0.0,0,"{""verdict"": ""no violation"", ""violations"": 0, ""checked"": 27448, ""violating_cells"": []}","{""slopes"": [{""generator"": ""SQ"", ""p_c"": 50, ""slope"": -0.37387744893943003, ""lo"": -0.38204560748021754, ""hi"": -0.3656656886490169, ""intersects"": true}, {""generator"": ""SQ"", ""p_c"": 200, ""slope"": -0.3630240734188334, ""lo"": -0.3700524449828918, ""hi"": -0.35598837640050307, ""intersects"": true}, {""generator"": ""SQ"", ""p_c"": 800, ""slope"": -0.3420416645418425, ""lo"": -0.3479978577657304, ""hi"": -0.3358800925209334, ""intersects"": false}, {""generator"": ""UKL"", ""p_c"": 50, ""slope"": -0.4568061703848367, ""lo"": -0.4652538888003753, ""hi"": -0.44842177415408196, ""intersects"": true}, {""generator"": ""UKL"", ""p_c"": 200, ""slope"": -0.4555670306078159, ""lo"": -0.46316886778399097, ""hi"": -0.447775703849196, ""intersects"": true}, {""generator"": ""UKL"", ""p_c"": 800, ""slope"": -0.46269340659628444, ""lo"": -0.46997582070031146, ""hi"": -0.4555881153024492, ""intersects"": true}, {""generator"": ""BP"", ""p_c"": 50, ""slope"": -0.39263053619822913, ""lo"": -0.40009686121742893, ""hi"": -0.3850923790781503, ""intersects"": true}, {""generator"": ""BP"", ""p_c"": 200, ""slope"": -0.3956786453174106, ""lo"": -0.40234794273824365, ""hi"": -0.3888287183068256, ""intersects"": true}, {""generator"": ""BP"", ""p_c"": 800, ""slope"": -0.3904151304230434, ""lo"": -0.3963248349564689, ""hi"": -0.3845194345684493, ""intersects"": true}, {""generator"": ""BKL"", ""p_c"": 50, ""slope"": -0.2716605165364226, ""lo"": -0.2782109477822056, ""hi"": -0.264790285226348, ""intersects"": false}, {""generator"": ""BKL"", ""p_c"": 200, ""slope"": -0.22858791151984645, ""lo"": -0.23406550695731218, ""hi"": -0.22319437726683475, ""intersects"": false}, {""generator"": ""BKL"", ""p_c"": 800, ""slope"": -0.18599097556953456, ""lo"": -0.19090654823264008, ""hi"": -0.1810761635318152, ""intersects"": false}], ""ratios"": [{""generator"": ""SQ"", ""ratio"": 1.1669286866466106, ""lo"": 1.1555528846250227, ""hi"": 1.1785271747931854, ""below_limit"": true}, {""generator"": ""UKL"", ""ratio"": 1.1783067953267283, ""lo"": 1.1647303012157761, ""hi"": 1.1924567982824075, ""below_limit"": true}, {""generator"": ""BP"", ""ratio"": 1.1621284425783103, ""lo"": 1.1513730346281459, ""hi"": 1.1731592855942279, ""below_limit"": true}, {""generator"": ""BKL"", ""ratio"": 1.1524930865497358, ""lo"": 1.1404872046601389, ""hi"": 1.1642952261699173, ""below_limit"": true}], ""verdict"": ""negative"", ""failed"": [""slope|SQ|p_c=800"", ""slope|BKL|p_c=50"", ""slope|BKL|p_c=200"", ""slope|BKL|p_c=800""], ""incomplete"": []}","{""failures"": {""SQ|SN"": [0, 3000], ""SQ|TH"": [0, 3000], ""SQ|LTH"": [0, 3000], ""UKL|SN"": [0, 3000], ""UKL|TH"": [0, 3000], ""UKL|LTH"": [0, 3000], ""BP|SN"": [0, 3000], ""BP|TH"": [0, 3000], ""BP|LTH"": [0, 3000], ""BKL|SN"": [0, 3000], ""BKL|TH"": [0, 3000], ""BKL|LTH"": [0, 3000]}, ""pvalues"": {""SQ|SN"": 1.0, ""SQ|TH"": 1.0, ""SQ|LTH"": 1.0, ""UKL|SN"": 1.0, ""UKL|TH"": 1.0, ""UKL|LTH"": 1.0, ""BP|SN"": 1.0, ""BP|TH"": 1.0, ""BP|LTH"": 1.0, ""BKL|SN"": 1.0, ""BKL|TH"": 1.0, ""BKL|LTH"": 1.0}, ""rejected"": [], ""verdict"": ""H14-health: no departure from the prediction was detected"", ""bkl_zero_offset"": {""verdict"": ""pass"", ""expected"": 3000, ""replications"": 3000, ""infeasible_start"": 3000, ""mismatches"": [], ""missing"": []}}",[]
20,UKL,200,4000,SN,200,200,0.0,0.014867039231272054,"{""ok"": 200}",0.995,1.0,1.0,0.995,0.3170120313500063,5210.629618568542,0.797506126743287,0.7970490627901574,0.8736428218691057,2.0,0.0,199,0,0.00015364079519840774,0,"{""verdict"": ""no violation"", ""violations"": 0, ""checked"": 27448, ""violating_cells"": []}","{""slopes"": [{""generator"": ""SQ"", ""p_c"": 50, ""slope"": -0.37387744893943003, ""lo"": -0.38204560748021754, ""hi"": -0.3656656886490169, ""intersects"": true}, {""generator"": ""SQ"", ""p_c"": 200, ""slope"": -0.3630240734188334, ""lo"": -0.3700524449828918, ""hi"": -0.35598837640050307, ""intersects"": true}, {""generator"": ""SQ"", ""p_c"": 800, ""slope"": -0.3420416645418425, ""lo"": -0.3479978577657304, ""hi"": -0.3358800925209334, ""intersects"": false}, {""generator"": ""UKL"", ""p_c"": 50, ""slope"": -0.4568061703848367, ""lo"": -0.4652538888003753, ""hi"": -0.44842177415408196, ""intersects"": true}, {""generator"": ""UKL"", ""p_c"": 200, ""slope"": -0.4555670306078159, ""lo"": -0.46316886778399097, ""hi"": -0.447775703849196, ""intersects"": true}, {""generator"": ""UKL"", ""p_c"": 800, ""slope"": -0.46269340659628444, ""lo"": -0.46997582070031146, ""hi"": -0.4555881153024492, ""intersects"": true}, {""generator"": ""BP"", ""p_c"": 50, ""slope"": -0.39263053619822913, ""lo"": -0.40009686121742893, ""hi"": -0.3850923790781503, ""intersects"": true}, {""generator"": ""BP"", ""p_c"": 200, ""slope"": -0.3956786453174106, ""lo"": -0.40234794273824365, ""hi"": -0.3888287183068256, ""intersects"": true}, {""generator"": ""BP"", ""p_c"": 800, ""slope"": -0.3904151304230434, ""lo"": -0.3963248349564689, ""hi"": -0.3845194345684493, ""intersects"": true}, {""generator"": ""BKL"", ""p_c"": 50, ""slope"": -0.2716605165364226, ""lo"": -0.2782109477822056, ""hi"": -0.264790285226348, ""intersects"": false}, {""generator"": ""BKL"", ""p_c"": 200, ""slope"": -0.22858791151984645, ""lo"": -0.23406550695731218, ""hi"": -0.22319437726683475, ""intersects"": false}, {""generator"": ""BKL"", ""p_c"": 800, ""slope"": -0.18599097556953456, ""lo"": -0.19090654823264008, ""hi"": -0.1810761635318152, ""intersects"": false}], ""ratios"": [{""generator"": ""SQ"", ""ratio"": 1.1669286866466106, ""lo"": 1.1555528846250227, ""hi"": 1.1785271747931854, ""below_limit"": true}, {""generator"": ""UKL"", ""ratio"": 1.1783067953267283, ""lo"": 1.1647303012157761, ""hi"": 1.1924567982824075, ""below_limit"": true}, {""generator"": ""BP"", ""ratio"": 1.1621284425783103, ""lo"": 1.1513730346281459, ""hi"": 1.1731592855942279, ""below_limit"": true}, {""generator"": ""BKL"", ""ratio"": 1.1524930865497358, ""lo"": 1.1404872046601389, ""hi"": 1.1642952261699173, ""below_limit"": true}], ""verdict"": ""negative"", ""failed"": [""slope|SQ|p_c=800"", ""slope|BKL|p_c=50"", ""slope|BKL|p_c=200"", ""slope|BKL|p_c=800""], ""incomplete"": []}","{""failures"": {""SQ|SN"": [0, 3000], ""SQ|TH"": [0, 3000], ""SQ|LTH"": [0, 3000], ""UKL|SN"": [0, 3000], ""UKL|TH"": [0, 3000], ""UKL|LTH"": [0, 3000], ""BP|SN"": [0, 3000], ""BP|TH"": [0, 3000], ""BP|LTH"": [0, 3000], ""BKL|SN"": [0, 3000], ""BKL|TH"": [0, 3000], ""BKL|LTH"": [0, 3000]}, ""pvalues"": {""SQ|SN"": 1.0, ""SQ|TH"": 1.0, ""SQ|LTH"": 1.0, ""UKL|SN"": 1.0, ""UKL|TH"": 1.0, ""UKL|LTH"": 1.0, ""BP|SN"": 1.0, ""BP|TH"": 1.0, ""BP|LTH"": 1.0, ""BKL|SN"": 1.0, ""BKL|TH"": 1.0, ""BKL|LTH"": 1.0}, ""rejected"": [], ""verdict"": ""H14-health: no departure from the prediction was detected"", ""bkl_zero_offset"": {""verdict"": ""pass"", ""expected"": 3000, ""replications"": 3000, ""infeasible_start"": 3000, ""mismatches"": [], ""missing"": []}}",[]
20,UKL,200,4000,TH,200,200,0.0,0.014867039231272054,"{""ok"": 200}",1.0,1.0,1.0,1.0,10.099254553875825,165998.35242779204,0.9224791683291577,0.9225540176470544,0.9247091791568798,0.0,0.0,200,0,5.161545623538713e-06,0,"{""verdict"": ""no violation"", ""violations"": 0, ""checked"": 27448, ""violating_cells"": []}","{""slopes"": [{""generator"": ""SQ"", ""p_c"": 50, ""slope"": -0.37387744893943003, ""lo"": -0.38204560748021754, ""hi"": -0.3656656886490169, ""intersects"": true}, {""generator"": ""SQ"", ""p_c"": 200, ""slope"": -0.3630240734188334, ""lo"": -0.3700524449828918, ""hi"": -0.35598837640050307, ""intersects"": true}, {""generator"": ""SQ"", ""p_c"": 800, ""slope"": -0.3420416645418425, ""lo"": -0.3479978577657304, ""hi"": -0.3358800925209334, ""intersects"": false}, {""generator"": ""UKL"", ""p_c"": 50, ""slope"": -0.4568061703848367, ""lo"": -0.4652538888003753, ""hi"": -0.44842177415408196, ""intersects"": true}, {""generator"": ""UKL"", ""p_c"": 200, ""slope"": -0.4555670306078159, ""lo"": -0.46316886778399097, ""hi"": -0.447775703849196, ""intersects"": true}, {""generator"": ""UKL"", ""p_c"": 800, ""slope"": -0.46269340659628444, ""lo"": -0.46997582070031146, ""hi"": -0.4555881153024492, ""intersects"": true}, {""generator"": ""BP"", ""p_c"": 50, ""slope"": -0.39263053619822913, ""lo"": -0.40009686121742893, ""hi"": -0.3850923790781503, ""intersects"": true}, {""generator"": ""BP"", ""p_c"": 200, ""slope"": -0.3956786453174106, ""lo"": -0.40234794273824365, ""hi"": -0.3888287183068256, ""intersects"": true}, {""generator"": ""BP"", ""p_c"": 800, ""slope"": -0.3904151304230434, ""lo"": -0.3963248349564689, ""hi"": -0.3845194345684493, ""intersects"": true}, {""generator"": ""BKL"", ""p_c"": 50, ""slope"": -0.2716605165364226, ""lo"": -0.2782109477822056, ""hi"": -0.264790285226348, ""intersects"": false}, {""generator"": ""BKL"", ""p_c"": 200, ""slope"": -0.22858791151984645, ""lo"": -0.23406550695731218, ""hi"": -0.22319437726683475, ""intersects"": false}, {""generator"": ""BKL"", ""p_c"": 800, ""slope"": -0.18599097556953456, ""lo"": -0.19090654823264008, ""hi"": -0.1810761635318152, ""intersects"": false}], ""ratios"": [{""generator"": ""SQ"", ""ratio"": 1.1669286866466106, ""lo"": 1.1555528846250227, ""hi"": 1.1785271747931854, ""below_limit"": true}, {""generator"": ""UKL"", ""ratio"": 1.1783067953267283, ""lo"": 1.1647303012157761, ""hi"": 1.1924567982824075, ""below_limit"": true}, {""generator"": ""BP"", ""ratio"": 1.1621284425783103, ""lo"": 1.1513730346281459, ""hi"": 1.1731592855942279, ""below_limit"": true}, {""generator"": ""BKL"", ""ratio"": 1.1524930865497358, ""lo"": 1.1404872046601389, ""hi"": 1.1642952261699173, ""below_limit"": true}], ""verdict"": ""negative"", ""failed"": [""slope|SQ|p_c=800"", ""slope|BKL|p_c=50"", ""slope|BKL|p_c=200"", ""slope|BKL|p_c=800""], ""incomplete"": []}","{""failures"": {""SQ|SN"": [0, 3000], ""SQ|TH"": [0, 3000], ""SQ|LTH"": [0, 3000], ""UKL|SN"": [0, 3000], ""UKL|TH"": [0, 3000], ""UKL|LTH"": [0, 3000], ""BP|SN"": [0, 3000], ""BP|TH"": [0, 3000], ""BP|LTH"": [0, 3000], ""BKL|SN"": [0, 3000], ""BKL|TH"": [0, 3000], ""BKL|LTH"": [0, 3000]}, ""pvalues"": {""SQ|SN"": 1.0, ""SQ|TH"": 1.0, ""SQ|LTH"": 1.0, ""UKL|SN"": 1.0, ""UKL|TH"": 1.0, ""UKL|LTH"": 1.0, ""BP|SN"": 1.0, ""BP|TH"": 1.0, ""BP|LTH"": 1.0, ""BKL|SN"": 1.0, ""BKL|TH"": 1.0, ""BKL|LTH"": 1.0}, ""rejected"": [], ""verdict"": ""H14-health: no departure from the prediction was detected"", ""bkl_zero_offset"": {""verdict"": ""pass"", ""expected"": 3000, ""replications"": 3000, ""infeasible_start"": 3000, ""mismatches"": [], ""missing"": []}}",[]
20,UKL,200,4000,LTH,200,200,0.0,0.014867039231272054,"{""ok"": 200}",0.995,1.0,1.0,0.995,0.30129315794207223,4952.263313033971,0.7769075789883688,0.7765574901919678,0.8542915098765789,2.0,0.0,199,0,0.0001584579341670545,0,"{""verdict"": ""no violation"", ""violations"": 0, ""checked"": 27448, ""violating_cells"": []}","{""slopes"": [{""generator"": ""SQ"", ""p_c"": 50, ""slope"": -0.37387744893943003, ""lo"": -0.38204560748021754, ""hi"": -0.3656656886490169, ""intersects"": true}, {""generator"": ""SQ"", ""p_c"": 200, ""slope"": -0.3630240734188334, ""lo"": -0.3700524449828918, ""hi"": -0.35598837640050307, ""intersects"": true}, {""generator"": ""SQ"", ""p_c"": 800, ""slope"": -0.3420416645418425, ""lo"": -0.3479978577657304, ""hi"": -0.3358800925209334, ""intersects"": false}, {""generator"": ""UKL"", ""p_c"": 50, ""slope"": -0.4568061703848367, ""lo"": -0.4652538888003753, ""hi"": -0.44842177415408196, ""intersects"": true}, {""generator"": ""UKL"", ""p_c"": 200, ""slope"": -0.4555670306078159, ""lo"": -0.46316886778399097, ""hi"": -0.447775703849196, ""intersects"": true}, {""generator"": ""UKL"", ""p_c"": 800, ""slope"": -0.46269340659628444, ""lo"": -0.46997582070031146, ""hi"": -0.4555881153024492, ""intersects"": true}, {""generator"": ""BP"", ""p_c"": 50, ""slope"": -0.39263053619822913, ""lo"": -0.40009686121742893, ""hi"": -0.3850923790781503, ""intersects"": true}, {""generator"": ""BP"", ""p_c"": 200, ""slope"": -0.3956786453174106, ""lo"": -0.40234794273824365, ""hi"": -0.3888287183068256, ""intersects"": true}, {""generator"": ""BP"", ""p_c"": 800, ""slope"": -0.3904151304230434, ""lo"": -0.3963248349564689, ""hi"": -0.3845194345684493, ""intersects"": true}, {""generator"": ""BKL"", ""p_c"": 50, ""slope"": -0.2716605165364226, ""lo"": -0.2782109477822056, ""hi"": -0.264790285226348, ""intersects"": false}, {""generator"": ""BKL"", ""p_c"": 200, ""slope"": -0.22858791151984645, ""lo"": -0.23406550695731218, ""hi"": -0.22319437726683475, ""intersects"": false}, {""generator"": ""BKL"", ""p_c"": 800, ""slope"": -0.18599097556953456, ""lo"": -0.19090654823264008, ""hi"": -0.1810761635318152, ""intersects"": false}], ""ratios"": [{""generator"": ""SQ"", ""ratio"": 1.1669286866466106, ""lo"": 1.1555528846250227, ""hi"": 1.1785271747931854, ""below_limit"": true}, {""generator"": ""UKL"", ""ratio"": 1.1783067953267283, ""lo"": 1.1647303012157761, ""hi"": 1.1924567982824075, ""below_limit"": true}, {""generator"": ""BP"", ""ratio"": 1.1621284425783103, ""lo"": 1.1513730346281459, ""hi"": 1.1731592855942279, ""below_limit"": true}, {""generator"": ""BKL"", ""ratio"": 1.1524930865497358, ""lo"": 1.1404872046601389, ""hi"": 1.1642952261699173, ""below_limit"": true}], ""verdict"": ""negative"", ""failed"": [""slope|SQ|p_c=800"", ""slope|BKL|p_c=50"", ""slope|BKL|p_c=200"", ""slope|BKL|p_c=800""], ""incomplete"": []}","{""failures"": {""SQ|SN"": [0, 3000], ""SQ|TH"": [0, 3000], ""SQ|LTH"": [0, 3000], ""UKL|SN"": [0, 3000], ""UKL|TH"": [0, 3000], ""UKL|LTH"": [0, 3000], ""BP|SN"": [0, 3000], ""BP|TH"": [0, 3000], ""BP|LTH"": [0, 3000], ""BKL|SN"": [0, 3000], ""BKL|TH"": [0, 3000], ""BKL|LTH"": [0, 3000]}, ""pvalues"": {""SQ|SN"": 1.0, ""SQ|TH"": 1.0, ""SQ|LTH"": 1.0, ""UKL|SN"": 1.0, ""UKL|TH"": 1.0, ""UKL|LTH"": 1.0, ""BP|SN"": 1.0, ""BP|TH"": 1.0, ""BP|LTH"": 1.0, ""BKL|SN"": 1.0, ""BKL|TH"": 1.0, ""BKL|LTH"": 1.0}, ""rejected"": [], ""verdict"": ""H14-health: no departure from the prediction was detected"", ""bkl_zero_offset"": {""verdict"": ""pass"", ""expected"": 3000, ""replications"": 3000, ""infeasible_start"": 3000, ""mismatches"": [], ""missing"": []}}",[]
21,UKL,200,8000,SN,200,200,0.0,0.014867039231272054,"{""ok"": 200}",1.0,1.0,1.0,1.0,0.2242086782760963,3685.2493414537703,0.6471521600395335,0.6500490059058883,0.7196843772515341,3.0,0.0,200,0,0.00016839427523149681,0,"{""verdict"": ""no violation"", ""violations"": 0, ""checked"": 27448, ""violating_cells"": []}","{""slopes"": [{""generator"": ""SQ"", ""p_c"": 50, ""slope"": -0.37387744893943003, ""lo"": -0.38204560748021754, ""hi"": -0.3656656886490169, ""intersects"": true}, {""generator"": ""SQ"", ""p_c"": 200, ""slope"": -0.3630240734188334, ""lo"": -0.3700524449828918, ""hi"": -0.35598837640050307, ""intersects"": true}, {""generator"": ""SQ"", ""p_c"": 800, ""slope"": -0.3420416645418425, ""lo"": -0.3479978577657304, ""hi"": -0.3358800925209334, ""intersects"": false}, {""generator"": ""UKL"", ""p_c"": 50, ""slope"": -0.4568061703848367, ""lo"": -0.4652538888003753, ""hi"": -0.44842177415408196, ""intersects"": true}, {""generator"": ""UKL"", ""p_c"": 200, ""slope"": -0.4555670306078159, ""lo"": -0.46316886778399097, ""hi"": -0.447775703849196, ""intersects"": true}, {""generator"": ""UKL"", ""p_c"": 800, ""slope"": -0.46269340659628444, ""lo"": -0.46997582070031146, ""hi"": -0.4555881153024492, ""intersects"": true}, {""generator"": ""BP"", ""p_c"": 50, ""slope"": -0.39263053619822913, ""lo"": -0.40009686121742893, ""hi"": -0.3850923790781503, ""intersects"": true}, {""generator"": ""BP"", ""p_c"": 200, ""slope"": -0.3956786453174106, ""lo"": -0.40234794273824365, ""hi"": -0.3888287183068256, ""intersects"": true}, {""generator"": ""BP"", ""p_c"": 800, ""slope"": -0.3904151304230434, ""lo"": -0.3963248349564689, ""hi"": -0.3845194345684493, ""intersects"": true}, {""generator"": ""BKL"", ""p_c"": 50, ""slope"": -0.2716605165364226, ""lo"": -0.2782109477822056, ""hi"": -0.264790285226348, ""intersects"": false}, {""generator"": ""BKL"", ""p_c"": 200, ""slope"": -0.22858791151984645, ""lo"": -0.23406550695731218, ""hi"": -0.22319437726683475, ""intersects"": false}, {""generator"": ""BKL"", ""p_c"": 800, ""slope"": -0.18599097556953456, ""lo"": -0.19090654823264008, ""hi"": -0.1810761635318152, ""intersects"": false}], ""ratios"": [{""generator"": ""SQ"", ""ratio"": 1.1669286866466106, ""lo"": 1.1555528846250227, ""hi"": 1.1785271747931854, ""below_limit"": true}, {""generator"": ""UKL"", ""ratio"": 1.1783067953267283, ""lo"": 1.1647303012157761, ""hi"": 1.1924567982824075, ""below_limit"": true}, {""generator"": ""BP"", ""ratio"": 1.1621284425783103, ""lo"": 1.1513730346281459, ""hi"": 1.1731592855942279, ""below_limit"": true}, {""generator"": ""BKL"", ""ratio"": 1.1524930865497358, ""lo"": 1.1404872046601389, ""hi"": 1.1642952261699173, ""below_limit"": true}], ""verdict"": ""negative"", ""failed"": [""slope|SQ|p_c=800"", ""slope|BKL|p_c=50"", ""slope|BKL|p_c=200"", ""slope|BKL|p_c=800""], ""incomplete"": []}","{""failures"": {""SQ|SN"": [0, 3000], ""SQ|TH"": [0, 3000], ""SQ|LTH"": [0, 3000], ""UKL|SN"": [0, 3000], ""UKL|TH"": [0, 3000], ""UKL|LTH"": [0, 3000], ""BP|SN"": [0, 3000], ""BP|TH"": [0, 3000], ""BP|LTH"": [0, 3000], ""BKL|SN"": [0, 3000], ""BKL|TH"": [0, 3000], ""BKL|LTH"": [0, 3000]}, ""pvalues"": {""SQ|SN"": 1.0, ""SQ|TH"": 1.0, ""SQ|LTH"": 1.0, ""UKL|SN"": 1.0, ""UKL|TH"": 1.0, ""UKL|LTH"": 1.0, ""BP|SN"": 1.0, ""BP|TH"": 1.0, ""BP|LTH"": 1.0, ""BKL|SN"": 1.0, ""BKL|TH"": 1.0, ""BKL|LTH"": 1.0}, ""rejected"": [], ""verdict"": ""H14-health: no departure from the prediction was detected"", ""bkl_zero_offset"": {""verdict"": ""pass"", ""expected"": 3000, ""replications"": 3000, ""infeasible_start"": 3000, ""mismatches"": [], ""missing"": []}}",[]
21,UKL,200,8000,TH,200,200,0.0,0.014867039231272054,"{""ok"": 200}",1.0,1.0,1.0,1.0,7.141251379974717,117378.56066748615,0.9224791683291577,0.9225540176470544,0.9247091791568798,0.0,0.0,200,0,7.29952782361594e-06,0,"{""verdict"": ""no violation"", ""violations"": 0, ""checked"": 27448, ""violating_cells"": []}","{""slopes"": [{""generator"": ""SQ"", ""p_c"": 50, ""slope"": -0.37387744893943003, ""lo"": -0.38204560748021754, ""hi"": -0.3656656886490169, ""intersects"": true}, {""generator"": ""SQ"", ""p_c"": 200, ""slope"": -0.3630240734188334, ""lo"": -0.3700524449828918, ""hi"": -0.35598837640050307, ""intersects"": true}, {""generator"": ""SQ"", ""p_c"": 800, ""slope"": -0.3420416645418425, ""lo"": -0.3479978577657304, ""hi"": -0.3358800925209334, ""intersects"": false}, {""generator"": ""UKL"", ""p_c"": 50, ""slope"": -0.4568061703848367, ""lo"": -0.4652538888003753, ""hi"": -0.44842177415408196, ""intersects"": true}, {""generator"": ""UKL"", ""p_c"": 200, ""slope"": -0.4555670306078159, ""lo"": -0.46316886778399097, ""hi"": -0.447775703849196, ""intersects"": true}, {""generator"": ""UKL"", ""p_c"": 800, ""slope"": -0.46269340659628444, ""lo"": -0.46997582070031146, ""hi"": -0.4555881153024492, ""intersects"": true}, {""generator"": ""BP"", ""p_c"": 50, ""slope"": -0.39263053619822913, ""lo"": -0.40009686121742893, ""hi"": -0.3850923790781503, ""intersects"": true}, {""generator"": ""BP"", ""p_c"": 200, ""slope"": -0.3956786453174106, ""lo"": -0.40234794273824365, ""hi"": -0.3888287183068256, ""intersects"": true}, {""generator"": ""BP"", ""p_c"": 800, ""slope"": -0.3904151304230434, ""lo"": -0.3963248349564689, ""hi"": -0.3845194345684493, ""intersects"": true}, {""generator"": ""BKL"", ""p_c"": 50, ""slope"": -0.2716605165364226, ""lo"": -0.2782109477822056, ""hi"": -0.264790285226348, ""intersects"": false}, {""generator"": ""BKL"", ""p_c"": 200, ""slope"": -0.22858791151984645, ""lo"": -0.23406550695731218, ""hi"": -0.22319437726683475, ""intersects"": false}, {""generator"": ""BKL"", ""p_c"": 800, ""slope"": -0.18599097556953456, ""lo"": -0.19090654823264008, ""hi"": -0.1810761635318152, ""intersects"": false}], ""ratios"": [{""generator"": ""SQ"", ""ratio"": 1.1669286866466106, ""lo"": 1.1555528846250227, ""hi"": 1.1785271747931854, ""below_limit"": true}, {""generator"": ""UKL"", ""ratio"": 1.1783067953267283, ""lo"": 1.1647303012157761, ""hi"": 1.1924567982824075, ""below_limit"": true}, {""generator"": ""BP"", ""ratio"": 1.1621284425783103, ""lo"": 1.1513730346281459, ""hi"": 1.1731592855942279, ""below_limit"": true}, {""generator"": ""BKL"", ""ratio"": 1.1524930865497358, ""lo"": 1.1404872046601389, ""hi"": 1.1642952261699173, ""below_limit"": true}], ""verdict"": ""negative"", ""failed"": [""slope|SQ|p_c=800"", ""slope|BKL|p_c=50"", ""slope|BKL|p_c=200"", ""slope|BKL|p_c=800""], ""incomplete"": []}","{""failures"": {""SQ|SN"": [0, 3000], ""SQ|TH"": [0, 3000], ""SQ|LTH"": [0, 3000], ""UKL|SN"": [0, 3000], ""UKL|TH"": [0, 3000], ""UKL|LTH"": [0, 3000], ""BP|SN"": [0, 3000], ""BP|TH"": [0, 3000], ""BP|LTH"": [0, 3000], ""BKL|SN"": [0, 3000], ""BKL|TH"": [0, 3000], ""BKL|LTH"": [0, 3000]}, ""pvalues"": {""SQ|SN"": 1.0, ""SQ|TH"": 1.0, ""SQ|LTH"": 1.0, ""UKL|SN"": 1.0, ""UKL|TH"": 1.0, ""UKL|LTH"": 1.0, ""BP|SN"": 1.0, ""BP|TH"": 1.0, ""BP|LTH"": 1.0, ""BKL|SN"": 1.0, ""BKL|TH"": 1.0, ""BKL|LTH"": 1.0}, ""rejected"": [], ""verdict"": ""H14-health: no departure from the prediction was detected"", ""bkl_zero_offset"": {""verdict"": ""pass"", ""expected"": 3000, ""replications"": 3000, ""infeasible_start"": 3000, ""mismatches"": [], ""missing"": []}}",[]
21,UKL,200,8000,LTH,200,200,0.0,0.014867039231272054,"{""ok"": 200}",0.995,1.0,1.0,0.995,0.21376780876997292,3513.6359687355916,0.6261463933518698,0.6286132980762804,0.6898360157804792,3.0,0.0,199,0,0.00017075399219179126,0,"{""verdict"": ""no violation"", ""violations"": 0, ""checked"": 27448, ""violating_cells"": []}","{""slopes"": [{""generator"": ""SQ"", ""p_c"": 50, ""slope"": -0.37387744893943003, ""lo"": -0.38204560748021754, ""hi"": -0.3656656886490169, ""intersects"": true}, {""generator"": ""SQ"", ""p_c"": 200, ""slope"": -0.3630240734188334, ""lo"": -0.3700524449828918, ""hi"": -0.35598837640050307, ""intersects"": true}, {""generator"": ""SQ"", ""p_c"": 800, ""slope"": -0.3420416645418425, ""lo"": -0.3479978577657304, ""hi"": -0.3358800925209334, ""intersects"": false}, {""generator"": ""UKL"", ""p_c"": 50, ""slope"": -0.4568061703848367, ""lo"": -0.4652538888003753, ""hi"": -0.44842177415408196, ""intersects"": true}, {""generator"": ""UKL"", ""p_c"": 200, ""slope"": -0.4555670306078159, ""lo"": -0.46316886778399097, ""hi"": -0.447775703849196, ""intersects"": true}, {""generator"": ""UKL"", ""p_c"": 800, ""slope"": -0.46269340659628444, ""lo"": -0.46997582070031146, ""hi"": -0.4555881153024492, ""intersects"": true}, {""generator"": ""BP"", ""p_c"": 50, ""slope"": -0.39263053619822913, ""lo"": -0.40009686121742893, ""hi"": -0.3850923790781503, ""intersects"": true}, {""generator"": ""BP"", ""p_c"": 200, ""slope"": -0.3956786453174106, ""lo"": -0.40234794273824365, ""hi"": -0.3888287183068256, ""intersects"": true}, {""generator"": ""BP"", ""p_c"": 800, ""slope"": -0.3904151304230434, ""lo"": -0.3963248349564689, ""hi"": -0.3845194345684493, ""intersects"": true}, {""generator"": ""BKL"", ""p_c"": 50, ""slope"": -0.2716605165364226, ""lo"": -0.2782109477822056, ""hi"": -0.264790285226348, ""intersects"": false}, {""generator"": ""BKL"", ""p_c"": 200, ""slope"": -0.22858791151984645, ""lo"": -0.23406550695731218, ""hi"": -0.22319437726683475, ""intersects"": false}, {""generator"": ""BKL"", ""p_c"": 800, ""slope"": -0.18599097556953456, ""lo"": -0.19090654823264008, ""hi"": -0.1810761635318152, ""intersects"": false}], ""ratios"": [{""generator"": ""SQ"", ""ratio"": 1.1669286866466106, ""lo"": 1.1555528846250227, ""hi"": 1.1785271747931854, ""below_limit"": true}, {""generator"": ""UKL"", ""ratio"": 1.1783067953267283, ""lo"": 1.1647303012157761, ""hi"": 1.1924567982824075, ""below_limit"": true}, {""generator"": ""BP"", ""ratio"": 1.1621284425783103, ""lo"": 1.1513730346281459, ""hi"": 1.1731592855942279, ""below_limit"": true}, {""generator"": ""BKL"", ""ratio"": 1.1524930865497358, ""lo"": 1.1404872046601389, ""hi"": 1.1642952261699173, ""below_limit"": true}], ""verdict"": ""negative"", ""failed"": [""slope|SQ|p_c=800"", ""slope|BKL|p_c=50"", ""slope|BKL|p_c=200"", ""slope|BKL|p_c=800""], ""incomplete"": []}","{""failures"": {""SQ|SN"": [0, 3000], ""SQ|TH"": [0, 3000], ""SQ|LTH"": [0, 3000], ""UKL|SN"": [0, 3000], ""UKL|TH"": [0, 3000], ""UKL|LTH"": [0, 3000], ""BP|SN"": [0, 3000], ""BP|TH"": [0, 3000], ""BP|LTH"": [0, 3000], ""BKL|SN"": [0, 3000], ""BKL|TH"": [0, 3000], ""BKL|LTH"": [0, 3000]}, ""pvalues"": {""SQ|SN"": 1.0, ""SQ|TH"": 1.0, ""SQ|LTH"": 1.0, ""UKL|SN"": 1.0, ""UKL|TH"": 1.0, ""UKL|LTH"": 1.0, ""BP|SN"": 1.0, ""BP|TH"": 1.0, ""BP|LTH"": 1.0, ""BKL|SN"": 1.0, ""BKL|TH"": 1.0, ""BKL|LTH"": 1.0}, ""rejected"": [], ""verdict"": ""H14-health: no departure from the prediction was detected"", ""bkl_zero_offset"": {""verdict"": ""pass"", ""expected"": 3000, ""replications"": 3000, ""infeasible_start"": 3000, ""mismatches"": [], ""missing"": []}}",[]
22,UKL,200,16000,SN,200,200,0.0,0.014867039231272054,"{""ok"": 200}",1.0,1.0,1.0,1.0,0.1584494834088077,2604.385605747773,0.4916829402557789,0.4898280894945912,0.544273204836634,4.0,0.0,200,0,0.0001629242494379221,0,"{""verdict"": ""no violation"", ""violations"": 0, ""checked"": 27448, ""violating_cells"": []}","{""slopes"": [{""generator"": ""SQ"", ""p_c"": 50, ""slope"": -0.37387744893943003, ""lo"": -0.38204560748021754, ""hi"": -0.3656656886490169, ""intersects"": true}, {""generator"": ""SQ"", ""p_c"": 200, ""slope"": -0.3630240734188334, ""lo"": -0.3700524449828918, ""hi"": -0.35598837640050307, ""intersects"": true}, {""generator"": ""SQ"", ""p_c"": 800, ""slope"": -0.3420416645418425, ""lo"": -0.3479978577657304, ""hi"": -0.3358800925209334, ""intersects"": false}, {""generator"": ""UKL"", ""p_c"": 50, ""slope"": -0.4568061703848367, ""lo"": -0.4652538888003753, ""hi"": -0.44842177415408196, ""intersects"": true}, {""generator"": ""UKL"", ""p_c"": 200, ""slope"": -0.4555670306078159, ""lo"": -0.46316886778399097, ""hi"": -0.447775703849196, ""intersects"": true}, {""generator"": ""UKL"", ""p_c"": 800, ""slope"": -0.46269340659628444, ""lo"": -0.46997582070031146, ""hi"": -0.4555881153024492, ""intersects"": true}, {""generator"": ""BP"", ""p_c"": 50, ""slope"": -0.39263053619822913, ""lo"": -0.40009686121742893, ""hi"": -0.3850923790781503, ""intersects"": true}, {""generator"": ""BP"", ""p_c"": 200, ""slope"": -0.3956786453174106, ""lo"": -0.40234794273824365, ""hi"": -0.3888287183068256, ""intersects"": true}, {""generator"": ""BP"", ""p_c"": 800, ""slope"": -0.3904151304230434, ""lo"": -0.3963248349564689, ""hi"": -0.3845194345684493, ""intersects"": true}, {""generator"": ""BKL"", ""p_c"": 50, ""slope"": -0.2716605165364226, ""lo"": -0.2782109477822056, ""hi"": -0.264790285226348, ""intersects"": false}, {""generator"": ""BKL"", ""p_c"": 200, ""slope"": -0.22858791151984645, ""lo"": -0.23406550695731218, ""hi"": -0.22319437726683475, ""intersects"": false}, {""generator"": ""BKL"", ""p_c"": 800, ""slope"": -0.18599097556953456, ""lo"": -0.19090654823264008, ""hi"": -0.1810761635318152, ""intersects"": false}], ""ratios"": [{""generator"": ""SQ"", ""ratio"": 1.1669286866466106, ""lo"": 1.1555528846250227, ""hi"": 1.1785271747931854, ""below_limit"": true}, {""generator"": ""UKL"", ""ratio"": 1.1783067953267283, ""lo"": 1.1647303012157761, ""hi"": 1.1924567982824075, ""below_limit"": true}, {""generator"": ""BP"", ""ratio"": 1.1621284425783103, ""lo"": 1.1513730346281459, ""hi"": 1.1731592855942279, ""below_limit"": true}, {""generator"": ""BKL"", ""ratio"": 1.1524930865497358, ""lo"": 1.1404872046601389, ""hi"": 1.1642952261699173, ""below_limit"": true}], ""verdict"": ""negative"", ""failed"": [""slope|SQ|p_c=800"", ""slope|BKL|p_c=50"", ""slope|BKL|p_c=200"", ""slope|BKL|p_c=800""], ""incomplete"": []}","{""failures"": {""SQ|SN"": [0, 3000], ""SQ|TH"": [0, 3000], ""SQ|LTH"": [0, 3000], ""UKL|SN"": [0, 3000], ""UKL|TH"": [0, 3000], ""UKL|LTH"": [0, 3000], ""BP|SN"": [0, 3000], ""BP|TH"": [0, 3000], ""BP|LTH"": [0, 3000], ""BKL|SN"": [0, 3000], ""BKL|TH"": [0, 3000], ""BKL|LTH"": [0, 3000]}, ""pvalues"": {""SQ|SN"": 1.0, ""SQ|TH"": 1.0, ""SQ|LTH"": 1.0, ""UKL|SN"": 1.0, ""UKL|TH"": 1.0, ""UKL|LTH"": 1.0, ""BP|SN"": 1.0, ""BP|TH"": 1.0, ""BP|LTH"": 1.0, ""BKL|SN"": 1.0, ""BKL|TH"": 1.0, ""BKL|LTH"": 1.0}, ""rejected"": [], ""verdict"": ""H14-health: no departure from the prediction was detected"", ""bkl_zero_offset"": {""verdict"": ""pass"", ""expected"": 3000, ""replications"": 3000, ""infeasible_start"": 3000, ""mismatches"": [], ""missing"": []}}",[]
22,UKL,200,16000,TH,200,200,0.0,0.014867039231272054,"{""ok"": 200}",1.0,1.0,1.0,1.0,5.049627276937913,82999.17621389602,0.9224791683291577,0.9225540176470544,0.9247091791568798,0.0,0.0,200,0,1.0323091247077425e-05,0,"{""verdict"": ""no violation"", ""violations"": 0, ""checked"": 27448, ""violating_cells"": []}","{""slopes"": [{""generator"": ""SQ"", ""p_c"": 50, ""slope"": -0.37387744893943003, ""lo"": -0.38204560748021754, ""hi"": -0.3656656886490169, ""intersects"": true}, {""generator"": ""SQ"", ""p_c"": 200, ""slope"": -0.3630240734188334, ""lo"": -0.3700524449828918, ""hi"": -0.35598837640050307, ""intersects"": true}, {""generator"": ""SQ"", ""p_c"": 800, ""slope"": -0.3420416645418425, ""lo"": -0.3479978577657304, ""hi"": -0.3358800925209334, ""intersects"": false}, {""generator"": ""UKL"", ""p_c"": 50, ""slope"": -0.4568061703848367, ""lo"": -0.4652538888003753, ""hi"": -0.44842177415408196, ""intersects"": true}, {""generator"": ""UKL"", ""p_c"": 200, ""slope"": -0.4555670306078159, ""lo"": -0.46316886778399097, ""hi"": -0.447775703849196, ""intersects"": true}, {""generator"": ""UKL"", ""p_c"": 800, ""slope"": -0.46269340659628444, ""lo"": -0.46997582070031146, ""hi"": -0.4555881153024492, ""intersects"": true}, {""generator"": ""BP"", ""p_c"": 50, ""slope"": -0.39263053619822913, ""lo"": -0.40009686121742893, ""hi"": -0.3850923790781503, ""intersects"": true}, {""generator"": ""BP"", ""p_c"": 200, ""slope"": -0.3956786453174106, ""lo"": -0.40234794273824365, ""hi"": -0.3888287183068256, ""intersects"": true}, {""generator"": ""BP"", ""p_c"": 800, ""slope"": -0.3904151304230434, ""lo"": -0.3963248349564689, ""hi"": -0.3845194345684493, ""intersects"": true}, {""generator"": ""BKL"", ""p_c"": 50, ""slope"": -0.2716605165364226, ""lo"": -0.2782109477822056, ""hi"": -0.264790285226348, ""intersects"": false}, {""generator"": ""BKL"", ""p_c"": 200, ""slope"": -0.22858791151984645, ""lo"": -0.23406550695731218, ""hi"": -0.22319437726683475, ""intersects"": false}, {""generator"": ""BKL"", ""p_c"": 800, ""slope"": -0.18599097556953456, ""lo"": -0.19090654823264008, ""hi"": -0.1810761635318152, ""intersects"": false}], ""ratios"": [{""generator"": ""SQ"", ""ratio"": 1.1669286866466106, ""lo"": 1.1555528846250227, ""hi"": 1.1785271747931854, ""below_limit"": true}, {""generator"": ""UKL"", ""ratio"": 1.1783067953267283, ""lo"": 1.1647303012157761, ""hi"": 1.1924567982824075, ""below_limit"": true}, {""generator"": ""BP"", ""ratio"": 1.1621284425783103, ""lo"": 1.1513730346281459, ""hi"": 1.1731592855942279, ""below_limit"": true}, {""generator"": ""BKL"", ""ratio"": 1.1524930865497358, ""lo"": 1.1404872046601389, ""hi"": 1.1642952261699173, ""below_limit"": true}], ""verdict"": ""negative"", ""failed"": [""slope|SQ|p_c=800"", ""slope|BKL|p_c=50"", ""slope|BKL|p_c=200"", ""slope|BKL|p_c=800""], ""incomplete"": []}","{""failures"": {""SQ|SN"": [0, 3000], ""SQ|TH"": [0, 3000], ""SQ|LTH"": [0, 3000], ""UKL|SN"": [0, 3000], ""UKL|TH"": [0, 3000], ""UKL|LTH"": [0, 3000], ""BP|SN"": [0, 3000], ""BP|TH"": [0, 3000], ""BP|LTH"": [0, 3000], ""BKL|SN"": [0, 3000], ""BKL|TH"": [0, 3000], ""BKL|LTH"": [0, 3000]}, ""pvalues"": {""SQ|SN"": 1.0, ""SQ|TH"": 1.0, ""SQ|LTH"": 1.0, ""UKL|SN"": 1.0, ""UKL|TH"": 1.0, ""UKL|LTH"": 1.0, ""BP|SN"": 1.0, ""BP|TH"": 1.0, ""BP|LTH"": 1.0, ""BKL|SN"": 1.0, ""BKL|TH"": 1.0, ""BKL|LTH"": 1.0}, ""rejected"": [], ""verdict"": ""H14-health: no departure from the prediction was detected"", ""bkl_zero_offset"": {""verdict"": ""pass"", ""expected"": 3000, ""replications"": 3000, ""infeasible_start"": 3000, ""mismatches"": [], ""missing"": []}}",[]
22,UKL,200,16000,LTH,200,200,0.0,0.014867039231272054,"{""ok"": 200}",1.0,1.0,1.0,1.0,0.1539484185747746,2530.402982314103,0.4794589775307236,0.477192406506489,0.5311524845204626,4.0,0.0,200,0,0.00016203671915951837,0,"{""verdict"": ""no violation"", ""violations"": 0, ""checked"": 27448, ""violating_cells"": []}","{""slopes"": [{""generator"": ""SQ"", ""p_c"": 50, ""slope"": -0.37387744893943003, ""lo"": -0.38204560748021754, ""hi"": -0.3656656886490169, ""intersects"": true}, {""generator"": ""SQ"", ""p_c"": 200, ""slope"": -0.3630240734188334, ""lo"": -0.3700524449828918, ""hi"": -0.35598837640050307, ""intersects"": true}, {""generator"": ""SQ"", ""p_c"": 800, ""slope"": -0.3420416645418425, ""lo"": -0.3479978577657304, ""hi"": -0.3358800925209334, ""intersects"": false}, {""generator"": ""UKL"", ""p_c"": 50, ""slope"": -0.4568061703848367, ""lo"": -0.4652538888003753, ""hi"": -0.44842177415408196, ""intersects"": true}, {""generator"": ""UKL"", ""p_c"": 200, ""slope"": -0.4555670306078159, ""lo"": -0.46316886778399097, ""hi"": -0.447775703849196, ""intersects"": true}, {""generator"": ""UKL"", ""p_c"": 800, ""slope"": -0.46269340659628444, ""lo"": -0.46997582070031146, ""hi"": -0.4555881153024492, ""intersects"": true}, {""generator"": ""BP"", ""p_c"": 50, ""slope"": -0.39263053619822913, ""lo"": -0.40009686121742893, ""hi"": -0.3850923790781503, ""intersects"": true}, {""generator"": ""BP"", ""p_c"": 200, ""slope"": -0.3956786453174106, ""lo"": -0.40234794273824365, ""hi"": -0.3888287183068256, ""intersects"": true}, {""generator"": ""BP"", ""p_c"": 800, ""slope"": -0.3904151304230434, ""lo"": -0.3963248349564689, ""hi"": -0.3845194345684493, ""intersects"": true}, {""generator"": ""BKL"", ""p_c"": 50, ""slope"": -0.2716605165364226, ""lo"": -0.2782109477822056, ""hi"": -0.264790285226348, ""intersects"": false}, {""generator"": ""BKL"", ""p_c"": 200, ""slope"": -0.22858791151984645, ""lo"": -0.23406550695731218, ""hi"": -0.22319437726683475, ""intersects"": false}, {""generator"": ""BKL"", ""p_c"": 800, ""slope"": -0.18599097556953456, ""lo"": -0.19090654823264008, ""hi"": -0.1810761635318152, ""intersects"": false}], ""ratios"": [{""generator"": ""SQ"", ""ratio"": 1.1669286866466106, ""lo"": 1.1555528846250227, ""hi"": 1.1785271747931854, ""below_limit"": true}, {""generator"": ""UKL"", ""ratio"": 1.1783067953267283, ""lo"": 1.1647303012157761, ""hi"": 1.1924567982824075, ""below_limit"": true}, {""generator"": ""BP"", ""ratio"": 1.1621284425783103, ""lo"": 1.1513730346281459, ""hi"": 1.1731592855942279, ""below_limit"": true}, {""generator"": ""BKL"", ""ratio"": 1.1524930865497358, ""lo"": 1.1404872046601389, ""hi"": 1.1642952261699173, ""below_limit"": true}], ""verdict"": ""negative"", ""failed"": [""slope|SQ|p_c=800"", ""slope|BKL|p_c=50"", ""slope|BKL|p_c=200"", ""slope|BKL|p_c=800""], ""incomplete"": []}","{""failures"": {""SQ|SN"": [0, 3000], ""SQ|TH"": [0, 3000], ""SQ|LTH"": [0, 3000], ""UKL|SN"": [0, 3000], ""UKL|TH"": [0, 3000], ""UKL|LTH"": [0, 3000], ""BP|SN"": [0, 3000], ""BP|TH"": [0, 3000], ""BP|LTH"": [0, 3000], ""BKL|SN"": [0, 3000], ""BKL|TH"": [0, 3000], ""BKL|LTH"": [0, 3000]}, ""pvalues"": {""SQ|SN"": 1.0, ""SQ|TH"": 1.0, ""SQ|LTH"": 1.0, ""UKL|SN"": 1.0, ""UKL|TH"": 1.0, ""UKL|LTH"": 1.0, ""BP|SN"": 1.0, ""BP|TH"": 1.0, ""BP|LTH"": 1.0, ""BKL|SN"": 1.0, ""BKL|TH"": 1.0, ""BKL|LTH"": 1.0}, ""rejected"": [], ""verdict"": ""H14-health: no departure from the prediction was detected"", ""bkl_zero_offset"": {""verdict"": ""pass"", ""expected"": 3000, ""replications"": 3000, ""infeasible_start"": 3000, ""mismatches"": [], ""missing"": []}}",[]
23,UKL,200,32000,SN,200,200,0.0,0.014867039231272054,"{""ok"": 200}",1.0,1.0,1.0,1.0,0.11193454963181952,1839.8338926409258,0.35508502266483516,0.35544563725359213,0.41674098489586303,4.0,0.0,200,0,0.00013371768355173179,0,"{""verdict"": ""no violation"", ""violations"": 0, ""checked"": 27448, ""violating_cells"": []}","{""slopes"": [{""generator"": ""SQ"", ""p_c"": 50, ""slope"": -0.37387744893943003, ""lo"": -0.38204560748021754, ""hi"": -0.3656656886490169, ""intersects"": true}, {""generator"": ""SQ"", ""p_c"": 200, ""slope"": -0.3630240734188334, ""lo"": -0.3700524449828918, ""hi"": -0.35598837640050307, ""intersects"": true}, {""generator"": ""SQ"", ""p_c"": 800, ""slope"": -0.3420416645418425, ""lo"": -0.3479978577657304, ""hi"": -0.3358800925209334, ""intersects"": false}, {""generator"": ""UKL"", ""p_c"": 50, ""slope"": -0.4568061703848367, ""lo"": -0.4652538888003753, ""hi"": -0.44842177415408196, ""intersects"": true}, {""generator"": ""UKL"", ""p_c"": 200, ""slope"": -0.4555670306078159, ""lo"": -0.46316886778399097, ""hi"": -0.447775703849196, ""intersects"": true}, {""generator"": ""UKL"", ""p_c"": 800, ""slope"": -0.46269340659628444, ""lo"": -0.46997582070031146, ""hi"": -0.4555881153024492, ""intersects"": true}, {""generator"": ""BP"", ""p_c"": 50, ""slope"": -0.39263053619822913, ""lo"": -0.40009686121742893, ""hi"": -0.3850923790781503, ""intersects"": true}, {""generator"": ""BP"", ""p_c"": 200, ""slope"": -0.3956786453174106, ""lo"": -0.40234794273824365, ""hi"": -0.3888287183068256, ""intersects"": true}, {""generator"": ""BP"", ""p_c"": 800, ""slope"": -0.3904151304230434, ""lo"": -0.3963248349564689, ""hi"": -0.3845194345684493, ""intersects"": true}, {""generator"": ""BKL"", ""p_c"": 50, ""slope"": -0.2716605165364226, ""lo"": -0.2782109477822056, ""hi"": -0.264790285226348, ""intersects"": false}, {""generator"": ""BKL"", ""p_c"": 200, ""slope"": -0.22858791151984645, ""lo"": -0.23406550695731218, ""hi"": -0.22319437726683475, ""intersects"": false}, {""generator"": ""BKL"", ""p_c"": 800, ""slope"": -0.18599097556953456, ""lo"": -0.19090654823264008, ""hi"": -0.1810761635318152, ""intersects"": false}], ""ratios"": [{""generator"": ""SQ"", ""ratio"": 1.1669286866466106, ""lo"": 1.1555528846250227, ""hi"": 1.1785271747931854, ""below_limit"": true}, {""generator"": ""UKL"", ""ratio"": 1.1783067953267283, ""lo"": 1.1647303012157761, ""hi"": 1.1924567982824075, ""below_limit"": true}, {""generator"": ""BP"", ""ratio"": 1.1621284425783103, ""lo"": 1.1513730346281459, ""hi"": 1.1731592855942279, ""below_limit"": true}, {""generator"": ""BKL"", ""ratio"": 1.1524930865497358, ""lo"": 1.1404872046601389, ""hi"": 1.1642952261699173, ""below_limit"": true}], ""verdict"": ""negative"", ""failed"": [""slope|SQ|p_c=800"", ""slope|BKL|p_c=50"", ""slope|BKL|p_c=200"", ""slope|BKL|p_c=800""], ""incomplete"": []}","{""failures"": {""SQ|SN"": [0, 3000], ""SQ|TH"": [0, 3000], ""SQ|LTH"": [0, 3000], ""UKL|SN"": [0, 3000], ""UKL|TH"": [0, 3000], ""UKL|LTH"": [0, 3000], ""BP|SN"": [0, 3000], ""BP|TH"": [0, 3000], ""BP|LTH"": [0, 3000], ""BKL|SN"": [0, 3000], ""BKL|TH"": [0, 3000], ""BKL|LTH"": [0, 3000]}, ""pvalues"": {""SQ|SN"": 1.0, ""SQ|TH"": 1.0, ""SQ|LTH"": 1.0, ""UKL|SN"": 1.0, ""UKL|TH"": 1.0, ""UKL|LTH"": 1.0, ""BP|SN"": 1.0, ""BP|TH"": 1.0, ""BP|LTH"": 1.0, ""BKL|SN"": 1.0, ""BKL|TH"": 1.0, ""BKL|LTH"": 1.0}, ""rejected"": [], ""verdict"": ""H14-health: no departure from the prediction was detected"", ""bkl_zero_offset"": {""verdict"": ""pass"", ""expected"": 3000, ""replications"": 3000, ""infeasible_start"": 3000, ""mismatches"": [], ""missing"": []}}",[]
23,UKL,200,32000,TH,200,200,0.0,0.014867039231272054,"{""ok"": 200}",1.0,1.0,1.0,1.0,3.5706256899873585,58689.280333743074,0.9224791683291577,0.9225540176470544,0.9247091791568798,0.0,0.0,200,0,1.459905564723188e-05,0,"{""verdict"": ""no violation"", ""violations"": 0, ""checked"": 27448, ""violating_cells"": []}","{""slopes"": [{""generator"": ""SQ"", ""p_c"": 50, ""slope"": -0.37387744893943003, ""lo"": -0.38204560748021754, ""hi"": -0.3656656886490169, ""intersects"": true}, {""generator"": ""SQ"", ""p_c"": 200, ""slope"": -0.3630240734188334, ""lo"": -0.3700524449828918, ""hi"": -0.35598837640050307, ""intersects"": true}, {""generator"": ""SQ"", ""p_c"": 800, ""slope"": -0.3420416645418425, ""lo"": -0.3479978577657304, ""hi"": -0.3358800925209334, ""intersects"": false}, {""generator"": ""UKL"", ""p_c"": 50, ""slope"": -0.4568061703848367, ""lo"": -0.4652538888003753, ""hi"": -0.44842177415408196, ""intersects"": true}, {""generator"": ""UKL"", ""p_c"": 200, ""slope"": -0.4555670306078159, ""lo"": -0.46316886778399097, ""hi"": -0.447775703849196, ""intersects"": true}, {""generator"": ""UKL"", ""p_c"": 800, ""slope"": -0.46269340659628444, ""lo"": -0.46997582070031146, ""hi"": -0.4555881153024492, ""intersects"": true}, {""generator"": ""BP"", ""p_c"": 50, ""slope"": -0.39263053619822913, ""lo"": -0.40009686121742893, ""hi"": -0.3850923790781503, ""intersects"": true}, {""generator"": ""BP"", ""p_c"": 200, ""slope"": -0.3956786453174106, ""lo"": -0.40234794273824365, ""hi"": -0.3888287183068256, ""intersects"": true}, {""generator"": ""BP"", ""p_c"": 800, ""slope"": -0.3904151304230434, ""lo"": -0.3963248349564689, ""hi"": -0.3845194345684493, ""intersects"": true}, {""generator"": ""BKL"", ""p_c"": 50, ""slope"": -0.2716605165364226, ""lo"": -0.2782109477822056, ""hi"": -0.264790285226348, ""intersects"": false}, {""generator"": ""BKL"", ""p_c"": 200, ""slope"": -0.22858791151984645, ""lo"": -0.23406550695731218, ""hi"": -0.22319437726683475, ""intersects"": false}, {""generator"": ""BKL"", ""p_c"": 800, ""slope"": -0.18599097556953456, ""lo"": -0.19090654823264008, ""hi"": -0.1810761635318152, ""intersects"": false}], ""ratios"": [{""generator"": ""SQ"", ""ratio"": 1.1669286866466106, ""lo"": 1.1555528846250227, ""hi"": 1.1785271747931854, ""below_limit"": true}, {""generator"": ""UKL"", ""ratio"": 1.1783067953267283, ""lo"": 1.1647303012157761, ""hi"": 1.1924567982824075, ""below_limit"": true}, {""generator"": ""BP"", ""ratio"": 1.1621284425783103, ""lo"": 1.1513730346281459, ""hi"": 1.1731592855942279, ""below_limit"": true}, {""generator"": ""BKL"", ""ratio"": 1.1524930865497358, ""lo"": 1.1404872046601389, ""hi"": 1.1642952261699173, ""below_limit"": true}], ""verdict"": ""negative"", ""failed"": [""slope|SQ|p_c=800"", ""slope|BKL|p_c=50"", ""slope|BKL|p_c=200"", ""slope|BKL|p_c=800""], ""incomplete"": []}","{""failures"": {""SQ|SN"": [0, 3000], ""SQ|TH"": [0, 3000], ""SQ|LTH"": [0, 3000], ""UKL|SN"": [0, 3000], ""UKL|TH"": [0, 3000], ""UKL|LTH"": [0, 3000], ""BP|SN"": [0, 3000], ""BP|TH"": [0, 3000], ""BP|LTH"": [0, 3000], ""BKL|SN"": [0, 3000], ""BKL|TH"": [0, 3000], ""BKL|LTH"": [0, 3000]}, ""pvalues"": {""SQ|SN"": 1.0, ""SQ|TH"": 1.0, ""SQ|LTH"": 1.0, ""UKL|SN"": 1.0, ""UKL|TH"": 1.0, ""UKL|LTH"": 1.0, ""BP|SN"": 1.0, ""BP|TH"": 1.0, ""BP|LTH"": 1.0, ""BKL|SN"": 1.0, ""BKL|TH"": 1.0, ""BKL|LTH"": 1.0}, ""rejected"": [], ""verdict"": ""H14-health: no departure from the prediction was detected"", ""bkl_zero_offset"": {""verdict"": ""pass"", ""expected"": 3000, ""replications"": 3000, ""infeasible_start"": 3000, ""mismatches"": [], ""missing"": []}}",[]
23,UKL,200,32000,LTH,200,200,0.0,0.014867039231272054,"{""ok"": 200}",1.0,1.0,1.0,1.0,0.11130366498281573,1829.4642349847154,0.35321501457898086,0.3533870207634411,0.41218512051464645,4.0,0.0,200,0,0.00013138422286219876,0,"{""verdict"": ""no violation"", ""violations"": 0, ""checked"": 27448, ""violating_cells"": []}","{""slopes"": [{""generator"": ""SQ"", ""p_c"": 50, ""slope"": -0.37387744893943003, ""lo"": -0.38204560748021754, ""hi"": -0.3656656886490169, ""intersects"": true}, {""generator"": ""SQ"", ""p_c"": 200, ""slope"": -0.3630240734188334, ""lo"": -0.3700524449828918, ""hi"": -0.35598837640050307, ""intersects"": true}, {""generator"": ""SQ"", ""p_c"": 800, ""slope"": -0.3420416645418425, ""lo"": -0.3479978577657304, ""hi"": -0.3358800925209334, ""intersects"": false}, {""generator"": ""UKL"", ""p_c"": 50, ""slope"": -0.4568061703848367, ""lo"": -0.4652538888003753, ""hi"": -0.44842177415408196, ""intersects"": true}, {""generator"": ""UKL"", ""p_c"": 200, ""slope"": -0.4555670306078159, ""lo"": -0.46316886778399097, ""hi"": -0.447775703849196, ""intersects"": true}, {""generator"": ""UKL"", ""p_c"": 800, ""slope"": -0.46269340659628444, ""lo"": -0.46997582070031146, ""hi"": -0.4555881153024492, ""intersects"": true}, {""generator"": ""BP"", ""p_c"": 50, ""slope"": -0.39263053619822913, ""lo"": -0.40009686121742893, ""hi"": -0.3850923790781503, ""intersects"": true}, {""generator"": ""BP"", ""p_c"": 200, ""slope"": -0.3956786453174106, ""lo"": -0.40234794273824365, ""hi"": -0.3888287183068256, ""intersects"": true}, {""generator"": ""BP"", ""p_c"": 800, ""slope"": -0.3904151304230434, ""lo"": -0.3963248349564689, ""hi"": -0.3845194345684493, ""intersects"": true}, {""generator"": ""BKL"", ""p_c"": 50, ""slope"": -0.2716605165364226, ""lo"": -0.2782109477822056, ""hi"": -0.264790285226348, ""intersects"": false}, {""generator"": ""BKL"", ""p_c"": 200, ""slope"": -0.22858791151984645, ""lo"": -0.23406550695731218, ""hi"": -0.22319437726683475, ""intersects"": false}, {""generator"": ""BKL"", ""p_c"": 800, ""slope"": -0.18599097556953456, ""lo"": -0.19090654823264008, ""hi"": -0.1810761635318152, ""intersects"": false}], ""ratios"": [{""generator"": ""SQ"", ""ratio"": 1.1669286866466106, ""lo"": 1.1555528846250227, ""hi"": 1.1785271747931854, ""below_limit"": true}, {""generator"": ""UKL"", ""ratio"": 1.1783067953267283, ""lo"": 1.1647303012157761, ""hi"": 1.1924567982824075, ""below_limit"": true}, {""generator"": ""BP"", ""ratio"": 1.1621284425783103, ""lo"": 1.1513730346281459, ""hi"": 1.1731592855942279, ""below_limit"": true}, {""generator"": ""BKL"", ""ratio"": 1.1524930865497358, ""lo"": 1.1404872046601389, ""hi"": 1.1642952261699173, ""below_limit"": true}], ""verdict"": ""negative"", ""failed"": [""slope|SQ|p_c=800"", ""slope|BKL|p_c=50"", ""slope|BKL|p_c=200"", ""slope|BKL|p_c=800""], ""incomplete"": []}","{""failures"": {""SQ|SN"": [0, 3000], ""SQ|TH"": [0, 3000], ""SQ|LTH"": [0, 3000], ""UKL|SN"": [0, 3000], ""UKL|TH"": [0, 3000], ""UKL|LTH"": [0, 3000], ""BP|SN"": [0, 3000], ""BP|TH"": [0, 3000], ""BP|LTH"": [0, 3000], ""BKL|SN"": [0, 3000], ""BKL|TH"": [0, 3000], ""BKL|LTH"": [0, 3000]}, ""pvalues"": {""SQ|SN"": 1.0, ""SQ|TH"": 1.0, ""SQ|LTH"": 1.0, ""UKL|SN"": 1.0, ""UKL|TH"": 1.0, ""UKL|LTH"": 1.0, ""BP|SN"": 1.0, ""BP|TH"": 1.0, ""BP|LTH"": 1.0, ""BKL|SN"": 1.0, ""BKL|TH"": 1.0, ""BKL|LTH"": 1.0}, ""rejected"": [], ""verdict"": ""H14-health: no departure from the prediction was detected"", ""bkl_zero_offset"": {""verdict"": ""pass"", ""expected"": 3000, ""replications"": 3000, ""infeasible_start"": 3000, ""mismatches"": [], ""missing"": []}}",[]
24,UKL,200,64000,SN,200,200,0.0,0.014867039231272054,"{""ok"": 200}",0.99,1.0,1.0,0.99,0.07915563859007596,1301.0569761586703,0.2614607228348598,0.26212330650831406,0.3016560264595697,4.0,0.0,198,0,0.0,0,"{""verdict"": ""no violation"", ""violations"": 0, ""checked"": 27448, ""violating_cells"": []}","{""slopes"": [{""generator"": ""SQ"", ""p_c"": 50, ""slope"": -0.37387744893943003, ""lo"": -0.38204560748021754, ""hi"": -0.3656656886490169, ""intersects"": true}, {""generator"": ""SQ"", ""p_c"": 200, ""slope"": -0.3630240734188334, ""lo"": -0.3700524449828918, ""hi"": -0.35598837640050307, ""intersects"": true}, {""generator"": ""SQ"", ""p_c"": 800, ""slope"": -0.3420416645418425, ""lo"": -0.3479978577657304, ""hi"": -0.3358800925209334, ""intersects"": false}, {""generator"": ""UKL"", ""p_c"": 50, ""slope"": -0.4568061703848367, ""lo"": -0.4652538888003753, ""hi"": -0.44842177415408196, ""intersects"": true}, {""generator"": ""UKL"", ""p_c"": 200, ""slope"": -0.4555670306078159, ""lo"": -0.46316886778399097, ""hi"": -0.447775703849196, ""intersects"": true}, {""generator"": ""UKL"", ""p_c"": 800, ""slope"": -0.46269340659628444, ""lo"": -0.46997582070031146, ""hi"": -0.4555881153024492, ""intersects"": true}, {""generator"": ""BP"", ""p_c"": 50, ""slope"": -0.39263053619822913, ""lo"": -0.40009686121742893, ""hi"": -0.3850923790781503, ""intersects"": true}, {""generator"": ""BP"", ""p_c"": 200, ""slope"": -0.3956786453174106, ""lo"": -0.40234794273824365, ""hi"": -0.3888287183068256, ""intersects"": true}, {""generator"": ""BP"", ""p_c"": 800, ""slope"": -0.3904151304230434, ""lo"": -0.3963248349564689, ""hi"": -0.3845194345684493, ""intersects"": true}, {""generator"": ""BKL"", ""p_c"": 50, ""slope"": -0.2716605165364226, ""lo"": -0.2782109477822056, ""hi"": -0.264790285226348, ""intersects"": false}, {""generator"": ""BKL"", ""p_c"": 200, ""slope"": -0.22858791151984645, ""lo"": -0.23406550695731218, ""hi"": -0.22319437726683475, ""intersects"": false}, {""generator"": ""BKL"", ""p_c"": 800, ""slope"": -0.18599097556953456, ""lo"": -0.19090654823264008, ""hi"": -0.1810761635318152, ""intersects"": false}], ""ratios"": [{""generator"": ""SQ"", ""ratio"": 1.1669286866466106, ""lo"": 1.1555528846250227, ""hi"": 1.1785271747931854, ""below_limit"": true}, {""generator"": ""UKL"", ""ratio"": 1.1783067953267283, ""lo"": 1.1647303012157761, ""hi"": 1.1924567982824075, ""below_limit"": true}, {""generator"": ""BP"", ""ratio"": 1.1621284425783103, ""lo"": 1.1513730346281459, ""hi"": 1.1731592855942279, ""below_limit"": true}, {""generator"": ""BKL"", ""ratio"": 1.1524930865497358, ""lo"": 1.1404872046601389, ""hi"": 1.1642952261699173, ""below_limit"": true}], ""verdict"": ""negative"", ""failed"": [""slope|SQ|p_c=800"", ""slope|BKL|p_c=50"", ""slope|BKL|p_c=200"", ""slope|BKL|p_c=800""], ""incomplete"": []}","{""failures"": {""SQ|SN"": [0, 3000], ""SQ|TH"": [0, 3000], ""SQ|LTH"": [0, 3000], ""UKL|SN"": [0, 3000], ""UKL|TH"": [0, 3000], ""UKL|LTH"": [0, 3000], ""BP|SN"": [0, 3000], ""BP|TH"": [0, 3000], ""BP|LTH"": [0, 3000], ""BKL|SN"": [0, 3000], ""BKL|TH"": [0, 3000], ""BKL|LTH"": [0, 3000]}, ""pvalues"": {""SQ|SN"": 1.0, ""SQ|TH"": 1.0, ""SQ|LTH"": 1.0, ""UKL|SN"": 1.0, ""UKL|TH"": 1.0, ""UKL|LTH"": 1.0, ""BP|SN"": 1.0, ""BP|TH"": 1.0, ""BP|LTH"": 1.0, ""BKL|SN"": 1.0, ""BKL|TH"": 1.0, ""BKL|LTH"": 1.0}, ""rejected"": [], ""verdict"": ""H14-health: no departure from the prediction was detected"", ""bkl_zero_offset"": {""verdict"": ""pass"", ""expected"": 3000, ""replications"": 3000, ""infeasible_start"": 3000, ""mismatches"": [], ""missing"": []}}",[]
24,UKL,200,64000,TH,200,200,0.0,0.014867039231272054,"{""ok"": 200}",1.0,1.0,1.0,1.0,2.5248136384689563,41499.58810694801,0.9224791683291577,0.9225540176470544,0.9247091791568798,0.0,0.0,200,0,2.064618249415485e-05,0,"{""verdict"": ""no violation"", ""violations"": 0, ""checked"": 27448, ""violating_cells"": []}","{""slopes"": [{""generator"": ""SQ"", ""p_c"": 50, ""slope"": -0.37387744893943003, ""lo"": -0.38204560748021754, ""hi"": -0.3656656886490169, ""intersects"": true}, {""generator"": ""SQ"", ""p_c"": 200, ""slope"": -0.3630240734188334, ""lo"": -0.3700524449828918, ""hi"": -0.35598837640050307, ""intersects"": true}, {""generator"": ""SQ"", ""p_c"": 800, ""slope"": -0.3420416645418425, ""lo"": -0.3479978577657304, ""hi"": -0.3358800925209334, ""intersects"": false}, {""generator"": ""UKL"", ""p_c"": 50, ""slope"": -0.4568061703848367, ""lo"": -0.4652538888003753, ""hi"": -0.44842177415408196, ""intersects"": true}, {""generator"": ""UKL"", ""p_c"": 200, ""slope"": -0.4555670306078159, ""lo"": -0.46316886778399097, ""hi"": -0.447775703849196, ""intersects"": true}, {""generator"": ""UKL"", ""p_c"": 800, ""slope"": -0.46269340659628444, ""lo"": -0.46997582070031146, ""hi"": -0.4555881153024492, ""intersects"": true}, {""generator"": ""BP"", ""p_c"": 50, ""slope"": -0.39263053619822913, ""lo"": -0.40009686121742893, ""hi"": -0.3850923790781503, ""intersects"": true}, {""generator"": ""BP"", ""p_c"": 200, ""slope"": -0.3956786453174106, ""lo"": -0.40234794273824365, ""hi"": -0.3888287183068256, ""intersects"": true}, {""generator"": ""BP"", ""p_c"": 800, ""slope"": -0.3904151304230434, ""lo"": -0.3963248349564689, ""hi"": -0.3845194345684493, ""intersects"": true}, {""generator"": ""BKL"", ""p_c"": 50, ""slope"": -0.2716605165364226, ""lo"": -0.2782109477822056, ""hi"": -0.264790285226348, ""intersects"": false}, {""generator"": ""BKL"", ""p_c"": 200, ""slope"": -0.22858791151984645, ""lo"": -0.23406550695731218, ""hi"": -0.22319437726683475, ""intersects"": false}, {""generator"": ""BKL"", ""p_c"": 800, ""slope"": -0.18599097556953456, ""lo"": -0.19090654823264008, ""hi"": -0.1810761635318152, ""intersects"": false}], ""ratios"": [{""generator"": ""SQ"", ""ratio"": 1.1669286866466106, ""lo"": 1.1555528846250227, ""hi"": 1.1785271747931854, ""below_limit"": true}, {""generator"": ""UKL"", ""ratio"": 1.1783067953267283, ""lo"": 1.1647303012157761, ""hi"": 1.1924567982824075, ""below_limit"": true}, {""generator"": ""BP"", ""ratio"": 1.1621284425783103, ""lo"": 1.1513730346281459, ""hi"": 1.1731592855942279, ""below_limit"": true}, {""generator"": ""BKL"", ""ratio"": 1.1524930865497358, ""lo"": 1.1404872046601389, ""hi"": 1.1642952261699173, ""below_limit"": true}], ""verdict"": ""negative"", ""failed"": [""slope|SQ|p_c=800"", ""slope|BKL|p_c=50"", ""slope|BKL|p_c=200"", ""slope|BKL|p_c=800""], ""incomplete"": []}","{""failures"": {""SQ|SN"": [0, 3000], ""SQ|TH"": [0, 3000], ""SQ|LTH"": [0, 3000], ""UKL|SN"": [0, 3000], ""UKL|TH"": [0, 3000], ""UKL|LTH"": [0, 3000], ""BP|SN"": [0, 3000], ""BP|TH"": [0, 3000], ""BP|LTH"": [0, 3000], ""BKL|SN"": [0, 3000], ""BKL|TH"": [0, 3000], ""BKL|LTH"": [0, 3000]}, ""pvalues"": {""SQ|SN"": 1.0, ""SQ|TH"": 1.0, ""SQ|LTH"": 1.0, ""UKL|SN"": 1.0, ""UKL|TH"": 1.0, ""UKL|LTH"": 1.0, ""BP|SN"": 1.0, ""BP|TH"": 1.0, ""BP|LTH"": 1.0, ""BKL|SN"": 1.0, ""BKL|TH"": 1.0, ""BKL|LTH"": 1.0}, ""rejected"": [], ""verdict"": ""H14-health: no departure from the prediction was detected"", ""bkl_zero_offset"": {""verdict"": ""pass"", ""expected"": 3000, ""replications"": 3000, ""infeasible_start"": 3000, ""mismatches"": [], ""missing"": []}}",[]
24,UKL,200,64000,LTH,200,200,0.0,0.014867039231272054,"{""ok"": 200}",0.995,1.0,1.0,0.995,0.08023404151927319,1318.78235465518,0.2646030251126151,0.2652293709063029,0.30216604430726995,4.0,0.0,199,0,0.0,0,"{""verdict"": ""no violation"", ""violations"": 0, ""checked"": 27448, ""violating_cells"": []}","{""slopes"": [{""generator"": ""SQ"", ""p_c"": 50, ""slope"": -0.37387744893943003, ""lo"": -0.38204560748021754, ""hi"": -0.3656656886490169, ""intersects"": true}, {""generator"": ""SQ"", ""p_c"": 200, ""slope"": -0.3630240734188334, ""lo"": -0.3700524449828918, ""hi"": -0.35598837640050307, ""intersects"": true}, {""generator"": ""SQ"", ""p_c"": 800, ""slope"": -0.3420416645418425, ""lo"": -0.3479978577657304, ""hi"": -0.3358800925209334, ""intersects"": false}, {""generator"": ""UKL"", ""p_c"": 50, ""slope"": -0.4568061703848367, ""lo"": -0.4652538888003753, ""hi"": -0.44842177415408196, ""intersects"": true}, {""generator"": ""UKL"", ""p_c"": 200, ""slope"": -0.4555670306078159, ""lo"": -0.46316886778399097, ""hi"": -0.447775703849196, ""intersects"": true}, {""generator"": ""UKL"", ""p_c"": 800, ""slope"": -0.46269340659628444, ""lo"": -0.46997582070031146, ""hi"": -0.4555881153024492, ""intersects"": true}, {""generator"": ""BP"", ""p_c"": 50, ""slope"": -0.39263053619822913, ""lo"": -0.40009686121742893, ""hi"": -0.3850923790781503, ""intersects"": true}, {""generator"": ""BP"", ""p_c"": 200, ""slope"": -0.3956786453174106, ""lo"": -0.40234794273824365, ""hi"": -0.3888287183068256, ""intersects"": true}, {""generator"": ""BP"", ""p_c"": 800, ""slope"": -0.3904151304230434, ""lo"": -0.3963248349564689, ""hi"": -0.3845194345684493, ""intersects"": true}, {""generator"": ""BKL"", ""p_c"": 50, ""slope"": -0.2716605165364226, ""lo"": -0.2782109477822056, ""hi"": -0.264790285226348, ""intersects"": false}, {""generator"": ""BKL"", ""p_c"": 200, ""slope"": -0.22858791151984645, ""lo"": -0.23406550695731218, ""hi"": -0.22319437726683475, ""intersects"": false}, {""generator"": ""BKL"", ""p_c"": 800, ""slope"": -0.18599097556953456, ""lo"": -0.19090654823264008, ""hi"": -0.1810761635318152, ""intersects"": false}], ""ratios"": [{""generator"": ""SQ"", ""ratio"": 1.1669286866466106, ""lo"": 1.1555528846250227, ""hi"": 1.1785271747931854, ""below_limit"": true}, {""generator"": ""UKL"", ""ratio"": 1.1783067953267283, ""lo"": 1.1647303012157761, ""hi"": 1.1924567982824075, ""below_limit"": true}, {""generator"": ""BP"", ""ratio"": 1.1621284425783103, ""lo"": 1.1513730346281459, ""hi"": 1.1731592855942279, ""below_limit"": true}, {""generator"": ""BKL"", ""ratio"": 1.1524930865497358, ""lo"": 1.1404872046601389, ""hi"": 1.1642952261699173, ""below_limit"": true}], ""verdict"": ""negative"", ""failed"": [""slope|SQ|p_c=800"", ""slope|BKL|p_c=50"", ""slope|BKL|p_c=200"", ""slope|BKL|p_c=800""], ""incomplete"": []}","{""failures"": {""SQ|SN"": [0, 3000], ""SQ|TH"": [0, 3000], ""SQ|LTH"": [0, 3000], ""UKL|SN"": [0, 3000], ""UKL|TH"": [0, 3000], ""UKL|LTH"": [0, 3000], ""BP|SN"": [0, 3000], ""BP|TH"": [0, 3000], ""BP|LTH"": [0, 3000], ""BKL|SN"": [0, 3000], ""BKL|TH"": [0, 3000], ""BKL|LTH"": [0, 3000]}, ""pvalues"": {""SQ|SN"": 1.0, ""SQ|TH"": 1.0, ""SQ|LTH"": 1.0, ""UKL|SN"": 1.0, ""UKL|TH"": 1.0, ""UKL|LTH"": 1.0, ""BP|SN"": 1.0, ""BP|TH"": 1.0, ""BP|LTH"": 1.0, ""BKL|SN"": 1.0, ""BKL|TH"": 1.0, ""BKL|LTH"": 1.0}, ""rejected"": [], ""verdict"": ""H14-health: no departure from the prediction was detected"", ""bkl_zero_offset"": {""verdict"": ""pass"", ""expected"": 3000, ""replications"": 3000, ""infeasible_start"": 3000, ""mismatches"": [], ""missing"": []}}",[]
25,UKL,800,4000,SN,200,200,0.0,0.014867039231272054,"{""ok"": 200}",0.995,0.93,0.0,0.0,0.34668919565196865,5698.424074344887,0.8348922312512235,0.837513051140697,0.8998820201020048,2.0,0.0,0,0,,0,"{""verdict"": ""no violation"", ""violations"": 0, ""checked"": 27448, ""violating_cells"": []}","{""slopes"": [{""generator"": ""SQ"", ""p_c"": 50, ""slope"": -0.37387744893943003, ""lo"": -0.38204560748021754, ""hi"": -0.3656656886490169, ""intersects"": true}, {""generator"": ""SQ"", ""p_c"": 200, ""slope"": -0.3630240734188334, ""lo"": -0.3700524449828918, ""hi"": -0.35598837640050307, ""intersects"": true}, {""generator"": ""SQ"", ""p_c"": 800, ""slope"": -0.3420416645418425, ""lo"": -0.3479978577657304, ""hi"": -0.3358800925209334, ""intersects"": false}, {""generator"": ""UKL"", ""p_c"": 50, ""slope"": -0.4568061703848367, ""lo"": -0.4652538888003753, ""hi"": -0.44842177415408196, ""intersects"": true}, {""generator"": ""UKL"", ""p_c"": 200, ""slope"": -0.4555670306078159, ""lo"": -0.46316886778399097, ""hi"": -0.447775703849196, ""intersects"": true}, {""generator"": ""UKL"", ""p_c"": 800, ""slope"": -0.46269340659628444, ""lo"": -0.46997582070031146, ""hi"": -0.4555881153024492, ""intersects"": true}, {""generator"": ""BP"", ""p_c"": 50, ""slope"": -0.39263053619822913, ""lo"": -0.40009686121742893, ""hi"": -0.3850923790781503, ""intersects"": true}, {""generator"": ""BP"", ""p_c"": 200, ""slope"": -0.3956786453174106, ""lo"": -0.40234794273824365, ""hi"": -0.3888287183068256, ""intersects"": true}, {""generator"": ""BP"", ""p_c"": 800, ""slope"": -0.3904151304230434, ""lo"": -0.3963248349564689, ""hi"": -0.3845194345684493, ""intersects"": true}, {""generator"": ""BKL"", ""p_c"": 50, ""slope"": -0.2716605165364226, ""lo"": -0.2782109477822056, ""hi"": -0.264790285226348, ""intersects"": false}, {""generator"": ""BKL"", ""p_c"": 200, ""slope"": -0.22858791151984645, ""lo"": -0.23406550695731218, ""hi"": -0.22319437726683475, ""intersects"": false}, {""generator"": ""BKL"", ""p_c"": 800, ""slope"": -0.18599097556953456, ""lo"": -0.19090654823264008, ""hi"": -0.1810761635318152, ""intersects"": false}], ""ratios"": [{""generator"": ""SQ"", ""ratio"": 1.1669286866466106, ""lo"": 1.1555528846250227, ""hi"": 1.1785271747931854, ""below_limit"": true}, {""generator"": ""UKL"", ""ratio"": 1.1783067953267283, ""lo"": 1.1647303012157761, ""hi"": 1.1924567982824075, ""below_limit"": true}, {""generator"": ""BP"", ""ratio"": 1.1621284425783103, ""lo"": 1.1513730346281459, ""hi"": 1.1731592855942279, ""below_limit"": true}, {""generator"": ""BKL"", ""ratio"": 1.1524930865497358, ""lo"": 1.1404872046601389, ""hi"": 1.1642952261699173, ""below_limit"": true}], ""verdict"": ""negative"", ""failed"": [""slope|SQ|p_c=800"", ""slope|BKL|p_c=50"", ""slope|BKL|p_c=200"", ""slope|BKL|p_c=800""], ""incomplete"": []}","{""failures"": {""SQ|SN"": [0, 3000], ""SQ|TH"": [0, 3000], ""SQ|LTH"": [0, 3000], ""UKL|SN"": [0, 3000], ""UKL|TH"": [0, 3000], ""UKL|LTH"": [0, 3000], ""BP|SN"": [0, 3000], ""BP|TH"": [0, 3000], ""BP|LTH"": [0, 3000], ""BKL|SN"": [0, 3000], ""BKL|TH"": [0, 3000], ""BKL|LTH"": [0, 3000]}, ""pvalues"": {""SQ|SN"": 1.0, ""SQ|TH"": 1.0, ""SQ|LTH"": 1.0, ""UKL|SN"": 1.0, ""UKL|TH"": 1.0, ""UKL|LTH"": 1.0, ""BP|SN"": 1.0, ""BP|TH"": 1.0, ""BP|LTH"": 1.0, ""BKL|SN"": 1.0, ""BKL|TH"": 1.0, ""BKL|LTH"": 1.0}, ""rejected"": [], ""verdict"": ""H14-health: no departure from the prediction was detected"", ""bkl_zero_offset"": {""verdict"": ""pass"", ""expected"": 3000, ""replications"": 3000, ""infeasible_start"": 3000, ""mismatches"": [], ""missing"": []}}",[]
25,UKL,800,4000,TH,200,200,0.0,0.014867039231272054,"{""ok"": 200}",1.0,0.93,0.0,0.0,10.845551445101547,178265.00574409147,0.9224791683291577,0.9225540176470544,0.9247091791568798,0.0,0.0,0,0,,0,"{""verdict"": ""no violation"", ""violations"": 0, ""checked"": 27448, ""violating_cells"": []}","{""slopes"": [{""generator"": ""SQ"", ""p_c"": 50, ""slope"": -0.37387744893943003, ""lo"": -0.38204560748021754, ""hi"": -0.3656656886490169, ""intersects"": true}, {""generator"": ""SQ"", ""p_c"": 200, ""slope"": -0.3630240734188334, ""lo"": -0.3700524449828918, ""hi"": -0.35598837640050307, ""intersects"": true}, {""generator"": ""SQ"", ""p_c"": 800, ""slope"": -0.3420416645418425, ""lo"": -0.3479978577657304, ""hi"": -0.3358800925209334, ""intersects"": false}, {""generator"": ""UKL"", ""p_c"": 50, ""slope"": -0.4568061703848367, ""lo"": -0.4652538888003753, ""hi"": -0.44842177415408196, ""intersects"": true}, {""generator"": ""UKL"", ""p_c"": 200, ""slope"": -0.4555670306078159, ""lo"": -0.46316886778399097, ""hi"": -0.447775703849196, ""intersects"": true}, {""generator"": ""UKL"", ""p_c"": 800, ""slope"": -0.46269340659628444, ""lo"": -0.46997582070031146, ""hi"": -0.4555881153024492, ""intersects"": true}, {""generator"": ""BP"", ""p_c"": 50, ""slope"": -0.39263053619822913, ""lo"": -0.40009686121742893, ""hi"": -0.3850923790781503, ""intersects"": true}, {""generator"": ""BP"", ""p_c"": 200, ""slope"": -0.3956786453174106, ""lo"": -0.40234794273824365, ""hi"": -0.3888287183068256, ""intersects"": true}, {""generator"": ""BP"", ""p_c"": 800, ""slope"": -0.3904151304230434, ""lo"": -0.3963248349564689, ""hi"": -0.3845194345684493, ""intersects"": true}, {""generator"": ""BKL"", ""p_c"": 50, ""slope"": -0.2716605165364226, ""lo"": -0.2782109477822056, ""hi"": -0.264790285226348, ""intersects"": false}, {""generator"": ""BKL"", ""p_c"": 200, ""slope"": -0.22858791151984645, ""lo"": -0.23406550695731218, ""hi"": -0.22319437726683475, ""intersects"": false}, {""generator"": ""BKL"", ""p_c"": 800, ""slope"": -0.18599097556953456, ""lo"": -0.19090654823264008, ""hi"": -0.1810761635318152, ""intersects"": false}], ""ratios"": [{""generator"": ""SQ"", ""ratio"": 1.1669286866466106, ""lo"": 1.1555528846250227, ""hi"": 1.1785271747931854, ""below_limit"": true}, {""generator"": ""UKL"", ""ratio"": 1.1783067953267283, ""lo"": 1.1647303012157761, ""hi"": 1.1924567982824075, ""below_limit"": true}, {""generator"": ""BP"", ""ratio"": 1.1621284425783103, ""lo"": 1.1513730346281459, ""hi"": 1.1731592855942279, ""below_limit"": true}, {""generator"": ""BKL"", ""ratio"": 1.1524930865497358, ""lo"": 1.1404872046601389, ""hi"": 1.1642952261699173, ""below_limit"": true}], ""verdict"": ""negative"", ""failed"": [""slope|SQ|p_c=800"", ""slope|BKL|p_c=50"", ""slope|BKL|p_c=200"", ""slope|BKL|p_c=800""], ""incomplete"": []}","{""failures"": {""SQ|SN"": [0, 3000], ""SQ|TH"": [0, 3000], ""SQ|LTH"": [0, 3000], ""UKL|SN"": [0, 3000], ""UKL|TH"": [0, 3000], ""UKL|LTH"": [0, 3000], ""BP|SN"": [0, 3000], ""BP|TH"": [0, 3000], ""BP|LTH"": [0, 3000], ""BKL|SN"": [0, 3000], ""BKL|TH"": [0, 3000], ""BKL|LTH"": [0, 3000]}, ""pvalues"": {""SQ|SN"": 1.0, ""SQ|TH"": 1.0, ""SQ|LTH"": 1.0, ""UKL|SN"": 1.0, ""UKL|TH"": 1.0, ""UKL|LTH"": 1.0, ""BP|SN"": 1.0, ""BP|TH"": 1.0, ""BP|LTH"": 1.0, ""BKL|SN"": 1.0, ""BKL|TH"": 1.0, ""BKL|LTH"": 1.0}, ""rejected"": [], ""verdict"": ""H14-health: no departure from the prediction was detected"", ""bkl_zero_offset"": {""verdict"": ""pass"", ""expected"": 3000, ""replications"": 3000, ""infeasible_start"": 3000, ""mismatches"": [], ""missing"": []}}",[]
25,UKL,800,4000,LTH,200,200,0.0,0.014867039231272054,"{""ok"": 200}",0.99,0.93,0.0,0.0,0.3246643075508844,5336.40773762592,0.8090533031075091,0.8098264852025375,0.8731723107169023,2.0,0.0,0,0,,0,"{""verdict"": ""no violation"", ""violations"": 0, ""checked"": 27448, ""violating_cells"": []}","{""slopes"": [{""generator"": ""SQ"", ""p_c"": 50, ""slope"": -0.37387744893943003, ""lo"": -0.38204560748021754, ""hi"": -0.3656656886490169, ""intersects"": true}, {""generator"": ""SQ"", ""p_c"": 200, ""slope"": -0.3630240734188334, ""lo"": -0.3700524449828918, ""hi"": -0.35598837640050307, ""intersects"": true}, {""generator"": ""SQ"", ""p_c"": 800, ""slope"": -0.3420416645418425, ""lo"": -0.3479978577657304, ""hi"": -0.3358800925209334, ""intersects"": false}, {""generator"": ""UKL"", ""p_c"": 50, ""slope"": -0.4568061703848367, ""lo"": -0.4652538888003753, ""hi"": -0.44842177415408196, ""intersects"": true}, {""generator"": ""UKL"", ""p_c"": 200, ""slope"": -0.4555670306078159, ""lo"": -0.46316886778399097, ""hi"": -0.447775703849196, ""intersects"": true}, {""generator"": ""UKL"", ""p_c"": 800, ""slope"": -0.46269340659628444, ""lo"": -0.46997582070031146, ""hi"": -0.4555881153024492, ""intersects"": true}, {""generator"": ""BP"", ""p_c"": 50, ""slope"": -0.39263053619822913, ""lo"": -0.40009686121742893, ""hi"": -0.3850923790781503, ""intersects"": true}, {""generator"": ""BP"", ""p_c"": 200, ""slope"": -0.3956786453174106, ""lo"": -0.40234794273824365, ""hi"": -0.3888287183068256, ""intersects"": true}, {""generator"": ""BP"", ""p_c"": 800, ""slope"": -0.3904151304230434, ""lo"": -0.3963248349564689, ""hi"": -0.3845194345684493, ""intersects"": true}, {""generator"": ""BKL"", ""p_c"": 50, ""slope"": -0.2716605165364226, ""lo"": -0.2782109477822056, ""hi"": -0.264790285226348, ""intersects"": false}, {""generator"": ""BKL"", ""p_c"": 200, ""slope"": -0.22858791151984645, ""lo"": -0.23406550695731218, ""hi"": -0.22319437726683475, ""intersects"": false}, {""generator"": ""BKL"", ""p_c"": 800, ""slope"": -0.18599097556953456, ""lo"": -0.19090654823264008, ""hi"": -0.1810761635318152, ""intersects"": false}], ""ratios"": [{""generator"": ""SQ"", ""ratio"": 1.1669286866466106, ""lo"": 1.1555528846250227, ""hi"": 1.1785271747931854, ""below_limit"": true}, {""generator"": ""UKL"", ""ratio"": 1.1783067953267283, ""lo"": 1.1647303012157761, ""hi"": 1.1924567982824075, ""below_limit"": true}, {""generator"": ""BP"", ""ratio"": 1.1621284425783103, ""lo"": 1.1513730346281459, ""hi"": 1.1731592855942279, ""below_limit"": true}, {""generator"": ""BKL"", ""ratio"": 1.1524930865497358, ""lo"": 1.1404872046601389, ""hi"": 1.1642952261699173, ""below_limit"": true}], ""verdict"": ""negative"", ""failed"": [""slope|SQ|p_c=800"", ""slope|BKL|p_c=50"", ""slope|BKL|p_c=200"", ""slope|BKL|p_c=800""], ""incomplete"": []}","{""failures"": {""SQ|SN"": [0, 3000], ""SQ|TH"": [0, 3000], ""SQ|LTH"": [0, 3000], ""UKL|SN"": [0, 3000], ""UKL|TH"": [0, 3000], ""UKL|LTH"": [0, 3000], ""BP|SN"": [0, 3000], ""BP|TH"": [0, 3000], ""BP|LTH"": [0, 3000], ""BKL|SN"": [0, 3000], ""BKL|TH"": [0, 3000], ""BKL|LTH"": [0, 3000]}, ""pvalues"": {""SQ|SN"": 1.0, ""SQ|TH"": 1.0, ""SQ|LTH"": 1.0, ""UKL|SN"": 1.0, ""UKL|TH"": 1.0, ""UKL|LTH"": 1.0, ""BP|SN"": 1.0, ""BP|TH"": 1.0, ""BP|LTH"": 1.0, ""BKL|SN"": 1.0, ""BKL|TH"": 1.0, ""BKL|LTH"": 1.0}, ""rejected"": [], ""verdict"": ""H14-health: no departure from the prediction was detected"", ""bkl_zero_offset"": {""verdict"": ""pass"", ""expected"": 3000, ""replications"": 3000, ""infeasible_start"": 3000, ""mismatches"": [], ""missing"": []}}",[]
26,UKL,800,8000,SN,200,200,0.0,0.014867039231272054,"{""ok"": 200}",1.0,1.0,0.0,0.0,0.24471919305873752,4022.37438798086,0.6862938512206334,0.6875203294058059,0.7643572941950605,3.0,0.0,0,0,,0,"{""verdict"": ""no violation"", ""violations"": 0, ""checked"": 27448, ""violating_cells"": []}","{""slopes"": [{""generator"": ""SQ"", ""p_c"": 50, ""slope"": -0.37387744893943003, ""lo"": -0.38204560748021754, ""hi"": -0.3656656886490169, ""intersects"": true}, {""generator"": ""SQ"", ""p_c"": 200, ""slope"": -0.3630240734188334, ""lo"": -0.3700524449828918, ""hi"": -0.35598837640050307, ""intersects"": true}, {""generator"": ""SQ"", ""p_c"": 800, ""slope"": -0.3420416645418425, ""lo"": -0.3479978577657304, ""hi"": -0.3358800925209334, ""intersects"": false}, {""generator"": ""UKL"", ""p_c"": 50, ""slope"": -0.4568061703848367, ""lo"": -0.4652538888003753, ""hi"": -0.44842177415408196, ""intersects"": true}, {""generator"": ""UKL"", ""p_c"": 200, ""slope"": -0.4555670306078159, ""lo"": -0.46316886778399097, ""hi"": -0.447775703849196, ""intersects"": true}, {""generator"": ""UKL"", ""p_c"": 800, ""slope"": -0.46269340659628444, ""lo"": -0.46997582070031146, ""hi"": -0.4555881153024492, ""intersects"": true}, {""generator"": ""BP"", ""p_c"": 50, ""slope"": -0.39263053619822913, ""lo"": -0.40009686121742893, ""hi"": -0.3850923790781503, ""intersects"": true}, {""generator"": ""BP"", ""p_c"": 200, ""slope"": -0.3956786453174106, ""lo"": -0.40234794273824365, ""hi"": -0.3888287183068256, ""intersects"": true}, {""generator"": ""BP"", ""p_c"": 800, ""slope"": -0.3904151304230434, ""lo"": -0.3963248349564689, ""hi"": -0.3845194345684493, ""intersects"": true}, {""generator"": ""BKL"", ""p_c"": 50, ""slope"": -0.2716605165364226, ""lo"": -0.2782109477822056, ""hi"": -0.264790285226348, ""intersects"": false}, {""generator"": ""BKL"", ""p_c"": 200, ""slope"": -0.22858791151984645, ""lo"": -0.23406550695731218, ""hi"": -0.22319437726683475, ""intersects"": false}, {""generator"": ""BKL"", ""p_c"": 800, ""slope"": -0.18599097556953456, ""lo"": -0.19090654823264008, ""hi"": -0.1810761635318152, ""intersects"": false}], ""ratios"": [{""generator"": ""SQ"", ""ratio"": 1.1669286866466106, ""lo"": 1.1555528846250227, ""hi"": 1.1785271747931854, ""below_limit"": true}, {""generator"": ""UKL"", ""ratio"": 1.1783067953267283, ""lo"": 1.1647303012157761, ""hi"": 1.1924567982824075, ""below_limit"": true}, {""generator"": ""BP"", ""ratio"": 1.1621284425783103, ""lo"": 1.1513730346281459, ""hi"": 1.1731592855942279, ""below_limit"": true}, {""generator"": ""BKL"", ""ratio"": 1.1524930865497358, ""lo"": 1.1404872046601389, ""hi"": 1.1642952261699173, ""below_limit"": true}], ""verdict"": ""negative"", ""failed"": [""slope|SQ|p_c=800"", ""slope|BKL|p_c=50"", ""slope|BKL|p_c=200"", ""slope|BKL|p_c=800""], ""incomplete"": []}","{""failures"": {""SQ|SN"": [0, 3000], ""SQ|TH"": [0, 3000], ""SQ|LTH"": [0, 3000], ""UKL|SN"": [0, 3000], ""UKL|TH"": [0, 3000], ""UKL|LTH"": [0, 3000], ""BP|SN"": [0, 3000], ""BP|TH"": [0, 3000], ""BP|LTH"": [0, 3000], ""BKL|SN"": [0, 3000], ""BKL|TH"": [0, 3000], ""BKL|LTH"": [0, 3000]}, ""pvalues"": {""SQ|SN"": 1.0, ""SQ|TH"": 1.0, ""SQ|LTH"": 1.0, ""UKL|SN"": 1.0, ""UKL|TH"": 1.0, ""UKL|LTH"": 1.0, ""BP|SN"": 1.0, ""BP|TH"": 1.0, ""BP|LTH"": 1.0, ""BKL|SN"": 1.0, ""BKL|TH"": 1.0, ""BKL|LTH"": 1.0}, ""rejected"": [], ""verdict"": ""H14-health: no departure from the prediction was detected"", ""bkl_zero_offset"": {""verdict"": ""pass"", ""expected"": 3000, ""replications"": 3000, ""infeasible_start"": 3000, ""mismatches"": [], ""missing"": []}}",[]
26,UKL,800,8000,TH,200,200,0.0,0.014867039231272054,"{""ok"": 200}",1.0,1.0,0.0,0.0,7.668962972538864,126052.39440990592,0.9224791683291577,0.9225540176470544,0.9247091791568798,0.0,0.0,0,0,,0,"{""verdict"": ""no violation"", ""violations"": 0, ""checked"": 27448, ""violating_cells"": []}","{""slopes"": [{""generator"": ""SQ"", ""p_c"": 50, ""slope"": -0.37387744893943003, ""lo"": -0.38204560748021754, ""hi"": -0.3656656886490169, ""intersects"": true}, {""generator"": ""SQ"", ""p_c"": 200, ""slope"": -0.3630240734188334, ""lo"": -0.3700524449828918, ""hi"": -0.35598837640050307, ""intersects"": true}, {""generator"": ""SQ"", ""p_c"": 800, ""slope"": -0.3420416645418425, ""lo"": -0.3479978577657304, ""hi"": -0.3358800925209334, ""intersects"": false}, {""generator"": ""UKL"", ""p_c"": 50, ""slope"": -0.4568061703848367, ""lo"": -0.4652538888003753, ""hi"": -0.44842177415408196, ""intersects"": true}, {""generator"": ""UKL"", ""p_c"": 200, ""slope"": -0.4555670306078159, ""lo"": -0.46316886778399097, ""hi"": -0.447775703849196, ""intersects"": true}, {""generator"": ""UKL"", ""p_c"": 800, ""slope"": -0.46269340659628444, ""lo"": -0.46997582070031146, ""hi"": -0.4555881153024492, ""intersects"": true}, {""generator"": ""BP"", ""p_c"": 50, ""slope"": -0.39263053619822913, ""lo"": -0.40009686121742893, ""hi"": -0.3850923790781503, ""intersects"": true}, {""generator"": ""BP"", ""p_c"": 200, ""slope"": -0.3956786453174106, ""lo"": -0.40234794273824365, ""hi"": -0.3888287183068256, ""intersects"": true}, {""generator"": ""BP"", ""p_c"": 800, ""slope"": -0.3904151304230434, ""lo"": -0.3963248349564689, ""hi"": -0.3845194345684493, ""intersects"": true}, {""generator"": ""BKL"", ""p_c"": 50, ""slope"": -0.2716605165364226, ""lo"": -0.2782109477822056, ""hi"": -0.264790285226348, ""intersects"": false}, {""generator"": ""BKL"", ""p_c"": 200, ""slope"": -0.22858791151984645, ""lo"": -0.23406550695731218, ""hi"": -0.22319437726683475, ""intersects"": false}, {""generator"": ""BKL"", ""p_c"": 800, ""slope"": -0.18599097556953456, ""lo"": -0.19090654823264008, ""hi"": -0.1810761635318152, ""intersects"": false}], ""ratios"": [{""generator"": ""SQ"", ""ratio"": 1.1669286866466106, ""lo"": 1.1555528846250227, ""hi"": 1.1785271747931854, ""below_limit"": true}, {""generator"": ""UKL"", ""ratio"": 1.1783067953267283, ""lo"": 1.1647303012157761, ""hi"": 1.1924567982824075, ""below_limit"": true}, {""generator"": ""BP"", ""ratio"": 1.1621284425783103, ""lo"": 1.1513730346281459, ""hi"": 1.1731592855942279, ""below_limit"": true}, {""generator"": ""BKL"", ""ratio"": 1.1524930865497358, ""lo"": 1.1404872046601389, ""hi"": 1.1642952261699173, ""below_limit"": true}], ""verdict"": ""negative"", ""failed"": [""slope|SQ|p_c=800"", ""slope|BKL|p_c=50"", ""slope|BKL|p_c=200"", ""slope|BKL|p_c=800""], ""incomplete"": []}","{""failures"": {""SQ|SN"": [0, 3000], ""SQ|TH"": [0, 3000], ""SQ|LTH"": [0, 3000], ""UKL|SN"": [0, 3000], ""UKL|TH"": [0, 3000], ""UKL|LTH"": [0, 3000], ""BP|SN"": [0, 3000], ""BP|TH"": [0, 3000], ""BP|LTH"": [0, 3000], ""BKL|SN"": [0, 3000], ""BKL|TH"": [0, 3000], ""BKL|LTH"": [0, 3000]}, ""pvalues"": {""SQ|SN"": 1.0, ""SQ|TH"": 1.0, ""SQ|LTH"": 1.0, ""UKL|SN"": 1.0, ""UKL|TH"": 1.0, ""UKL|LTH"": 1.0, ""BP|SN"": 1.0, ""BP|TH"": 1.0, ""BP|LTH"": 1.0, ""BKL|SN"": 1.0, ""BKL|TH"": 1.0, ""BKL|LTH"": 1.0}, ""rejected"": [], ""verdict"": ""H14-health: no departure from the prediction was detected"", ""bkl_zero_offset"": {""verdict"": ""pass"", ""expected"": 3000, ""replications"": 3000, ""infeasible_start"": 3000, ""mismatches"": [], ""missing"": []}}",[]
26,UKL,800,8000,LTH,200,200,0.0,0.014867039231272054,"{""ok"": 200}",1.0,1.0,0.0,0.0,0.2296425398067956,3774.564058357374,0.6571438971481348,0.6562720310734873,0.727267244773964,3.0,0.0,0,0,,0,"{""verdict"": ""no violation"", ""violations"": 0, ""checked"": 27448, ""violating_cells"": []}","{""slopes"": [{""generator"": ""SQ"", ""p_c"": 50, ""slope"": -0.37387744893943003, ""lo"": -0.38204560748021754, ""hi"": -0.3656656886490169, ""intersects"": true}, {""generator"": ""SQ"", ""p_c"": 200, ""slope"": -0.3630240734188334, ""lo"": -0.3700524449828918, ""hi"": -0.35598837640050307, ""intersects"": true}, {""generator"": ""SQ"", ""p_c"": 800, ""slope"": -0.3420416645418425, ""lo"": -0.3479978577657304, ""hi"": -0.3358800925209334, ""intersects"": false}, {""generator"": ""UKL"", ""p_c"": 50, ""slope"": -0.4568061703848367, ""lo"": -0.4652538888003753, ""hi"": -0.44842177415408196, ""intersects"": true}, {""generator"": ""UKL"", ""p_c"": 200, ""slope"": -0.4555670306078159, ""lo"": -0.46316886778399097, ""hi"": -0.447775703849196, ""intersects"": true}, {""generator"": ""UKL"", ""p_c"": 800, ""slope"": -0.46269340659628444, ""lo"": -0.46997582070031146, ""hi"": -0.4555881153024492, ""intersects"": true}, {""generator"": ""BP"", ""p_c"": 50, ""slope"": -0.39263053619822913, ""lo"": -0.40009686121742893, ""hi"": -0.3850923790781503, ""intersects"": true}, {""generator"": ""BP"", ""p_c"": 200, ""slope"": -0.3956786453174106, ""lo"": -0.40234794273824365, ""hi"": -0.3888287183068256, ""intersects"": true}, {""generator"": ""BP"", ""p_c"": 800, ""slope"": -0.3904151304230434, ""lo"": -0.3963248349564689, ""hi"": -0.3845194345684493, ""intersects"": true}, {""generator"": ""BKL"", ""p_c"": 50, ""slope"": -0.2716605165364226, ""lo"": -0.2782109477822056, ""hi"": -0.264790285226348, ""intersects"": false}, {""generator"": ""BKL"", ""p_c"": 200, ""slope"": -0.22858791151984645, ""lo"": -0.23406550695731218, ""hi"": -0.22319437726683475, ""intersects"": false}, {""generator"": ""BKL"", ""p_c"": 800, ""slope"": -0.18599097556953456, ""lo"": -0.19090654823264008, ""hi"": -0.1810761635318152, ""intersects"": false}], ""ratios"": [{""generator"": ""SQ"", ""ratio"": 1.1669286866466106, ""lo"": 1.1555528846250227, ""hi"": 1.1785271747931854, ""below_limit"": true}, {""generator"": ""UKL"", ""ratio"": 1.1783067953267283, ""lo"": 1.1647303012157761, ""hi"": 1.1924567982824075, ""below_limit"": true}, {""generator"": ""BP"", ""ratio"": 1.1621284425783103, ""lo"": 1.1513730346281459, ""hi"": 1.1731592855942279, ""below_limit"": true}, {""generator"": ""BKL"", ""ratio"": 1.1524930865497358, ""lo"": 1.1404872046601389, ""hi"": 1.1642952261699173, ""below_limit"": true}], ""verdict"": ""negative"", ""failed"": [""slope|SQ|p_c=800"", ""slope|BKL|p_c=50"", ""slope|BKL|p_c=200"", ""slope|BKL|p_c=800""], ""incomplete"": []}","{""failures"": {""SQ|SN"": [0, 3000], ""SQ|TH"": [0, 3000], ""SQ|LTH"": [0, 3000], ""UKL|SN"": [0, 3000], ""UKL|TH"": [0, 3000], ""UKL|LTH"": [0, 3000], ""BP|SN"": [0, 3000], ""BP|TH"": [0, 3000], ""BP|LTH"": [0, 3000], ""BKL|SN"": [0, 3000], ""BKL|TH"": [0, 3000], ""BKL|LTH"": [0, 3000]}, ""pvalues"": {""SQ|SN"": 1.0, ""SQ|TH"": 1.0, ""SQ|LTH"": 1.0, ""UKL|SN"": 1.0, ""UKL|TH"": 1.0, ""UKL|LTH"": 1.0, ""BP|SN"": 1.0, ""BP|TH"": 1.0, ""BP|LTH"": 1.0, ""BKL|SN"": 1.0, ""BKL|TH"": 1.0, ""BKL|LTH"": 1.0}, ""rejected"": [], ""verdict"": ""H14-health: no departure from the prediction was detected"", ""bkl_zero_offset"": {""verdict"": ""pass"", ""expected"": 3000, ""replications"": 3000, ""infeasible_start"": 3000, ""mismatches"": [], ""missing"": []}}",[]
27,UKL,800,16000,SN,200,200,0.0,0.014867039231272054,"{""ok"": 200}",1.0,1.0,1.0,1.0,0.17308213421235819,2844.8980031809483,0.5316476300016644,0.5311049725188113,0.5939703660560821,4.0,0.0,200,0,0.00016998182451111854,0,"{""verdict"": ""no violation"", ""violations"": 0, ""checked"": 27448, ""violating_cells"": []}","{""slopes"": [{""generator"": ""SQ"", ""p_c"": 50, ""slope"": -0.37387744893943003, ""lo"": -0.38204560748021754, ""hi"": -0.3656656886490169, ""intersects"": true}, {""generator"": ""SQ"", ""p_c"": 200, ""slope"": -0.3630240734188334, ""lo"": -0.3700524449828918, ""hi"": -0.35598837640050307, ""intersects"": true}, {""generator"": ""SQ"", ""p_c"": 800, ""slope"": -0.3420416645418425, ""lo"": -0.3479978577657304, ""hi"": -0.3358800925209334, ""intersects"": false}, {""generator"": ""UKL"", ""p_c"": 50, ""slope"": -0.4568061703848367, ""lo"": -0.4652538888003753, ""hi"": -0.44842177415408196, ""intersects"": true}, {""generator"": ""UKL"", ""p_c"": 200, ""slope"": -0.4555670306078159, ""lo"": -0.46316886778399097, ""hi"": -0.447775703849196, ""intersects"": true}, {""generator"": ""UKL"", ""p_c"": 800, ""slope"": -0.46269340659628444, ""lo"": -0.46997582070031146, ""hi"": -0.4555881153024492, ""intersects"": true}, {""generator"": ""BP"", ""p_c"": 50, ""slope"": -0.39263053619822913, ""lo"": -0.40009686121742893, ""hi"": -0.3850923790781503, ""intersects"": true}, {""generator"": ""BP"", ""p_c"": 200, ""slope"": -0.3956786453174106, ""lo"": -0.40234794273824365, ""hi"": -0.3888287183068256, ""intersects"": true}, {""generator"": ""BP"", ""p_c"": 800, ""slope"": -0.3904151304230434, ""lo"": -0.3963248349564689, ""hi"": -0.3845194345684493, ""intersects"": true}, {""generator"": ""BKL"", ""p_c"": 50, ""slope"": -0.2716605165364226, ""lo"": -0.2782109477822056, ""hi"": -0.264790285226348, ""intersects"": false}, {""generator"": ""BKL"", ""p_c"": 200, ""slope"": -0.22858791151984645, ""lo"": -0.23406550695731218, ""hi"": -0.22319437726683475, ""intersects"": false}, {""generator"": ""BKL"", ""p_c"": 800, ""slope"": -0.18599097556953456, ""lo"": -0.19090654823264008, ""hi"": -0.1810761635318152, ""intersects"": false}], ""ratios"": [{""generator"": ""SQ"", ""ratio"": 1.1669286866466106, ""lo"": 1.1555528846250227, ""hi"": 1.1785271747931854, ""below_limit"": true}, {""generator"": ""UKL"", ""ratio"": 1.1783067953267283, ""lo"": 1.1647303012157761, ""hi"": 1.1924567982824075, ""below_limit"": true}, {""generator"": ""BP"", ""ratio"": 1.1621284425783103, ""lo"": 1.1513730346281459, ""hi"": 1.1731592855942279, ""below_limit"": true}, {""generator"": ""BKL"", ""ratio"": 1.1524930865497358, ""lo"": 1.1404872046601389, ""hi"": 1.1642952261699173, ""below_limit"": true}], ""verdict"": ""negative"", ""failed"": [""slope|SQ|p_c=800"", ""slope|BKL|p_c=50"", ""slope|BKL|p_c=200"", ""slope|BKL|p_c=800""], ""incomplete"": []}","{""failures"": {""SQ|SN"": [0, 3000], ""SQ|TH"": [0, 3000], ""SQ|LTH"": [0, 3000], ""UKL|SN"": [0, 3000], ""UKL|TH"": [0, 3000], ""UKL|LTH"": [0, 3000], ""BP|SN"": [0, 3000], ""BP|TH"": [0, 3000], ""BP|LTH"": [0, 3000], ""BKL|SN"": [0, 3000], ""BKL|TH"": [0, 3000], ""BKL|LTH"": [0, 3000]}, ""pvalues"": {""SQ|SN"": 1.0, ""SQ|TH"": 1.0, ""SQ|LTH"": 1.0, ""UKL|SN"": 1.0, ""UKL|TH"": 1.0, ""UKL|LTH"": 1.0, ""BP|SN"": 1.0, ""BP|TH"": 1.0, ""BP|LTH"": 1.0, ""BKL|SN"": 1.0, ""BKL|TH"": 1.0, ""BKL|LTH"": 1.0}, ""rejected"": [], ""verdict"": ""H14-health: no departure from the prediction was detected"", ""bkl_zero_offset"": {""verdict"": ""pass"", ""expected"": 3000, ""replications"": 3000, ""infeasible_start"": 3000, ""mismatches"": [], ""missing"": []}}",[]
27,UKL,800,16000,TH,200,200,0.0,0.014867039231272054,"{""ok"": 200}",1.0,1.0,1.0,1.0,5.422775722550774,89132.50287204573,0.9224791683291577,0.9225540176470544,0.9247091791568798,0.0,0.0,200,0,9.612745540404027e-06,0,"{""verdict"": ""no violation"", ""violations"": 0, ""checked"": 27448, ""violating_cells"": []}","{""slopes"": [{""generator"": ""SQ"", ""p_c"": 50, ""slope"": -0.37387744893943003, ""lo"": -0.38204560748021754, ""hi"": -0.3656656886490169, ""intersects"": true}, {""generator"": ""SQ"", ""p_c"": 200, ""slope"": -0.3630240734188334, ""lo"": -0.3700524449828918, ""hi"": -0.35598837640050307, ""intersects"": true}, {""generator"": ""SQ"", ""p_c"": 800, ""slope"": -0.3420416645418425, ""lo"": -0.3479978577657304, ""hi"": -0.3358800925209334, ""intersects"": false}, {""generator"": ""UKL"", ""p_c"": 50, ""slope"": -0.4568061703848367, ""lo"": -0.4652538888003753, ""hi"": -0.44842177415408196, ""intersects"": true}, {""generator"": ""UKL"", ""p_c"": 200, ""slope"": -0.4555670306078159, ""lo"": -0.46316886778399097, ""hi"": -0.447775703849196, ""intersects"": true}, {""generator"": ""UKL"", ""p_c"": 800, ""slope"": -0.46269340659628444, ""lo"": -0.46997582070031146, ""hi"": -0.4555881153024492, ""intersects"": true}, {""generator"": ""BP"", ""p_c"": 50, ""slope"": -0.39263053619822913, ""lo"": -0.40009686121742893, ""hi"": -0.3850923790781503, ""intersects"": true}, {""generator"": ""BP"", ""p_c"": 200, ""slope"": -0.3956786453174106, ""lo"": -0.40234794273824365, ""hi"": -0.3888287183068256, ""intersects"": true}, {""generator"": ""BP"", ""p_c"": 800, ""slope"": -0.3904151304230434, ""lo"": -0.3963248349564689, ""hi"": -0.3845194345684493, ""intersects"": true}, {""generator"": ""BKL"", ""p_c"": 50, ""slope"": -0.2716605165364226, ""lo"": -0.2782109477822056, ""hi"": -0.264790285226348, ""intersects"": false}, {""generator"": ""BKL"", ""p_c"": 200, ""slope"": -0.22858791151984645, ""lo"": -0.23406550695731218, ""hi"": -0.22319437726683475, ""intersects"": false}, {""generator"": ""BKL"", ""p_c"": 800, ""slope"": -0.18599097556953456, ""lo"": -0.19090654823264008, ""hi"": -0.1810761635318152, ""intersects"": false}], ""ratios"": [{""generator"": ""SQ"", ""ratio"": 1.1669286866466106, ""lo"": 1.1555528846250227, ""hi"": 1.1785271747931854, ""below_limit"": true}, {""generator"": ""UKL"", ""ratio"": 1.1783067953267283, ""lo"": 1.1647303012157761, ""hi"": 1.1924567982824075, ""below_limit"": true}, {""generator"": ""BP"", ""ratio"": 1.1621284425783103, ""lo"": 1.1513730346281459, ""hi"": 1.1731592855942279, ""below_limit"": true}, {""generator"": ""BKL"", ""ratio"": 1.1524930865497358, ""lo"": 1.1404872046601389, ""hi"": 1.1642952261699173, ""below_limit"": true}], ""verdict"": ""negative"", ""failed"": [""slope|SQ|p_c=800"", ""slope|BKL|p_c=50"", ""slope|BKL|p_c=200"", ""slope|BKL|p_c=800""], ""incomplete"": []}","{""failures"": {""SQ|SN"": [0, 3000], ""SQ|TH"": [0, 3000], ""SQ|LTH"": [0, 3000], ""UKL|SN"": [0, 3000], ""UKL|TH"": [0, 3000], ""UKL|LTH"": [0, 3000], ""BP|SN"": [0, 3000], ""BP|TH"": [0, 3000], ""BP|LTH"": [0, 3000], ""BKL|SN"": [0, 3000], ""BKL|TH"": [0, 3000], ""BKL|LTH"": [0, 3000]}, ""pvalues"": {""SQ|SN"": 1.0, ""SQ|TH"": 1.0, ""SQ|LTH"": 1.0, ""UKL|SN"": 1.0, ""UKL|TH"": 1.0, ""UKL|LTH"": 1.0, ""BP|SN"": 1.0, ""BP|TH"": 1.0, ""BP|LTH"": 1.0, ""BKL|SN"": 1.0, ""BKL|TH"": 1.0, ""BKL|LTH"": 1.0}, ""rejected"": [], ""verdict"": ""H14-health: no departure from the prediction was detected"", ""bkl_zero_offset"": {""verdict"": ""pass"", ""expected"": 3000, ""replications"": 3000, ""infeasible_start"": 3000, ""mismatches"": [], ""missing"": []}}",[]
27,UKL,800,16000,LTH,200,200,0.0,0.014867039231272054,"{""ok"": 200}",0.985,1.0,1.0,0.985,0.16451845411804827,2704.139417605088,0.5092818364889048,0.5087575631072714,0.5688065130342201,4.0,0.0,197,0,0.00016996392672728028,0,"{""verdict"": ""no violation"", ""violations"": 0, ""checked"": 27448, ""violating_cells"": []}","{""slopes"": [{""generator"": ""SQ"", ""p_c"": 50, ""slope"": -0.37387744893943003, ""lo"": -0.38204560748021754, ""hi"": -0.3656656886490169, ""intersects"": true}, {""generator"": ""SQ"", ""p_c"": 200, ""slope"": -0.3630240734188334, ""lo"": -0.3700524449828918, ""hi"": -0.35598837640050307, ""intersects"": true}, {""generator"": ""SQ"", ""p_c"": 800, ""slope"": -0.3420416645418425, ""lo"": -0.3479978577657304, ""hi"": -0.3358800925209334, ""intersects"": false}, {""generator"": ""UKL"", ""p_c"": 50, ""slope"": -0.4568061703848367, ""lo"": -0.4652538888003753, ""hi"": -0.44842177415408196, ""intersects"": true}, {""generator"": ""UKL"", ""p_c"": 200, ""slope"": -0.4555670306078159, ""lo"": -0.46316886778399097, ""hi"": -0.447775703849196, ""intersects"": true}, {""generator"": ""UKL"", ""p_c"": 800, ""slope"": -0.46269340659628444, ""lo"": -0.46997582070031146, ""hi"": -0.4555881153024492, ""intersects"": true}, {""generator"": ""BP"", ""p_c"": 50, ""slope"": -0.39263053619822913, ""lo"": -0.40009686121742893, ""hi"": -0.3850923790781503, ""intersects"": true}, {""generator"": ""BP"", ""p_c"": 200, ""slope"": -0.3956786453174106, ""lo"": -0.40234794273824365, ""hi"": -0.3888287183068256, ""intersects"": true}, {""generator"": ""BP"", ""p_c"": 800, ""slope"": -0.3904151304230434, ""lo"": -0.3963248349564689, ""hi"": -0.3845194345684493, ""intersects"": true}, {""generator"": ""BKL"", ""p_c"": 50, ""slope"": -0.2716605165364226, ""lo"": -0.2782109477822056, ""hi"": -0.264790285226348, ""intersects"": false}, {""generator"": ""BKL"", ""p_c"": 200, ""slope"": -0.22858791151984645, ""lo"": -0.23406550695731218, ""hi"": -0.22319437726683475, ""intersects"": false}, {""generator"": ""BKL"", ""p_c"": 800, ""slope"": -0.18599097556953456, ""lo"": -0.19090654823264008, ""hi"": -0.1810761635318152, ""intersects"": false}], ""ratios"": [{""generator"": ""SQ"", ""ratio"": 1.1669286866466106, ""lo"": 1.1555528846250227, ""hi"": 1.1785271747931854, ""below_limit"": true}, {""generator"": ""UKL"", ""ratio"": 1.1783067953267283, ""lo"": 1.1647303012157761, ""hi"": 1.1924567982824075, ""below_limit"": true}, {""generator"": ""BP"", ""ratio"": 1.1621284425783103, ""lo"": 1.1513730346281459, ""hi"": 1.1731592855942279, ""below_limit"": true}, {""generator"": ""BKL"", ""ratio"": 1.1524930865497358, ""lo"": 1.1404872046601389, ""hi"": 1.1642952261699173, ""below_limit"": true}], ""verdict"": ""negative"", ""failed"": [""slope|SQ|p_c=800"", ""slope|BKL|p_c=50"", ""slope|BKL|p_c=200"", ""slope|BKL|p_c=800""], ""incomplete"": []}","{""failures"": {""SQ|SN"": [0, 3000], ""SQ|TH"": [0, 3000], ""SQ|LTH"": [0, 3000], ""UKL|SN"": [0, 3000], ""UKL|TH"": [0, 3000], ""UKL|LTH"": [0, 3000], ""BP|SN"": [0, 3000], ""BP|TH"": [0, 3000], ""BP|LTH"": [0, 3000], ""BKL|SN"": [0, 3000], ""BKL|TH"": [0, 3000], ""BKL|LTH"": [0, 3000]}, ""pvalues"": {""SQ|SN"": 1.0, ""SQ|TH"": 1.0, ""SQ|LTH"": 1.0, ""UKL|SN"": 1.0, ""UKL|TH"": 1.0, ""UKL|LTH"": 1.0, ""BP|SN"": 1.0, ""BP|TH"": 1.0, ""BP|LTH"": 1.0, ""BKL|SN"": 1.0, ""BKL|TH"": 1.0, ""BKL|LTH"": 1.0}, ""rejected"": [], ""verdict"": ""H14-health: no departure from the prediction was detected"", ""bkl_zero_offset"": {""verdict"": ""pass"", ""expected"": 3000, ""replications"": 3000, ""infeasible_start"": 3000, ""mismatches"": [], ""missing"": []}}",[]
28,UKL,800,32000,SN,200,200,0.0,0.014867039231272054,"{""ok"": 200}",0.995,1.0,1.0,0.995,0.1222371454624762,2009.1745033261088,0.38879375481070255,0.3875899552481719,0.4435346189121267,4.0,0.0,199,0,0.0001424872548712503,0,"{""verdict"": ""no violation"", ""violations"": 0, ""checked"": 27448, ""violating_cells"": []}","{""slopes"": [{""generator"": ""SQ"", ""p_c"": 50, ""slope"": -0.37387744893943003, ""lo"": -0.38204560748021754, ""hi"": -0.3656656886490169, ""intersects"": true}, {""generator"": ""SQ"", ""p_c"": 200, ""slope"": -0.3630240734188334, ""lo"": -0.3700524449828918, ""hi"": -0.35598837640050307, ""intersects"": true}, {""generator"": ""SQ"", ""p_c"": 800, ""slope"": -0.3420416645418425, ""lo"": -0.3479978577657304, ""hi"": -0.3358800925209334, ""intersects"": false}, {""generator"": ""UKL"", ""p_c"": 50, ""slope"": -0.4568061703848367, ""lo"": -0.4652538888003753, ""hi"": -0.44842177415408196, ""intersects"": true}, {""generator"": ""UKL"", ""p_c"": 200, ""slope"": -0.4555670306078159, ""lo"": -0.46316886778399097, ""hi"": -0.447775703849196, ""intersects"": true}, {""generator"": ""UKL"", ""p_c"": 800, ""slope"": -0.46269340659628444, ""lo"": -0.46997582070031146, ""hi"": -0.4555881153024492, ""intersects"": true}, {""generator"": ""BP"", ""p_c"": 50, ""slope"": -0.39263053619822913, ""lo"": -0.40009686121742893, ""hi"": -0.3850923790781503, ""intersects"": true}, {""generator"": ""BP"", ""p_c"": 200, ""slope"": -0.3956786453174106, ""lo"": -0.40234794273824365, ""hi"": -0.3888287183068256, ""intersects"": true}, {""generator"": ""BP"", ""p_c"": 800, ""slope"": -0.3904151304230434, ""lo"": -0.3963248349564689, ""hi"": -0.3845194345684493, ""intersects"": true}, {""generator"": ""BKL"", ""p_c"": 50, ""slope"": -0.2716605165364226, ""lo"": -0.2782109477822056, ""hi"": -0.264790285226348, ""intersects"": false}, {""generator"": ""BKL"", ""p_c"": 200, ""slope"": -0.22858791151984645, ""lo"": -0.23406550695731218, ""hi"": -0.22319437726683475, ""intersects"": false}, {""generator"": ""BKL"", ""p_c"": 800, ""slope"": -0.18599097556953456, ""lo"": -0.19090654823264008, ""hi"": -0.1810761635318152, ""intersects"": false}], ""ratios"": [{""generator"": ""SQ"", ""ratio"": 1.1669286866466106, ""lo"": 1.1555528846250227, ""hi"": 1.1785271747931854, ""below_limit"": true}, {""generator"": ""UKL"", ""ratio"": 1.1783067953267283, ""lo"": 1.1647303012157761, ""hi"": 1.1924567982824075, ""below_limit"": true}, {""generator"": ""BP"", ""ratio"": 1.1621284425783103, ""lo"": 1.1513730346281459, ""hi"": 1.1731592855942279, ""below_limit"": true}, {""generator"": ""BKL"", ""ratio"": 1.1524930865497358, ""lo"": 1.1404872046601389, ""hi"": 1.1642952261699173, ""below_limit"": true}], ""verdict"": ""negative"", ""failed"": [""slope|SQ|p_c=800"", ""slope|BKL|p_c=50"", ""slope|BKL|p_c=200"", ""slope|BKL|p_c=800""], ""incomplete"": []}","{""failures"": {""SQ|SN"": [0, 3000], ""SQ|TH"": [0, 3000], ""SQ|LTH"": [0, 3000], ""UKL|SN"": [0, 3000], ""UKL|TH"": [0, 3000], ""UKL|LTH"": [0, 3000], ""BP|SN"": [0, 3000], ""BP|TH"": [0, 3000], ""BP|LTH"": [0, 3000], ""BKL|SN"": [0, 3000], ""BKL|TH"": [0, 3000], ""BKL|LTH"": [0, 3000]}, ""pvalues"": {""SQ|SN"": 1.0, ""SQ|TH"": 1.0, ""SQ|LTH"": 1.0, ""UKL|SN"": 1.0, ""UKL|TH"": 1.0, ""UKL|LTH"": 1.0, ""BP|SN"": 1.0, ""BP|TH"": 1.0, ""BP|LTH"": 1.0, ""BKL|SN"": 1.0, ""BKL|TH"": 1.0, ""BKL|LTH"": 1.0}, ""rejected"": [], ""verdict"": ""H14-health: no departure from the prediction was detected"", ""bkl_zero_offset"": {""verdict"": ""pass"", ""expected"": 3000, ""replications"": 3000, ""infeasible_start"": 3000, ""mismatches"": [], ""missing"": []}}",[]
28,UKL,800,32000,TH,200,200,0.0,0.014867039231272054,"{""ok"": 200}",1.0,1.0,1.0,1.0,3.834481486269432,63026.19720495296,0.9224791683291577,0.9225540176470544,0.9247091791568798,0.0,0.0,200,0,1.3594475114880863e-05,0,"{""verdict"": ""no violation"", ""violations"": 0, ""checked"": 27448, ""violating_cells"": []}","{""slopes"": [{""generator"": ""SQ"", ""p_c"": 50, ""slope"": -0.37387744893943003, ""lo"": -0.38204560748021754, ""hi"": -0.3656656886490169, ""intersects"": true}, {""generator"": ""SQ"", ""p_c"": 200, ""slope"": -0.3630240734188334, ""lo"": -0.3700524449828918, ""hi"": -0.35598837640050307, ""intersects"": true}, {""generator"": ""SQ"", ""p_c"": 800, ""slope"": -0.3420416645418425, ""lo"": -0.3479978577657304, ""hi"": -0.3358800925209334, ""intersects"": false}, {""generator"": ""UKL"", ""p_c"": 50, ""slope"": -0.4568061703848367, ""lo"": -0.4652538888003753, ""hi"": -0.44842177415408196, ""intersects"": true}, {""generator"": ""UKL"", ""p_c"": 200, ""slope"": -0.4555670306078159, ""lo"": -0.46316886778399097, ""hi"": -0.447775703849196, ""intersects"": true}, {""generator"": ""UKL"", ""p_c"": 800, ""slope"": -0.46269340659628444, ""lo"": -0.46997582070031146, ""hi"": -0.4555881153024492, ""intersects"": true}, {""generator"": ""BP"", ""p_c"": 50, ""slope"": -0.39263053619822913, ""lo"": -0.40009686121742893, ""hi"": -0.3850923790781503, ""intersects"": true}, {""generator"": ""BP"", ""p_c"": 200, ""slope"": -0.3956786453174106, ""lo"": -0.40234794273824365, ""hi"": -0.3888287183068256, ""intersects"": true}, {""generator"": ""BP"", ""p_c"": 800, ""slope"": -0.3904151304230434, ""lo"": -0.3963248349564689, ""hi"": -0.3845194345684493, ""intersects"": true}, {""generator"": ""BKL"", ""p_c"": 50, ""slope"": -0.2716605165364226, ""lo"": -0.2782109477822056, ""hi"": -0.264790285226348, ""intersects"": false}, {""generator"": ""BKL"", ""p_c"": 200, ""slope"": -0.22858791151984645, ""lo"": -0.23406550695731218, ""hi"": -0.22319437726683475, ""intersects"": false}, {""generator"": ""BKL"", ""p_c"": 800, ""slope"": -0.18599097556953456, ""lo"": -0.19090654823264008, ""hi"": -0.1810761635318152, ""intersects"": false}], ""ratios"": [{""generator"": ""SQ"", ""ratio"": 1.1669286866466106, ""lo"": 1.1555528846250227, ""hi"": 1.1785271747931854, ""below_limit"": true}, {""generator"": ""UKL"", ""ratio"": 1.1783067953267283, ""lo"": 1.1647303012157761, ""hi"": 1.1924567982824075, ""below_limit"": true}, {""generator"": ""BP"", ""ratio"": 1.1621284425783103, ""lo"": 1.1513730346281459, ""hi"": 1.1731592855942279, ""below_limit"": true}, {""generator"": ""BKL"", ""ratio"": 1.1524930865497358, ""lo"": 1.1404872046601389, ""hi"": 1.1642952261699173, ""below_limit"": true}], ""verdict"": ""negative"", ""failed"": [""slope|SQ|p_c=800"", ""slope|BKL|p_c=50"", ""slope|BKL|p_c=200"", ""slope|BKL|p_c=800""], ""incomplete"": []}","{""failures"": {""SQ|SN"": [0, 3000], ""SQ|TH"": [0, 3000], ""SQ|LTH"": [0, 3000], ""UKL|SN"": [0, 3000], ""UKL|TH"": [0, 3000], ""UKL|LTH"": [0, 3000], ""BP|SN"": [0, 3000], ""BP|TH"": [0, 3000], ""BP|LTH"": [0, 3000], ""BKL|SN"": [0, 3000], ""BKL|TH"": [0, 3000], ""BKL|LTH"": [0, 3000]}, ""pvalues"": {""SQ|SN"": 1.0, ""SQ|TH"": 1.0, ""SQ|LTH"": 1.0, ""UKL|SN"": 1.0, ""UKL|TH"": 1.0, ""UKL|LTH"": 1.0, ""BP|SN"": 1.0, ""BP|TH"": 1.0, ""BP|LTH"": 1.0, ""BKL|SN"": 1.0, ""BKL|TH"": 1.0, ""BKL|LTH"": 1.0}, ""rejected"": [], ""verdict"": ""H14-health: no departure from the prediction was detected"", ""bkl_zero_offset"": {""verdict"": ""pass"", ""expected"": 3000, ""replications"": 3000, ""infeasible_start"": 3000, ""mismatches"": [], ""missing"": []}}",[]
28,UKL,800,32000,LTH,200,200,0.0,0.014867039231272054,"{""ok"": 200}",0.99,1.0,1.0,0.99,0.11893806827596665,1954.9485825345062,0.37903775184225447,0.3773089882822689,0.4284281931242457,4.0,0.0,198,0,0.00013683084684679598,0,"{""verdict"": ""no violation"", ""violations"": 0, ""checked"": 27448, ""violating_cells"": []}","{""slopes"": [{""generator"": ""SQ"", ""p_c"": 50, ""slope"": -0.37387744893943003, ""lo"": -0.38204560748021754, ""hi"": -0.3656656886490169, ""intersects"": true}, {""generator"": ""SQ"", ""p_c"": 200, ""slope"": -0.3630240734188334, ""lo"": -0.3700524449828918, ""hi"": -0.35598837640050307, ""intersects"": true}, {""generator"": ""SQ"", ""p_c"": 800, ""slope"": -0.3420416645418425, ""lo"": -0.3479978577657304, ""hi"": -0.3358800925209334, ""intersects"": false}, {""generator"": ""UKL"", ""p_c"": 50, ""slope"": -0.4568061703848367, ""lo"": -0.4652538888003753, ""hi"": -0.44842177415408196, ""intersects"": true}, {""generator"": ""UKL"", ""p_c"": 200, ""slope"": -0.4555670306078159, ""lo"": -0.46316886778399097, ""hi"": -0.447775703849196, ""intersects"": true}, {""generator"": ""UKL"", ""p_c"": 800, ""slope"": -0.46269340659628444, ""lo"": -0.46997582070031146, ""hi"": -0.4555881153024492, ""intersects"": true}, {""generator"": ""BP"", ""p_c"": 50, ""slope"": -0.39263053619822913, ""lo"": -0.40009686121742893, ""hi"": -0.3850923790781503, ""intersects"": true}, {""generator"": ""BP"", ""p_c"": 200, ""slope"": -0.3956786453174106, ""lo"": -0.40234794273824365, ""hi"": -0.3888287183068256, ""intersects"": true}, {""generator"": ""BP"", ""p_c"": 800, ""slope"": -0.3904151304230434, ""lo"": -0.3963248349564689, ""hi"": -0.3845194345684493, ""intersects"": true}, {""generator"": ""BKL"", ""p_c"": 50, ""slope"": -0.2716605165364226, ""lo"": -0.2782109477822056, ""hi"": -0.264790285226348, ""intersects"": false}, {""generator"": ""BKL"", ""p_c"": 200, ""slope"": -0.22858791151984645, ""lo"": -0.23406550695731218, ""hi"": -0.22319437726683475, ""intersects"": false}, {""generator"": ""BKL"", ""p_c"": 800, ""slope"": -0.18599097556953456, ""lo"": -0.19090654823264008, ""hi"": -0.1810761635318152, ""intersects"": false}], ""ratios"": [{""generator"": ""SQ"", ""ratio"": 1.1669286866466106, ""lo"": 1.1555528846250227, ""hi"": 1.1785271747931854, ""below_limit"": true}, {""generator"": ""UKL"", ""ratio"": 1.1783067953267283, ""lo"": 1.1647303012157761, ""hi"": 1.1924567982824075, ""below_limit"": true}, {""generator"": ""BP"", ""ratio"": 1.1621284425783103, ""lo"": 1.1513730346281459, ""hi"": 1.1731592855942279, ""below_limit"": true}, {""generator"": ""BKL"", ""ratio"": 1.1524930865497358, ""lo"": 1.1404872046601389, ""hi"": 1.1642952261699173, ""below_limit"": true}], ""verdict"": ""negative"", ""failed"": [""slope|SQ|p_c=800"", ""slope|BKL|p_c=50"", ""slope|BKL|p_c=200"", ""slope|BKL|p_c=800""], ""incomplete"": []}","{""failures"": {""SQ|SN"": [0, 3000], ""SQ|TH"": [0, 3000], ""SQ|LTH"": [0, 3000], ""UKL|SN"": [0, 3000], ""UKL|TH"": [0, 3000], ""UKL|LTH"": [0, 3000], ""BP|SN"": [0, 3000], ""BP|TH"": [0, 3000], ""BP|LTH"": [0, 3000], ""BKL|SN"": [0, 3000], ""BKL|TH"": [0, 3000], ""BKL|LTH"": [0, 3000]}, ""pvalues"": {""SQ|SN"": 1.0, ""SQ|TH"": 1.0, ""SQ|LTH"": 1.0, ""UKL|SN"": 1.0, ""UKL|TH"": 1.0, ""UKL|LTH"": 1.0, ""BP|SN"": 1.0, ""BP|TH"": 1.0, ""BP|LTH"": 1.0, ""BKL|SN"": 1.0, ""BKL|TH"": 1.0, ""BKL|LTH"": 1.0}, ""rejected"": [], ""verdict"": ""H14-health: no departure from the prediction was detected"", ""bkl_zero_offset"": {""verdict"": ""pass"", ""expected"": 3000, ""replications"": 3000, ""infeasible_start"": 3000, ""mismatches"": [], ""missing"": []}}",[]
29,UKL,800,64000,SN,200,200,0.0,0.014867039231272054,"{""ok"": 200}",1.0,1.0,1.0,1.0,0.08640757546395603,1420.2548403725648,0.2799333837763532,0.2804724335607535,0.3171232833357408,4.0,0.0,200,0,0.0,0,"{""verdict"": ""no violation"", ""violations"": 0, ""checked"": 27448, ""violating_cells"": []}","{""slopes"": [{""generator"": ""SQ"", ""p_c"": 50, ""slope"": -0.37387744893943003, ""lo"": -0.38204560748021754, ""hi"": -0.3656656886490169, ""intersects"": true}, {""generator"": ""SQ"", ""p_c"": 200, ""slope"": -0.3630240734188334, ""lo"": -0.3700524449828918, ""hi"": -0.35598837640050307, ""intersects"": true}, {""generator"": ""SQ"", ""p_c"": 800, ""slope"": -0.3420416645418425, ""lo"": -0.3479978577657304, ""hi"": -0.3358800925209334, ""intersects"": false}, {""generator"": ""UKL"", ""p_c"": 50, ""slope"": -0.4568061703848367, ""lo"": -0.4652538888003753, ""hi"": -0.44842177415408196, ""intersects"": true}, {""generator"": ""UKL"", ""p_c"": 200, ""slope"": -0.4555670306078159, ""lo"": -0.46316886778399097, ""hi"": -0.447775703849196, ""intersects"": true}, {""generator"": ""UKL"", ""p_c"": 800, ""slope"": -0.46269340659628444, ""lo"": -0.46997582070031146, ""hi"": -0.4555881153024492, ""intersects"": true}, {""generator"": ""BP"", ""p_c"": 50, ""slope"": -0.39263053619822913, ""lo"": -0.40009686121742893, ""hi"": -0.3850923790781503, ""intersects"": true}, {""generator"": ""BP"", ""p_c"": 200, ""slope"": -0.3956786453174106, ""lo"": -0.40234794273824365, ""hi"": -0.3888287183068256, ""intersects"": true}, {""generator"": ""BP"", ""p_c"": 800, ""slope"": -0.3904151304230434, ""lo"": -0.3963248349564689, ""hi"": -0.3845194345684493, ""intersects"": true}, {""generator"": ""BKL"", ""p_c"": 50, ""slope"": -0.2716605165364226, ""lo"": -0.2782109477822056, ""hi"": -0.264790285226348, ""intersects"": false}, {""generator"": ""BKL"", ""p_c"": 200, ""slope"": -0.22858791151984645, ""lo"": -0.23406550695731218, ""hi"": -0.22319437726683475, ""intersects"": false}, {""generator"": ""BKL"", ""p_c"": 800, ""slope"": -0.18599097556953456, ""lo"": -0.19090654823264008, ""hi"": -0.1810761635318152, ""intersects"": false}], ""ratios"": [{""generator"": ""SQ"", ""ratio"": 1.1669286866466106, ""lo"": 1.1555528846250227, ""hi"": 1.1785271747931854, ""below_limit"": true}, {""generator"": ""UKL"", ""ratio"": 1.1783067953267283, ""lo"": 1.1647303012157761, ""hi"": 1.1924567982824075, ""below_limit"": true}, {""generator"": ""BP"", ""ratio"": 1.1621284425783103, ""lo"": 1.1513730346281459, ""hi"": 1.1731592855942279, ""below_limit"": true}, {""generator"": ""BKL"", ""ratio"": 1.1524930865497358, ""lo"": 1.1404872046601389, ""hi"": 1.1642952261699173, ""below_limit"": true}], ""verdict"": ""negative"", ""failed"": [""slope|SQ|p_c=800"", ""slope|BKL|p_c=50"", ""slope|BKL|p_c=200"", ""slope|BKL|p_c=800""], ""incomplete"": []}","{""failures"": {""SQ|SN"": [0, 3000], ""SQ|TH"": [0, 3000], ""SQ|LTH"": [0, 3000], ""UKL|SN"": [0, 3000], ""UKL|TH"": [0, 3000], ""UKL|LTH"": [0, 3000], ""BP|SN"": [0, 3000], ""BP|TH"": [0, 3000], ""BP|LTH"": [0, 3000], ""BKL|SN"": [0, 3000], ""BKL|TH"": [0, 3000], ""BKL|LTH"": [0, 3000]}, ""pvalues"": {""SQ|SN"": 1.0, ""SQ|TH"": 1.0, ""SQ|LTH"": 1.0, ""UKL|SN"": 1.0, ""UKL|TH"": 1.0, ""UKL|LTH"": 1.0, ""BP|SN"": 1.0, ""BP|TH"": 1.0, ""BP|LTH"": 1.0, ""BKL|SN"": 1.0, ""BKL|TH"": 1.0, ""BKL|LTH"": 1.0}, ""rejected"": [], ""verdict"": ""H14-health: no departure from the prediction was detected"", ""bkl_zero_offset"": {""verdict"": ""pass"", ""expected"": 3000, ""replications"": 3000, ""infeasible_start"": 3000, ""mismatches"": [], ""missing"": []}}",[]
29,UKL,800,64000,TH,200,200,0.0,0.014867039231272054,"{""ok"": 200}",1.0,1.0,1.0,1.0,2.711387861275387,44566.25143602287,0.9224791683291577,0.9225540176470544,0.9247091791568798,0.0,0.0,200,0,1.9225491080808054e-05,0,"{""verdict"": ""no violation"", ""violations"": 0, ""checked"": 27448, ""violating_cells"": []}","{""slopes"": [{""generator"": ""SQ"", ""p_c"": 50, ""slope"": -0.37387744893943003, ""lo"": -0.38204560748021754, ""hi"": -0.3656656886490169, ""intersects"": true}, {""generator"": ""SQ"", ""p_c"": 200, ""slope"": -0.3630240734188334, ""lo"": -0.3700524449828918, ""hi"": -0.35598837640050307, ""intersects"": true}, {""generator"": ""SQ"", ""p_c"": 800, ""slope"": -0.3420416645418425, ""lo"": -0.3479978577657304, ""hi"": -0.3358800925209334, ""intersects"": false}, {""generator"": ""UKL"", ""p_c"": 50, ""slope"": -0.4568061703848367, ""lo"": -0.4652538888003753, ""hi"": -0.44842177415408196, ""intersects"": true}, {""generator"": ""UKL"", ""p_c"": 200, ""slope"": -0.4555670306078159, ""lo"": -0.46316886778399097, ""hi"": -0.447775703849196, ""intersects"": true}, {""generator"": ""UKL"", ""p_c"": 800, ""slope"": -0.46269340659628444, ""lo"": -0.46997582070031146, ""hi"": -0.4555881153024492, ""intersects"": true}, {""generator"": ""BP"", ""p_c"": 50, ""slope"": -0.39263053619822913, ""lo"": -0.40009686121742893, ""hi"": -0.3850923790781503, ""intersects"": true}, {""generator"": ""BP"", ""p_c"": 200, ""slope"": -0.3956786453174106, ""lo"": -0.40234794273824365, ""hi"": -0.3888287183068256, ""intersects"": true}, {""generator"": ""BP"", ""p_c"": 800, ""slope"": -0.3904151304230434, ""lo"": -0.3963248349564689, ""hi"": -0.3845194345684493, ""intersects"": true}, {""generator"": ""BKL"", ""p_c"": 50, ""slope"": -0.2716605165364226, ""lo"": -0.2782109477822056, ""hi"": -0.264790285226348, ""intersects"": false}, {""generator"": ""BKL"", ""p_c"": 200, ""slope"": -0.22858791151984645, ""lo"": -0.23406550695731218, ""hi"": -0.22319437726683475, ""intersects"": false}, {""generator"": ""BKL"", ""p_c"": 800, ""slope"": -0.18599097556953456, ""lo"": -0.19090654823264008, ""hi"": -0.1810761635318152, ""intersects"": false}], ""ratios"": [{""generator"": ""SQ"", ""ratio"": 1.1669286866466106, ""lo"": 1.1555528846250227, ""hi"": 1.1785271747931854, ""below_limit"": true}, {""generator"": ""UKL"", ""ratio"": 1.1783067953267283, ""lo"": 1.1647303012157761, ""hi"": 1.1924567982824075, ""below_limit"": true}, {""generator"": ""BP"", ""ratio"": 1.1621284425783103, ""lo"": 1.1513730346281459, ""hi"": 1.1731592855942279, ""below_limit"": true}, {""generator"": ""BKL"", ""ratio"": 1.1524930865497358, ""lo"": 1.1404872046601389, ""hi"": 1.1642952261699173, ""below_limit"": true}], ""verdict"": ""negative"", ""failed"": [""slope|SQ|p_c=800"", ""slope|BKL|p_c=50"", ""slope|BKL|p_c=200"", ""slope|BKL|p_c=800""], ""incomplete"": []}","{""failures"": {""SQ|SN"": [0, 3000], ""SQ|TH"": [0, 3000], ""SQ|LTH"": [0, 3000], ""UKL|SN"": [0, 3000], ""UKL|TH"": [0, 3000], ""UKL|LTH"": [0, 3000], ""BP|SN"": [0, 3000], ""BP|TH"": [0, 3000], ""BP|LTH"": [0, 3000], ""BKL|SN"": [0, 3000], ""BKL|TH"": [0, 3000], ""BKL|LTH"": [0, 3000]}, ""pvalues"": {""SQ|SN"": 1.0, ""SQ|TH"": 1.0, ""SQ|LTH"": 1.0, ""UKL|SN"": 1.0, ""UKL|TH"": 1.0, ""UKL|LTH"": 1.0, ""BP|SN"": 1.0, ""BP|TH"": 1.0, ""BP|LTH"": 1.0, ""BKL|SN"": 1.0, ""BKL|TH"": 1.0, ""BKL|LTH"": 1.0}, ""rejected"": [], ""verdict"": ""H14-health: no departure from the prediction was detected"", ""bkl_zero_offset"": {""verdict"": ""pass"", ""expected"": 3000, ""replications"": 3000, ""infeasible_start"": 3000, ""mismatches"": [], ""missing"": []}}",[]
29,UKL,800,64000,LTH,200,200,0.0,0.014867039231272054,"{""ok"": 200}",1.0,1.0,1.0,1.0,0.08582683245705691,1410.7093455229258,0.2782121004157453,0.2786726688957937,0.3127514977511825,4.0,0.0,200,0,0.0,0,"{""verdict"": ""no violation"", ""violations"": 0, ""checked"": 27448, ""violating_cells"": []}","{""slopes"": [{""generator"": ""SQ"", ""p_c"": 50, ""slope"": -0.37387744893943003, ""lo"": -0.38204560748021754, ""hi"": -0.3656656886490169, ""intersects"": true}, {""generator"": ""SQ"", ""p_c"": 200, ""slope"": -0.3630240734188334, ""lo"": -0.3700524449828918, ""hi"": -0.35598837640050307, ""intersects"": true}, {""generator"": ""SQ"", ""p_c"": 800, ""slope"": -0.3420416645418425, ""lo"": -0.3479978577657304, ""hi"": -0.3358800925209334, ""intersects"": false}, {""generator"": ""UKL"", ""p_c"": 50, ""slope"": -0.4568061703848367, ""lo"": -0.4652538888003753, ""hi"": -0.44842177415408196, ""intersects"": true}, {""generator"": ""UKL"", ""p_c"": 200, ""slope"": -0.4555670306078159, ""lo"": -0.46316886778399097, ""hi"": -0.447775703849196, ""intersects"": true}, {""generator"": ""UKL"", ""p_c"": 800, ""slope"": -0.46269340659628444, ""lo"": -0.46997582070031146, ""hi"": -0.4555881153024492, ""intersects"": true}, {""generator"": ""BP"", ""p_c"": 50, ""slope"": -0.39263053619822913, ""lo"": -0.40009686121742893, ""hi"": -0.3850923790781503, ""intersects"": true}, {""generator"": ""BP"", ""p_c"": 200, ""slope"": -0.3956786453174106, ""lo"": -0.40234794273824365, ""hi"": -0.3888287183068256, ""intersects"": true}, {""generator"": ""BP"", ""p_c"": 800, ""slope"": -0.3904151304230434, ""lo"": -0.3963248349564689, ""hi"": -0.3845194345684493, ""intersects"": true}, {""generator"": ""BKL"", ""p_c"": 50, ""slope"": -0.2716605165364226, ""lo"": -0.2782109477822056, ""hi"": -0.264790285226348, ""intersects"": false}, {""generator"": ""BKL"", ""p_c"": 200, ""slope"": -0.22858791151984645, ""lo"": -0.23406550695731218, ""hi"": -0.22319437726683475, ""intersects"": false}, {""generator"": ""BKL"", ""p_c"": 800, ""slope"": -0.18599097556953456, ""lo"": -0.19090654823264008, ""hi"": -0.1810761635318152, ""intersects"": false}], ""ratios"": [{""generator"": ""SQ"", ""ratio"": 1.1669286866466106, ""lo"": 1.1555528846250227, ""hi"": 1.1785271747931854, ""below_limit"": true}, {""generator"": ""UKL"", ""ratio"": 1.1783067953267283, ""lo"": 1.1647303012157761, ""hi"": 1.1924567982824075, ""below_limit"": true}, {""generator"": ""BP"", ""ratio"": 1.1621284425783103, ""lo"": 1.1513730346281459, ""hi"": 1.1731592855942279, ""below_limit"": true}, {""generator"": ""BKL"", ""ratio"": 1.1524930865497358, ""lo"": 1.1404872046601389, ""hi"": 1.1642952261699173, ""below_limit"": true}], ""verdict"": ""negative"", ""failed"": [""slope|SQ|p_c=800"", ""slope|BKL|p_c=50"", ""slope|BKL|p_c=200"", ""slope|BKL|p_c=800""], ""incomplete"": []}","{""failures"": {""SQ|SN"": [0, 3000], ""SQ|TH"": [0, 3000], ""SQ|LTH"": [0, 3000], ""UKL|SN"": [0, 3000], ""UKL|TH"": [0, 3000], ""UKL|LTH"": [0, 3000], ""BP|SN"": [0, 3000], ""BP|TH"": [0, 3000], ""BP|LTH"": [0, 3000], ""BKL|SN"": [0, 3000], ""BKL|TH"": [0, 3000], ""BKL|LTH"": [0, 3000]}, ""pvalues"": {""SQ|SN"": 1.0, ""SQ|TH"": 1.0, ""SQ|LTH"": 1.0, ""UKL|SN"": 1.0, ""UKL|TH"": 1.0, ""UKL|LTH"": 1.0, ""BP|SN"": 1.0, ""BP|TH"": 1.0, ""BP|LTH"": 1.0, ""BKL|SN"": 1.0, ""BKL|TH"": 1.0, ""BKL|LTH"": 1.0}, ""rejected"": [], ""verdict"": ""H14-health: no departure from the prediction was detected"", ""bkl_zero_offset"": {""verdict"": ""pass"", ""expected"": 3000, ""replications"": 3000, ""infeasible_start"": 3000, ""mismatches"": [], ""missing"": []}}",[]
30,BP,50,4000,SN,200,200,0.0,0.014867039231272054,"{""ok"": 200}",0.995,1.0,1.0,0.995,0.253073277509001,150.96626721366783,0.6612263688877431,0.6627107562417328,0.7283716435928014,1.0,0.0,199,0,0.0047049195465237855,0,"{""verdict"": ""no violation"", ""violations"": 0, ""checked"": 27448, ""violating_cells"": []}","{""slopes"": [{""generator"": ""SQ"", ""p_c"": 50, ""slope"": -0.37387744893943003, ""lo"": -0.38204560748021754, ""hi"": -0.3656656886490169, ""intersects"": true}, {""generator"": ""SQ"", ""p_c"": 200, ""slope"": -0.3630240734188334, ""lo"": -0.3700524449828918, ""hi"": -0.35598837640050307, ""intersects"": true}, {""generator"": ""SQ"", ""p_c"": 800, ""slope"": -0.3420416645418425, ""lo"": -0.3479978577657304, ""hi"": -0.3358800925209334, ""intersects"": false}, {""generator"": ""UKL"", ""p_c"": 50, ""slope"": -0.4568061703848367, ""lo"": -0.4652538888003753, ""hi"": -0.44842177415408196, ""intersects"": true}, {""generator"": ""UKL"", ""p_c"": 200, ""slope"": -0.4555670306078159, ""lo"": -0.46316886778399097, ""hi"": -0.447775703849196, ""intersects"": true}, {""generator"": ""UKL"", ""p_c"": 800, ""slope"": -0.46269340659628444, ""lo"": -0.46997582070031146, ""hi"": -0.4555881153024492, ""intersects"": true}, {""generator"": ""BP"", ""p_c"": 50, ""slope"": -0.39263053619822913, ""lo"": -0.40009686121742893, ""hi"": -0.3850923790781503, ""intersects"": true}, {""generator"": ""BP"", ""p_c"": 200, ""slope"": -0.3956786453174106, ""lo"": -0.40234794273824365, ""hi"": -0.3888287183068256, ""intersects"": true}, {""generator"": ""BP"", ""p_c"": 800, ""slope"": -0.3904151304230434, ""lo"": -0.3963248349564689, ""hi"": -0.3845194345684493, ""intersects"": true}, {""generator"": ""BKL"", ""p_c"": 50, ""slope"": -0.2716605165364226, ""lo"": -0.2782109477822056, ""hi"": -0.264790285226348, ""intersects"": false}, {""generator"": ""BKL"", ""p_c"": 200, ""slope"": -0.22858791151984645, ""lo"": -0.23406550695731218, ""hi"": -0.22319437726683475, ""intersects"": false}, {""generator"": ""BKL"", ""p_c"": 800, ""slope"": -0.18599097556953456, ""lo"": -0.19090654823264008, ""hi"": -0.1810761635318152, ""intersects"": false}], ""ratios"": [{""generator"": ""SQ"", ""ratio"": 1.1669286866466106, ""lo"": 1.1555528846250227, ""hi"": 1.1785271747931854, ""below_limit"": true}, {""generator"": ""UKL"", ""ratio"": 1.1783067953267283, ""lo"": 1.1647303012157761, ""hi"": 1.1924567982824075, ""below_limit"": true}, {""generator"": ""BP"", ""ratio"": 1.1621284425783103, ""lo"": 1.1513730346281459, ""hi"": 1.1731592855942279, ""below_limit"": true}, {""generator"": ""BKL"", ""ratio"": 1.1524930865497358, ""lo"": 1.1404872046601389, ""hi"": 1.1642952261699173, ""below_limit"": true}], ""verdict"": ""negative"", ""failed"": [""slope|SQ|p_c=800"", ""slope|BKL|p_c=50"", ""slope|BKL|p_c=200"", ""slope|BKL|p_c=800""], ""incomplete"": []}","{""failures"": {""SQ|SN"": [0, 3000], ""SQ|TH"": [0, 3000], ""SQ|LTH"": [0, 3000], ""UKL|SN"": [0, 3000], ""UKL|TH"": [0, 3000], ""UKL|LTH"": [0, 3000], ""BP|SN"": [0, 3000], ""BP|TH"": [0, 3000], ""BP|LTH"": [0, 3000], ""BKL|SN"": [0, 3000], ""BKL|TH"": [0, 3000], ""BKL|LTH"": [0, 3000]}, ""pvalues"": {""SQ|SN"": 1.0, ""SQ|TH"": 1.0, ""SQ|LTH"": 1.0, ""UKL|SN"": 1.0, ""UKL|TH"": 1.0, ""UKL|LTH"": 1.0, ""BP|SN"": 1.0, ""BP|TH"": 1.0, ""BP|LTH"": 1.0, ""BKL|SN"": 1.0, ""BKL|TH"": 1.0, ""BKL|LTH"": 1.0}, ""rejected"": [], ""verdict"": ""H14-health: no departure from the prediction was detected"", ""bkl_zero_offset"": {""verdict"": ""pass"", ""expected"": 3000, ""replications"": 3000, ""infeasible_start"": 3000, ""mismatches"": [], ""missing"": []}}",[]
30,BP,50,4000,TH,200,200,0.0,0.014867039231272054,"{""ok"": 200}",1.0,1.0,1.0,1.0,2.6272140885703976,1567.2168473359459,0.7287135674424813,0.7287295764906225,0.7300953045700285,0.0,0.0,200,0,0.00045890943398709704,0,"{""verdict"": ""no violation"", ""violations"": 0, ""checked"": 27448, ""violating_cells"": []}","{""slopes"": [{""generator"": ""SQ"", ""p_c"": 50, ""slope"": -0.37387744893943003, ""lo"": -0.38204560748021754, ""hi"": -0.3656656886490169, ""intersects"": true}, {""generator"": ""SQ"", ""p_c"": 200, ""slope"": -0.3630240734188334, ""lo"": -0.3700524449828918, ""hi"": -0.35598837640050307, ""intersects"": true}, {""generator"": ""SQ"", ""p_c"": 800, ""slope"": -0.3420416645418425, ""lo"": -0.3479978577657304, ""hi"": -0.3358800925209334, ""intersects"": false}, {""generator"": ""UKL"", ""p_c"": 50, ""slope"": -0.4568061703848367, ""lo"": -0.4652538888003753, ""hi"": -0.44842177415408196, ""intersects"": true}, {""generator"": ""UKL"", ""p_c"": 200, ""slope"": -0.4555670306078159, ""lo"": -0.46316886778399097, ""hi"": -0.447775703849196, ""intersects"": true}, {""generator"": ""UKL"", ""p_c"": 800, ""slope"": -0.46269340659628444, ""lo"": -0.46997582070031146, ""hi"": -0.4555881153024492, ""intersects"": true}, {""generator"": ""BP"", ""p_c"": 50, ""slope"": -0.39263053619822913, ""lo"": -0.40009686121742893, ""hi"": -0.3850923790781503, ""intersects"": true}, {""generator"": ""BP"", ""p_c"": 200, ""slope"": -0.3956786453174106, ""lo"": -0.40234794273824365, ""hi"": -0.3888287183068256, ""intersects"": true}, {""generator"": ""BP"", ""p_c"": 800, ""slope"": -0.3904151304230434, ""lo"": -0.3963248349564689, ""hi"": -0.3845194345684493, ""intersects"": true}, {""generator"": ""BKL"", ""p_c"": 50, ""slope"": -0.2716605165364226, ""lo"": -0.2782109477822056, ""hi"": -0.264790285226348, ""intersects"": false}, {""generator"": ""BKL"", ""p_c"": 200, ""slope"": -0.22858791151984645, ""lo"": -0.23406550695731218, ""hi"": -0.22319437726683475, ""intersects"": false}, {""generator"": ""BKL"", ""p_c"": 800, ""slope"": -0.18599097556953456, ""lo"": -0.19090654823264008, ""hi"": -0.1810761635318152, ""intersects"": false}], ""ratios"": [{""generator"": ""SQ"", ""ratio"": 1.1669286866466106, ""lo"": 1.1555528846250227, ""hi"": 1.1785271747931854, ""below_limit"": true}, {""generator"": ""UKL"", ""ratio"": 1.1783067953267283, ""lo"": 1.1647303012157761, ""hi"": 1.1924567982824075, ""below_limit"": true}, {""generator"": ""BP"", ""ratio"": 1.1621284425783103, ""lo"": 1.1513730346281459, ""hi"": 1.1731592855942279, ""below_limit"": true}, {""generator"": ""BKL"", ""ratio"": 1.1524930865497358, ""lo"": 1.1404872046601389, ""hi"": 1.1642952261699173, ""below_limit"": true}], ""verdict"": ""negative"", ""failed"": [""slope|SQ|p_c=800"", ""slope|BKL|p_c=50"", ""slope|BKL|p_c=200"", ""slope|BKL|p_c=800""], ""incomplete"": []}","{""failures"": {""SQ|SN"": [0, 3000], ""SQ|TH"": [0, 3000], ""SQ|LTH"": [0, 3000], ""UKL|SN"": [0, 3000], ""UKL|TH"": [0, 3000], ""UKL|LTH"": [0, 3000], ""BP|SN"": [0, 3000], ""BP|TH"": [0, 3000], ""BP|LTH"": [0, 3000], ""BKL|SN"": [0, 3000], ""BKL|TH"": [0, 3000], ""BKL|LTH"": [0, 3000]}, ""pvalues"": {""SQ|SN"": 1.0, ""SQ|TH"": 1.0, ""SQ|LTH"": 1.0, ""UKL|SN"": 1.0, ""UKL|TH"": 1.0, ""UKL|LTH"": 1.0, ""BP|SN"": 1.0, ""BP|TH"": 1.0, ""BP|LTH"": 1.0, ""BKL|SN"": 1.0, ""BKL|TH"": 1.0, ""BKL|LTH"": 1.0}, ""rejected"": [], ""verdict"": ""H14-health: no departure from the prediction was detected"", ""bkl_zero_offset"": {""verdict"": ""pass"", ""expected"": 3000, ""replications"": 3000, ""infeasible_start"": 3000, ""mismatches"": [], ""missing"": []}}",[]
30,BP,50,4000,LTH,200,200,0.0,0.014867039231272054,"{""ok"": 200}",1.0,1.0,1.0,1.0,0.2534017949499662,151.16223832632448,0.6615836880989414,0.661745462734752,0.7283136220195919,1.0,0.0,200,0,0.00473335739057143,0,"{""verdict"": ""no violation"", ""violations"": 0, ""checked"": 27448, ""violating_cells"": []}","{""slopes"": [{""generator"": ""SQ"", ""p_c"": 50, ""slope"": -0.37387744893943003, ""lo"": -0.38204560748021754, ""hi"": -0.3656656886490169, ""intersects"": true}, {""generator"": ""SQ"", ""p_c"": 200, ""slope"": -0.3630240734188334, ""lo"": -0.3700524449828918, ""hi"": -0.35598837640050307, ""intersects"": true}, {""generator"": ""SQ"", ""p_c"": 800, ""slope"": -0.3420416645418425, ""lo"": -0.3479978577657304, ""hi"": -0.3358800925209334, ""intersects"": false}, {""generator"": ""UKL"", ""p_c"": 50, ""slope"": -0.4568061703848367, ""lo"": -0.4652538888003753, ""hi"": -0.44842177415408196, ""intersects"": true}, {""generator"": ""UKL"", ""p_c"": 200, ""slope"": -0.4555670306078159, ""lo"": -0.46316886778399097, ""hi"": -0.447775703849196, ""intersects"": true}, {""generator"": ""UKL"", ""p_c"": 800, ""slope"": -0.46269340659628444, ""lo"": -0.46997582070031146, ""hi"": -0.4555881153024492, ""intersects"": true}, {""generator"": ""BP"", ""p_c"": 50, ""slope"": -0.39263053619822913, ""lo"": -0.40009686121742893, ""hi"": -0.3850923790781503, ""intersects"": true}, {""generator"": ""BP"", ""p_c"": 200, ""slope"": -0.3956786453174106, ""lo"": -0.40234794273824365, ""hi"": -0.3888287183068256, ""intersects"": true}, {""generator"": ""BP"", ""p_c"": 800, ""slope"": -0.3904151304230434, ""lo"": -0.3963248349564689, ""hi"": -0.3845194345684493, ""intersects"": true}, {""generator"": ""BKL"", ""p_c"": 50, ""slope"": -0.2716605165364226, ""lo"": -0.2782109477822056, ""hi"": -0.264790285226348, ""intersects"": false}, {""generator"": ""BKL"", ""p_c"": 200, ""slope"": -0.22858791151984645, ""lo"": -0.23406550695731218, ""hi"": -0.22319437726683475, ""intersects"": false}, {""generator"": ""BKL"", ""p_c"": 800, ""slope"": -0.18599097556953456, ""lo"": -0.19090654823264008, ""hi"": -0.1810761635318152, ""intersects"": false}], ""ratios"": [{""generator"": ""SQ"", ""ratio"": 1.1669286866466106, ""lo"": 1.1555528846250227, ""hi"": 1.1785271747931854, ""below_limit"": true}, {""generator"": ""UKL"", ""ratio"": 1.1783067953267283, ""lo"": 1.1647303012157761, ""hi"": 1.1924567982824075, ""below_limit"": true}, {""generator"": ""BP"", ""ratio"": 1.1621284425783103, ""lo"": 1.1513730346281459, ""hi"": 1.1731592855942279, ""below_limit"": true}, {""generator"": ""BKL"", ""ratio"": 1.1524930865497358, ""lo"": 1.1404872046601389, ""hi"": 1.1642952261699173, ""below_limit"": true}], ""verdict"": ""negative"", ""failed"": [""slope|SQ|p_c=800"", ""slope|BKL|p_c=50"", ""slope|BKL|p_c=200"", ""slope|BKL|p_c=800""], ""incomplete"": []}","{""failures"": {""SQ|SN"": [0, 3000], ""SQ|TH"": [0, 3000], ""SQ|LTH"": [0, 3000], ""UKL|SN"": [0, 3000], ""UKL|TH"": [0, 3000], ""UKL|LTH"": [0, 3000], ""BP|SN"": [0, 3000], ""BP|TH"": [0, 3000], ""BP|LTH"": [0, 3000], ""BKL|SN"": [0, 3000], ""BKL|TH"": [0, 3000], ""BKL|LTH"": [0, 3000]}, ""pvalues"": {""SQ|SN"": 1.0, ""SQ|TH"": 1.0, ""SQ|LTH"": 1.0, ""UKL|SN"": 1.0, ""UKL|TH"": 1.0, ""UKL|LTH"": 1.0, ""BP|SN"": 1.0, ""BP|TH"": 1.0, ""BP|LTH"": 1.0, ""BKL|SN"": 1.0, ""BKL|TH"": 1.0, ""BKL|LTH"": 1.0}, ""rejected"": [], ""verdict"": ""H14-health: no departure from the prediction was detected"", ""bkl_zero_offset"": {""verdict"": ""pass"", ""expected"": 3000, ""replications"": 3000, ""infeasible_start"": 3000, ""mismatches"": [], ""missing"": []}}",[]
31,BP,50,8000,SN,200,200,0.0,0.014867039231272054,"{""ok"": 200}",0.985,1.0,1.0,0.985,0.17796883939548724,106.16407875355344,0.5414813825419971,0.539343263348561,0.6110090742639976,3.0,0.0,197,0,0.005606093033645336,0,"{""verdict"": ""no violation"", ""violations"": 0, ""checked"": 27448, ""violating_cells"": []}","{""slopes"": [{""generator"": ""SQ"", ""p_c"": 50, ""slope"": -0.37387744893943003, ""lo"": -0.38204560748021754, ""hi"": -0.3656656886490169, ""intersects"": true}, {""generator"": ""SQ"", ""p_c"": 200, ""slope"": -0.3630240734188334, ""lo"": -0.3700524449828918, ""hi"": -0.35598837640050307, ""intersects"": true}, {""generator"": ""SQ"", ""p_c"": 800, ""slope"": -0.3420416645418425, ""lo"": -0.3479978577657304, ""hi"": -0.3358800925209334, ""intersects"": false}, {""generator"": ""UKL"", ""p_c"": 50, ""slope"": -0.4568061703848367, ""lo"": -0.4652538888003753, ""hi"": -0.44842177415408196, ""intersects"": true}, {""generator"": ""UKL"", ""p_c"": 200, ""slope"": -0.4555670306078159, ""lo"": -0.46316886778399097, ""hi"": -0.447775703849196, ""intersects"": true}, {""generator"": ""UKL"", ""p_c"": 800, ""slope"": -0.46269340659628444, ""lo"": -0.46997582070031146, ""hi"": -0.4555881153024492, ""intersects"": true}, {""generator"": ""BP"", ""p_c"": 50, ""slope"": -0.39263053619822913, ""lo"": -0.40009686121742893, ""hi"": -0.3850923790781503, ""intersects"": true}, {""generator"": ""BP"", ""p_c"": 200, ""slope"": -0.3956786453174106, ""lo"": -0.40234794273824365, ""hi"": -0.3888287183068256, ""intersects"": true}, {""generator"": ""BP"", ""p_c"": 800, ""slope"": -0.3904151304230434, ""lo"": -0.3963248349564689, ""hi"": -0.3845194345684493, ""intersects"": true}, {""generator"": ""BKL"", ""p_c"": 50, ""slope"": -0.2716605165364226, ""lo"": -0.2782109477822056, ""hi"": -0.264790285226348, ""intersects"": false}, {""generator"": ""BKL"", ""p_c"": 200, ""slope"": -0.22858791151984645, ""lo"": -0.23406550695731218, ""hi"": -0.22319437726683475, ""intersects"": false}, {""generator"": ""BKL"", ""p_c"": 800, ""slope"": -0.18599097556953456, ""lo"": -0.19090654823264008, ""hi"": -0.1810761635318152, ""intersects"": false}], ""ratios"": [{""generator"": ""SQ"", ""ratio"": 1.1669286866466106, ""lo"": 1.1555528846250227, ""hi"": 1.1785271747931854, ""below_limit"": true}, {""generator"": ""UKL"", ""ratio"": 1.1783067953267283, ""lo"": 1.1647303012157761, ""hi"": 1.1924567982824075, ""below_limit"": true}, {""generator"": ""BP"", ""ratio"": 1.1621284425783103, ""lo"": 1.1513730346281459, ""hi"": 1.1731592855942279, ""below_limit"": true}, {""generator"": ""BKL"", ""ratio"": 1.1524930865497358, ""lo"": 1.1404872046601389, ""hi"": 1.1642952261699173, ""below_limit"": true}], ""verdict"": ""negative"", ""failed"": [""slope|SQ|p_c=800"", ""slope|BKL|p_c=50"", ""slope|BKL|p_c=200"", ""slope|BKL|p_c=800""], ""incomplete"": []}","{""failures"": {""SQ|SN"": [0, 3000], ""SQ|TH"": [0, 3000], ""SQ|LTH"": [0, 3000], ""UKL|SN"": [0, 3000], ""UKL|TH"": [0, 3000], ""UKL|LTH"": [0, 3000], ""BP|SN"": [0, 3000], ""BP|TH"": [0, 3000], ""BP|LTH"": [0, 3000], ""BKL|SN"": [0, 3000], ""BKL|TH"": [0, 3000], ""BKL|LTH"": [0, 3000]}, ""pvalues"": {""SQ|SN"": 1.0, ""SQ|TH"": 1.0, ""SQ|LTH"": 1.0, ""UKL|SN"": 1.0, ""UKL|TH"": 1.0, ""UKL|LTH"": 1.0, ""BP|SN"": 1.0, ""BP|TH"": 1.0, ""BP|LTH"": 1.0, ""BKL|SN"": 1.0, ""BKL|TH"": 1.0, ""BKL|LTH"": 1.0}, ""rejected"": [], ""verdict"": ""H14-health: no departure from the prediction was detected"", ""bkl_zero_offset"": {""verdict"": ""pass"", ""expected"": 3000, ""replications"": 3000, ""infeasible_start"": 3000, ""mismatches"": [], ""missing"": []}}",[]
31,BP,50,8000,TH,200,200,0.0,0.014867039231272054,"{""ok"": 200}",1.0,1.0,1.0,1.0,1.8577208976569632,1108.1896603410498,0.7287135674424813,0.7287295764906225,0.7300953045700285,0.0,0.0,200,0,0.0006489959454455131,0,"{""verdict"": ""no violation"", ""violations"": 0, ""checked"": 27448, ""violating_cells"": []}","{""slopes"": [{""generator"": ""SQ"", ""p_c"": 50, ""slope"": -0.37387744893943003, ""lo"": -0.38204560748021754, ""hi"": -0.3656656886490169, ""intersects"": true}, {""generator"": ""SQ"", ""p_c"": 200, ""slope"": -0.3630240734188334, ""lo"": -0.3700524449828918, ""hi"": -0.35598837640050307, ""intersects"": true}, {""generator"": ""SQ"", ""p_c"": 800, ""slope"": -0.3420416645418425, ""lo"": -0.3479978577657304, ""hi"": -0.3358800925209334, ""intersects"": false}, {""generator"": ""UKL"", ""p_c"": 50, ""slope"": -0.4568061703848367, ""lo"": -0.4652538888003753, ""hi"": -0.44842177415408196, ""intersects"": true}, {""generator"": ""UKL"", ""p_c"": 200, ""slope"": -0.4555670306078159, ""lo"": -0.46316886778399097, ""hi"": -0.447775703849196, ""intersects"": true}, {""generator"": ""UKL"", ""p_c"": 800, ""slope"": -0.46269340659628444, ""lo"": -0.46997582070031146, ""hi"": -0.4555881153024492, ""intersects"": true}, {""generator"": ""BP"", ""p_c"": 50, ""slope"": -0.39263053619822913, ""lo"": -0.40009686121742893, ""hi"": -0.3850923790781503, ""intersects"": true}, {""generator"": ""BP"", ""p_c"": 200, ""slope"": -0.3956786453174106, ""lo"": -0.40234794273824365, ""hi"": -0.3888287183068256, ""intersects"": true}, {""generator"": ""BP"", ""p_c"": 800, ""slope"": -0.3904151304230434, ""lo"": -0.3963248349564689, ""hi"": -0.3845194345684493, ""intersects"": true}, {""generator"": ""BKL"", ""p_c"": 50, ""slope"": -0.2716605165364226, ""lo"": -0.2782109477822056, ""hi"": -0.264790285226348, ""intersects"": false}, {""generator"": ""BKL"", ""p_c"": 200, ""slope"": -0.22858791151984645, ""lo"": -0.23406550695731218, ""hi"": -0.22319437726683475, ""intersects"": false}, {""generator"": ""BKL"", ""p_c"": 800, ""slope"": -0.18599097556953456, ""lo"": -0.19090654823264008, ""hi"": -0.1810761635318152, ""intersects"": false}], ""ratios"": [{""generator"": ""SQ"", ""ratio"": 1.1669286866466106, ""lo"": 1.1555528846250227, ""hi"": 1.1785271747931854, ""below_limit"": true}, {""generator"": ""UKL"", ""ratio"": 1.1783067953267283, ""lo"": 1.1647303012157761, ""hi"": 1.1924567982824075, ""below_limit"": true}, {""generator"": ""BP"", ""ratio"": 1.1621284425783103, ""lo"": 1.1513730346281459, ""hi"": 1.1731592855942279, ""below_limit"": true}, {""generator"": ""BKL"", ""ratio"": 1.1524930865497358, ""lo"": 1.1404872046601389, ""hi"": 1.1642952261699173, ""below_limit"": true}], ""verdict"": ""negative"", ""failed"": [""slope|SQ|p_c=800"", ""slope|BKL|p_c=50"", ""slope|BKL|p_c=200"", ""slope|BKL|p_c=800""], ""incomplete"": []}","{""failures"": {""SQ|SN"": [0, 3000], ""SQ|TH"": [0, 3000], ""SQ|LTH"": [0, 3000], ""UKL|SN"": [0, 3000], ""UKL|TH"": [0, 3000], ""UKL|LTH"": [0, 3000], ""BP|SN"": [0, 3000], ""BP|TH"": [0, 3000], ""BP|LTH"": [0, 3000], ""BKL|SN"": [0, 3000], ""BKL|TH"": [0, 3000], ""BKL|LTH"": [0, 3000]}, ""pvalues"": {""SQ|SN"": 1.0, ""SQ|TH"": 1.0, ""SQ|LTH"": 1.0, ""UKL|SN"": 1.0, ""UKL|TH"": 1.0, ""UKL|LTH"": 1.0, ""BP|SN"": 1.0, ""BP|TH"": 1.0, ""BP|LTH"": 1.0, ""BKL|SN"": 1.0, ""BKL|TH"": 1.0, ""BKL|LTH"": 1.0}, ""rejected"": [], ""verdict"": ""H14-health: no departure from the prediction was detected"", ""bkl_zero_offset"": {""verdict"": ""pass"", ""expected"": 3000, ""replications"": 3000, ""infeasible_start"": 3000, ""mismatches"": [], ""missing"": []}}",[]
31,BP,50,8000,LTH,200,200,0.0,0.014867039231272054,"{""ok"": 200}",0.985,1.0,1.0,0.985,0.17736726747928178,105.80522195308826,0.5404252611709579,0.5376874020793747,0.6086965578107435,3.0,0.0,197,0,0.005616062314260422,0,"{""verdict"": ""no violation"", ""violations"": 0, ""checked"": 27448, ""violating_cells"": []}","{""slopes"": [{""generator"": ""SQ"", ""p_c"": 50, ""slope"": -0.37387744893943003, ""lo"": -0.38204560748021754, ""hi"": -0.3656656886490169, ""intersects"": true}, {""generator"": ""SQ"", ""p_c"": 200, ""slope"": -0.3630240734188334, ""lo"": -0.3700524449828918, ""hi"": -0.35598837640050307, ""intersects"": true}, {""generator"": ""SQ"", ""p_c"": 800, ""slope"": -0.3420416645418425, ""lo"": -0.3479978577657304, ""hi"": -0.3358800925209334, ""intersects"": false}, {""generator"": ""UKL"", ""p_c"": 50, ""slope"": -0.4568061703848367, ""lo"": -0.4652538888003753, ""hi"": -0.44842177415408196, ""intersects"": true}, {""generator"": ""UKL"", ""p_c"": 200, ""slope"": -0.4555670306078159, ""lo"": -0.46316886778399097, ""hi"": -0.447775703849196, ""intersects"": true}, {""generator"": ""UKL"", ""p_c"": 800, ""slope"": -0.46269340659628444, ""lo"": -0.46997582070031146, ""hi"": -0.4555881153024492, ""intersects"": true}, {""generator"": ""BP"", ""p_c"": 50, ""slope"": -0.39263053619822913, ""lo"": -0.40009686121742893, ""hi"": -0.3850923790781503, ""intersects"": true}, {""generator"": ""BP"", ""p_c"": 200, ""slope"": -0.3956786453174106, ""lo"": -0.40234794273824365, ""hi"": -0.3888287183068256, ""intersects"": true}, {""generator"": ""BP"", ""p_c"": 800, ""slope"": -0.3904151304230434, ""lo"": -0.3963248349564689, ""hi"": -0.3845194345684493, ""intersects"": true}, {""generator"": ""BKL"", ""p_c"": 50, ""slope"": -0.2716605165364226, ""lo"": -0.2782109477822056, ""hi"": -0.264790285226348, ""intersects"": false}, {""generator"": ""BKL"", ""p_c"": 200, ""slope"": -0.22858791151984645, ""lo"": -0.23406550695731218, ""hi"": -0.22319437726683475, ""intersects"": false}, {""generator"": ""BKL"", ""p_c"": 800, ""slope"": -0.18599097556953456, ""lo"": -0.19090654823264008, ""hi"": -0.1810761635318152, ""intersects"": false}], ""ratios"": [{""generator"": ""SQ"", ""ratio"": 1.1669286866466106, ""lo"": 1.1555528846250227, ""hi"": 1.1785271747931854, ""below_limit"": true}, {""generator"": ""UKL"", ""ratio"": 1.1783067953267283, ""lo"": 1.1647303012157761, ""hi"": 1.1924567982824075, ""below_limit"": true}, {""generator"": ""BP"", ""ratio"": 1.1621284425783103, ""lo"": 1.1513730346281459, ""hi"": 1.1731592855942279, ""below_limit"": true}, {""generator"": ""BKL"", ""ratio"": 1.1524930865497358, ""lo"": 1.1404872046601389, ""hi"": 1.1642952261699173, ""below_limit"": true}], ""verdict"": ""negative"", ""failed"": [""slope|SQ|p_c=800"", ""slope|BKL|p_c=50"", ""slope|BKL|p_c=200"", ""slope|BKL|p_c=800""], ""incomplete"": []}","{""failures"": {""SQ|SN"": [0, 3000], ""SQ|TH"": [0, 3000], ""SQ|LTH"": [0, 3000], ""UKL|SN"": [0, 3000], ""UKL|TH"": [0, 3000], ""UKL|LTH"": [0, 3000], ""BP|SN"": [0, 3000], ""BP|TH"": [0, 3000], ""BP|LTH"": [0, 3000], ""BKL|SN"": [0, 3000], ""BKL|TH"": [0, 3000], ""BKL|LTH"": [0, 3000]}, ""pvalues"": {""SQ|SN"": 1.0, ""SQ|TH"": 1.0, ""SQ|LTH"": 1.0, ""UKL|SN"": 1.0, ""UKL|TH"": 1.0, ""UKL|LTH"": 1.0, ""BP|SN"": 1.0, ""BP|TH"": 1.0, ""BP|LTH"": 1.0, ""BKL|SN"": 1.0, ""BKL|TH"": 1.0, ""BKL|LTH"": 1.0}, ""rejected"": [], ""verdict"": ""H14-health: no departure from the prediction was detected"", ""bkl_zero_offset"": {""verdict"": ""pass"", ""expected"": 3000, ""replications"": 3000, ""infeasible_start"": 3000, ""mismatches"": [], ""missing"": []}}",[]
32,BP,50,16000,SN,200,200,0.0,0.014867039231272054,"{""ok"": 200}",0.995,1.0,1.0,0.995,0.12524018761502992,74.70975922658621,0.4165793636612466,0.41672964883724145,0.47132808811602894,3.0,0.0,199,0,0.006046487522465239,0,"{""verdict"": ""no violation"", ""violations"": 0, ""checked"": 27448, ""violating_cells"": []}","{""slopes"": [{""generator"": ""SQ"", ""p_c"": 50, ""slope"": -0.37387744893943003, ""lo"": -0.38204560748021754, ""hi"": -0.3656656886490169, ""intersects"": true}, {""generator"": ""SQ"", ""p_c"": 200, ""slope"": -0.3630240734188334, ""lo"": -0.3700524449828918, ""hi"": -0.35598837640050307, ""intersects"": true}, {""generator"": ""SQ"", ""p_c"": 800, ""slope"": -0.3420416645418425, ""lo"": -0.3479978577657304, ""hi"": -0.3358800925209334, ""intersects"": false}, {""generator"": ""UKL"", ""p_c"": 50, ""slope"": -0.4568061703848367, ""lo"": -0.4652538888003753, ""hi"": -0.44842177415408196, ""intersects"": true}, {""generator"": ""UKL"", ""p_c"": 200, ""slope"": -0.4555670306078159, ""lo"": -0.46316886778399097, ""hi"": -0.447775703849196, ""intersects"": true}, {""generator"": ""UKL"", ""p_c"": 800, ""slope"": -0.46269340659628444, ""lo"": -0.46997582070031146, ""hi"": -0.4555881153024492, ""intersects"": true}, {""generator"": ""BP"", ""p_c"": 50, ""slope"": -0.39263053619822913, ""lo"": -0.40009686121742893, ""hi"": -0.3850923790781503, ""intersects"": true}, {""generator"": ""BP"", ""p_c"": 200, ""slope"": -0.3956786453174106, ""lo"": -0.40234794273824365, ""hi"": -0.3888287183068256, ""intersects"": true}, {""generator"": ""BP"", ""p_c"": 800, ""slope"": -0.3904151304230434, ""lo"": -0.3963248349564689, ""hi"": -0.3845194345684493, ""intersects"": true}, {""generator"": ""BKL"", ""p_c"": 50, ""slope"": -0.2716605165364226, ""lo"": -0.2782109477822056, ""hi"": -0.264790285226348, ""intersects"": false}, {""generator"": ""BKL"", ""p_c"": 200, ""slope"": -0.22858791151984645, ""lo"": -0.23406550695731218, ""hi"": -0.22319437726683475, ""intersects"": false}, {""generator"": ""BKL"", ""p_c"": 800, ""slope"": -0.18599097556953456, ""lo"": -0.19090654823264008, ""hi"": -0.1810761635318152, ""intersects"": false}], ""ratios"": [{""generator"": ""SQ"", ""ratio"": 1.1669286866466106, ""lo"": 1.1555528846250227, ""hi"": 1.1785271747931854, ""below_limit"": true}, {""generator"": ""UKL"", ""ratio"": 1.1783067953267283, ""lo"": 1.1647303012157761, ""hi"": 1.1924567982824075, ""below_limit"": true}, {""generator"": ""BP"", ""ratio"": 1.1621284425783103, ""lo"": 1.1513730346281459, ""hi"": 1.1731592855942279, ""below_limit"": true}, {""generator"": ""BKL"", ""ratio"": 1.1524930865497358, ""lo"": 1.1404872046601389, ""hi"": 1.1642952261699173, ""below_limit"": true}], ""verdict"": ""negative"", ""failed"": [""slope|SQ|p_c=800"", ""slope|BKL|p_c=50"", ""slope|BKL|p_c=200"", ""slope|BKL|p_c=800""], ""incomplete"": []}","{""failures"": {""SQ|SN"": [0, 3000], ""SQ|TH"": [0, 3000], ""SQ|LTH"": [0, 3000], ""UKL|SN"": [0, 3000], ""UKL|TH"": [0, 3000], ""UKL|LTH"": [0, 3000], ""BP|SN"": [0, 3000], ""BP|TH"": [0, 3000], ""BP|LTH"": [0, 3000], ""BKL|SN"": [0, 3000], ""BKL|TH"": [0, 3000], ""BKL|LTH"": [0, 3000]}, ""pvalues"": {""SQ|SN"": 1.0, ""SQ|TH"": 1.0, ""SQ|LTH"": 1.0, ""UKL|SN"": 1.0, ""UKL|TH"": 1.0, ""UKL|LTH"": 1.0, ""BP|SN"": 1.0, ""BP|TH"": 1.0, ""BP|LTH"": 1.0, ""BKL|SN"": 1.0, ""BKL|TH"": 1.0, ""BKL|LTH"": 1.0}, ""rejected"": [], ""verdict"": ""H14-health: no departure from the prediction was detected"", ""bkl_zero_offset"": {""verdict"": ""pass"", ""expected"": 3000, ""replications"": 3000, ""infeasible_start"": 3000, ""mismatches"": [], ""missing"": []}}",[]
32,BP,50,16000,TH,200,200,0.0,0.014867039231272054,"{""ok"": 200}",1.0,1.0,1.0,1.0,1.3136070442851988,783.6084236679729,0.7287135674424813,0.7287295764906225,0.7300953045700285,0.0,0.0,200,0,0.0009178188679741941,0,"{""verdict"": ""no violation"", ""violations"": 0, ""checked"": 27448, ""violating_cells"": []}","{""slopes"": [{""generator"": ""SQ"", ""p_c"": 50, ""slope"": -0.37387744893943003, ""lo"": -0.38204560748021754, ""hi"": -0.3656656886490169, ""intersects"": true}, {""generator"": ""SQ"", ""p_c"": 200, ""slope"": -0.3630240734188334, ""lo"": -0.3700524449828918, ""hi"": -0.35598837640050307, ""intersects"": true}, {""generator"": ""SQ"", ""p_c"": 800, ""slope"": -0.3420416645418425, ""lo"": -0.3479978577657304, ""hi"": -0.3358800925209334, ""intersects"": false}, {""generator"": ""UKL"", ""p_c"": 50, ""slope"": -0.4568061703848367, ""lo"": -0.4652538888003753, ""hi"": -0.44842177415408196, ""intersects"": true}, {""generator"": ""UKL"", ""p_c"": 200, ""slope"": -0.4555670306078159, ""lo"": -0.46316886778399097, ""hi"": -0.447775703849196, ""intersects"": true}, {""generator"": ""UKL"", ""p_c"": 800, ""slope"": -0.46269340659628444, ""lo"": -0.46997582070031146, ""hi"": -0.4555881153024492, ""intersects"": true}, {""generator"": ""BP"", ""p_c"": 50, ""slope"": -0.39263053619822913, ""lo"": -0.40009686121742893, ""hi"": -0.3850923790781503, ""intersects"": true}, {""generator"": ""BP"", ""p_c"": 200, ""slope"": -0.3956786453174106, ""lo"": -0.40234794273824365, ""hi"": -0.3888287183068256, ""intersects"": true}, {""generator"": ""BP"", ""p_c"": 800, ""slope"": -0.3904151304230434, ""lo"": -0.3963248349564689, ""hi"": -0.3845194345684493, ""intersects"": true}, {""generator"": ""BKL"", ""p_c"": 50, ""slope"": -0.2716605165364226, ""lo"": -0.2782109477822056, ""hi"": -0.264790285226348, ""intersects"": false}, {""generator"": ""BKL"", ""p_c"": 200, ""slope"": -0.22858791151984645, ""lo"": -0.23406550695731218, ""hi"": -0.22319437726683475, ""intersects"": false}, {""generator"": ""BKL"", ""p_c"": 800, ""slope"": -0.18599097556953456, ""lo"": -0.19090654823264008, ""hi"": -0.1810761635318152, ""intersects"": false}], ""ratios"": [{""generator"": ""SQ"", ""ratio"": 1.1669286866466106, ""lo"": 1.1555528846250227, ""hi"": 1.1785271747931854, ""below_limit"": true}, {""generator"": ""UKL"", ""ratio"": 1.1783067953267283, ""lo"": 1.1647303012157761, ""hi"": 1.1924567982824075, ""below_limit"": true}, {""generator"": ""BP"", ""ratio"": 1.1621284425783103, ""lo"": 1.1513730346281459, ""hi"": 1.1731592855942279, ""below_limit"": true}, {""generator"": ""BKL"", ""ratio"": 1.1524930865497358, ""lo"": 1.1404872046601389, ""hi"": 1.1642952261699173, ""below_limit"": true}], ""verdict"": ""negative"", ""failed"": [""slope|SQ|p_c=800"", ""slope|BKL|p_c=50"", ""slope|BKL|p_c=200"", ""slope|BKL|p_c=800""], ""incomplete"": []}","{""failures"": {""SQ|SN"": [0, 3000], ""SQ|TH"": [0, 3000], ""SQ|LTH"": [0, 3000], ""UKL|SN"": [0, 3000], ""UKL|TH"": [0, 3000], ""UKL|LTH"": [0, 3000], ""BP|SN"": [0, 3000], ""BP|TH"": [0, 3000], ""BP|LTH"": [0, 3000], ""BKL|SN"": [0, 3000], ""BKL|TH"": [0, 3000], ""BKL|LTH"": [0, 3000]}, ""pvalues"": {""SQ|SN"": 1.0, ""SQ|TH"": 1.0, ""SQ|LTH"": 1.0, ""UKL|SN"": 1.0, ""UKL|TH"": 1.0, ""UKL|LTH"": 1.0, ""BP|SN"": 1.0, ""BP|TH"": 1.0, ""BP|LTH"": 1.0, ""BKL|SN"": 1.0, ""BKL|TH"": 1.0, ""BKL|LTH"": 1.0}, ""rejected"": [], ""verdict"": ""H14-health: no departure from the prediction was detected"", ""bkl_zero_offset"": {""verdict"": ""pass"", ""expected"": 3000, ""replications"": 3000, ""infeasible_start"": 3000, ""mismatches"": [], ""missing"": []}}",[]
32,BP,50,16000,LTH,200,200,0.0,0.014867039231272054,"{""ok"": 200}",0.995,1.0,1.0,0.995,0.1250266181484011,74.58235824025877,0.4159752317671432,0.41635766256524087,0.4670038961186655,3.0,0.0,199,0,0.006069529739590804,0,"{""verdict"": ""no violation"", ""violations"": 0, ""checked"": 27448, ""violating_cells"": []}","{""slopes"": [{""generator"": ""SQ"", ""p_c"": 50, ""slope"": -0.37387744893943003, ""lo"": -0.38204560748021754, ""hi"": -0.3656656886490169, ""intersects"": true}, {""generator"": ""SQ"", ""p_c"": 200, ""slope"": -0.3630240734188334, ""lo"": -0.3700524449828918, ""hi"": -0.35598837640050307, ""intersects"": true}, {""generator"": ""SQ"", ""p_c"": 800, ""slope"": -0.3420416645418425, ""lo"": -0.3479978577657304, ""hi"": -0.3358800925209334, ""intersects"": false}, {""generator"": ""UKL"", ""p_c"": 50, ""slope"": -0.4568061703848367, ""lo"": -0.4652538888003753, ""hi"": -0.44842177415408196, ""intersects"": true}, {""generator"": ""UKL"", ""p_c"": 200, ""slope"": -0.4555670306078159, ""lo"": -0.46316886778399097, ""hi"": -0.447775703849196, ""intersects"": true}, {""generator"": ""UKL"", ""p_c"": 800, ""slope"": -0.46269340659628444, ""lo"": -0.46997582070031146, ""hi"": -0.4555881153024492, ""intersects"": true}, {""generator"": ""BP"", ""p_c"": 50, ""slope"": -0.39263053619822913, ""lo"": -0.40009686121742893, ""hi"": -0.3850923790781503, ""intersects"": true}, {""generator"": ""BP"", ""p_c"": 200, ""slope"": -0.3956786453174106, ""lo"": -0.40234794273824365, ""hi"": -0.3888287183068256, ""intersects"": true}, {""generator"": ""BP"", ""p_c"": 800, ""slope"": -0.3904151304230434, ""lo"": -0.3963248349564689, ""hi"": -0.3845194345684493, ""intersects"": true}, {""generator"": ""BKL"", ""p_c"": 50, ""slope"": -0.2716605165364226, ""lo"": -0.2782109477822056, ""hi"": -0.264790285226348, ""intersects"": false}, {""generator"": ""BKL"", ""p_c"": 200, ""slope"": -0.22858791151984645, ""lo"": -0.23406550695731218, ""hi"": -0.22319437726683475, ""intersects"": false}, {""generator"": ""BKL"", ""p_c"": 800, ""slope"": -0.18599097556953456, ""lo"": -0.19090654823264008, ""hi"": -0.1810761635318152, ""intersects"": false}], ""ratios"": [{""generator"": ""SQ"", ""ratio"": 1.1669286866466106, ""lo"": 1.1555528846250227, ""hi"": 1.1785271747931854, ""below_limit"": true}, {""generator"": ""UKL"", ""ratio"": 1.1783067953267283, ""lo"": 1.1647303012157761, ""hi"": 1.1924567982824075, ""below_limit"": true}, {""generator"": ""BP"", ""ratio"": 1.1621284425783103, ""lo"": 1.1513730346281459, ""hi"": 1.1731592855942279, ""below_limit"": true}, {""generator"": ""BKL"", ""ratio"": 1.1524930865497358, ""lo"": 1.1404872046601389, ""hi"": 1.1642952261699173, ""below_limit"": true}], ""verdict"": ""negative"", ""failed"": [""slope|SQ|p_c=800"", ""slope|BKL|p_c=50"", ""slope|BKL|p_c=200"", ""slope|BKL|p_c=800""], ""incomplete"": []}","{""failures"": {""SQ|SN"": [0, 3000], ""SQ|TH"": [0, 3000], ""SQ|LTH"": [0, 3000], ""UKL|SN"": [0, 3000], ""UKL|TH"": [0, 3000], ""UKL|LTH"": [0, 3000], ""BP|SN"": [0, 3000], ""BP|TH"": [0, 3000], ""BP|LTH"": [0, 3000], ""BKL|SN"": [0, 3000], ""BKL|TH"": [0, 3000], ""BKL|LTH"": [0, 3000]}, ""pvalues"": {""SQ|SN"": 1.0, ""SQ|TH"": 1.0, ""SQ|LTH"": 1.0, ""UKL|SN"": 1.0, ""UKL|TH"": 1.0, ""UKL|LTH"": 1.0, ""BP|SN"": 1.0, ""BP|TH"": 1.0, ""BP|LTH"": 1.0, ""BKL|SN"": 1.0, ""BKL|TH"": 1.0, ""BKL|LTH"": 1.0}, ""rejected"": [], ""verdict"": ""H14-health: no departure from the prediction was detected"", ""bkl_zero_offset"": {""verdict"": ""pass"", ""expected"": 3000, ""replications"": 3000, ""infeasible_start"": 3000, ""mismatches"": [], ""missing"": []}}",[]
33,BP,50,32000,SN,200,200,0.0,0.014867039231272054,"{""ok"": 200}",0.99,1.0,1.0,0.99,0.0883265367516394,52.68959125418364,0.31870107812210047,0.32090407461017634,0.34941294356968955,4.0,0.0,198,0,0.006239906495164005,0,"{""verdict"": ""no violation"", ""violations"": 0, ""checked"": 27448, ""violating_cells"": []}","{""slopes"": [{""generator"": ""SQ"", ""p_c"": 50, ""slope"": -0.37387744893943003, ""lo"": -0.38204560748021754, ""hi"": -0.3656656886490169, ""intersects"": true}, {""generator"": ""SQ"", ""p_c"": 200, ""slope"": -0.3630240734188334, ""lo"": -0.3700524449828918, ""hi"": -0.35598837640050307, ""intersects"": true}, {""generator"": ""SQ"", ""p_c"": 800, ""slope"": -0.3420416645418425, ""lo"": -0.3479978577657304, ""hi"": -0.3358800925209334, ""intersects"": false}, {""generator"": ""UKL"", ""p_c"": 50, ""slope"": -0.4568061703848367, ""lo"": -0.4652538888003753, ""hi"": -0.44842177415408196, ""intersects"": true}, {""generator"": ""UKL"", ""p_c"": 200, ""slope"": -0.4555670306078159, ""lo"": -0.46316886778399097, ""hi"": -0.447775703849196, ""intersects"": true}, {""generator"": ""UKL"", ""p_c"": 800, ""slope"": -0.46269340659628444, ""lo"": -0.46997582070031146, ""hi"": -0.4555881153024492, ""intersects"": true}, {""generator"": ""BP"", ""p_c"": 50, ""slope"": -0.39263053619822913, ""lo"": -0.40009686121742893, ""hi"": -0.3850923790781503, ""intersects"": true}, {""generator"": ""BP"", ""p_c"": 200, ""slope"": -0.3956786453174106, ""lo"": -0.40234794273824365, ""hi"": -0.3888287183068256, ""intersects"": true}, {""generator"": ""BP"", ""p_c"": 800, ""slope"": -0.3904151304230434, ""lo"": -0.3963248349564689, ""hi"": -0.3845194345684493, ""intersects"": true}, {""generator"": ""BKL"", ""p_c"": 50, ""slope"": -0.2716605165364226, ""lo"": -0.2782109477822056, ""hi"": -0.264790285226348, ""intersects"": false}, {""generator"": ""BKL"", ""p_c"": 200, ""slope"": -0.22858791151984645, ""lo"": -0.23406550695731218, ""hi"": -0.22319437726683475, ""intersects"": false}, {""generator"": ""BKL"", ""p_c"": 800, ""slope"": -0.18599097556953456, ""lo"": -0.19090654823264008, ""hi"": -0.1810761635318152, ""intersects"": false}], ""ratios"": [{""generator"": ""SQ"", ""ratio"": 1.1669286866466106, ""lo"": 1.1555528846250227, ""hi"": 1.1785271747931854, ""below_limit"": true}, {""generator"": ""UKL"", ""ratio"": 1.1783067953267283, ""lo"": 1.1647303012157761, ""hi"": 1.1924567982824075, ""below_limit"": true}, {""generator"": ""BP"", ""ratio"": 1.1621284425783103, ""lo"": 1.1513730346281459, ""hi"": 1.1731592855942279, ""below_limit"": true}, {""generator"": ""BKL"", ""ratio"": 1.1524930865497358, ""lo"": 1.1404872046601389, ""hi"": 1.1642952261699173, ""below_limit"": true}], ""verdict"": ""negative"", ""failed"": [""slope|SQ|p_c=800"", ""slope|BKL|p_c=50"", ""slope|BKL|p_c=200"", ""slope|BKL|p_c=800""], ""incomplete"": []}","{""failures"": {""SQ|SN"": [0, 3000], ""SQ|TH"": [0, 3000], ""SQ|LTH"": [0, 3000], ""UKL|SN"": [0, 3000], ""UKL|TH"": [0, 3000], ""UKL|LTH"": [0, 3000], ""BP|SN"": [0, 3000], ""BP|TH"": [0, 3000], ""BP|LTH"": [0, 3000], ""BKL|SN"": [0, 3000], ""BKL|TH"": [0, 3000], ""BKL|LTH"": [0, 3000]}, ""pvalues"": {""SQ|SN"": 1.0, ""SQ|TH"": 1.0, ""SQ|LTH"": 1.0, ""UKL|SN"": 1.0, ""UKL|TH"": 1.0, ""UKL|LTH"": 1.0, ""BP|SN"": 1.0, ""BP|TH"": 1.0, ""BP|LTH"": 1.0, ""BKL|SN"": 1.0, ""BKL|TH"": 1.0, ""BKL|LTH"": 1.0}, ""rejected"": [], ""verdict"": ""H14-health: no departure from the prediction was detected"", ""bkl_zero_offset"": {""verdict"": ""pass"", ""expected"": 3000, ""replications"": 3000, ""infeasible_start"": 3000, ""mismatches"": [], ""missing"": []}}",[]
33,BP,50,32000,TH,200,200,0.0,0.014867039231272054,"{""ok"": 200}",1.0,1.0,1.0,1.0,0.9288604488284816,554.0948301705249,0.7287135674424813,0.7287295764906225,0.7300953045700285,0.0,0.0,200,0,0.0012979918908910262,0,"{""verdict"": ""no violation"", ""violations"": 0, ""checked"": 27448, ""violating_cells"": []}","{""slopes"": [{""generator"": ""SQ"", ""p_c"": 50, ""slope"": -0.37387744893943003, ""lo"": -0.38204560748021754, ""hi"": -0.3656656886490169, ""intersects"": true}, {""generator"": ""SQ"", ""p_c"": 200, ""slope"": -0.3630240734188334, ""lo"": -0.3700524449828918, ""hi"": -0.35598837640050307, ""intersects"": true}, {""generator"": ""SQ"", ""p_c"": 800, ""slope"": -0.3420416645418425, ""lo"": -0.3479978577657304, ""hi"": -0.3358800925209334, ""intersects"": false}, {""generator"": ""UKL"", ""p_c"": 50, ""slope"": -0.4568061703848367, ""lo"": -0.4652538888003753, ""hi"": -0.44842177415408196, ""intersects"": true}, {""generator"": ""UKL"", ""p_c"": 200, ""slope"": -0.4555670306078159, ""lo"": -0.46316886778399097, ""hi"": -0.447775703849196, ""intersects"": true}, {""generator"": ""UKL"", ""p_c"": 800, ""slope"": -0.46269340659628444, ""lo"": -0.46997582070031146, ""hi"": -0.4555881153024492, ""intersects"": true}, {""generator"": ""BP"", ""p_c"": 50, ""slope"": -0.39263053619822913, ""lo"": -0.40009686121742893, ""hi"": -0.3850923790781503, ""intersects"": true}, {""generator"": ""BP"", ""p_c"": 200, ""slope"": -0.3956786453174106, ""lo"": -0.40234794273824365, ""hi"": -0.3888287183068256, ""intersects"": true}, {""generator"": ""BP"", ""p_c"": 800, ""slope"": -0.3904151304230434, ""lo"": -0.3963248349564689, ""hi"": -0.3845194345684493, ""intersects"": true}, {""generator"": ""BKL"", ""p_c"": 50, ""slope"": -0.2716605165364226, ""lo"": -0.2782109477822056, ""hi"": -0.264790285226348, ""intersects"": false}, {""generator"": ""BKL"", ""p_c"": 200, ""slope"": -0.22858791151984645, ""lo"": -0.23406550695731218, ""hi"": -0.22319437726683475, ""intersects"": false}, {""generator"": ""BKL"", ""p_c"": 800, ""slope"": -0.18599097556953456, ""lo"": -0.19090654823264008, ""hi"": -0.1810761635318152, ""intersects"": false}], ""ratios"": [{""generator"": ""SQ"", ""ratio"": 1.1669286866466106, ""lo"": 1.1555528846250227, ""hi"": 1.1785271747931854, ""below_limit"": true}, {""generator"": ""UKL"", ""ratio"": 1.1783067953267283, ""lo"": 1.1647303012157761, ""hi"": 1.1924567982824075, ""below_limit"": true}, {""generator"": ""BP"", ""ratio"": 1.1621284425783103, ""lo"": 1.1513730346281459, ""hi"": 1.1731592855942279, ""below_limit"": true}, {""generator"": ""BKL"", ""ratio"": 1.1524930865497358, ""lo"": 1.1404872046601389, ""hi"": 1.1642952261699173, ""below_limit"": true}], ""verdict"": ""negative"", ""failed"": [""slope|SQ|p_c=800"", ""slope|BKL|p_c=50"", ""slope|BKL|p_c=200"", ""slope|BKL|p_c=800""], ""incomplete"": []}","{""failures"": {""SQ|SN"": [0, 3000], ""SQ|TH"": [0, 3000], ""SQ|LTH"": [0, 3000], ""UKL|SN"": [0, 3000], ""UKL|TH"": [0, 3000], ""UKL|LTH"": [0, 3000], ""BP|SN"": [0, 3000], ""BP|TH"": [0, 3000], ""BP|LTH"": [0, 3000], ""BKL|SN"": [0, 3000], ""BKL|TH"": [0, 3000], ""BKL|LTH"": [0, 3000]}, ""pvalues"": {""SQ|SN"": 1.0, ""SQ|TH"": 1.0, ""SQ|LTH"": 1.0, ""UKL|SN"": 1.0, ""UKL|TH"": 1.0, ""UKL|LTH"": 1.0, ""BP|SN"": 1.0, ""BP|TH"": 1.0, ""BP|LTH"": 1.0, ""BKL|SN"": 1.0, ""BKL|TH"": 1.0, ""BKL|LTH"": 1.0}, ""rejected"": [], ""verdict"": ""H14-health: no departure from the prediction was detected"", ""bkl_zero_offset"": {""verdict"": ""pass"", ""expected"": 3000, ""replications"": 3000, ""infeasible_start"": 3000, ""mismatches"": [], ""missing"": []}}",[]
33,BP,50,32000,LTH,200,200,0.0,0.014867039231272054,"{""ok"": 200}",0.99,1.0,1.0,0.99,0.08850903753479052,52.79845878167245,0.31909131600947055,0.3212674099083471,0.34877289470210815,4.0,0.0,198,0,0.006243129214827484,0,"{""verdict"": ""no violation"", ""violations"": 0, ""checked"": 27448, ""violating_cells"": []}","{""slopes"": [{""generator"": ""SQ"", ""p_c"": 50, ""slope"": -0.37387744893943003, ""lo"": -0.38204560748021754, ""hi"": -0.3656656886490169, ""intersects"": true}, {""generator"": ""SQ"", ""p_c"": 200, ""slope"": -0.3630240734188334, ""lo"": -0.3700524449828918, ""hi"": -0.35598837640050307, ""intersects"": true}, {""generator"": ""SQ"", ""p_c"": 800, ""slope"": -0.3420416645418425, ""lo"": -0.3479978577657304, ""hi"": -0.3358800925209334, ""intersects"": false}, {""generator"": ""UKL"", ""p_c"": 50, ""slope"": -0.4568061703848367, ""lo"": -0.4652538888003753, ""hi"": -0.44842177415408196, ""intersects"": true}, {""generator"": ""UKL"", ""p_c"": 200, ""slope"": -0.4555670306078159, ""lo"": -0.46316886778399097, ""hi"": -0.447775703849196, ""intersects"": true}, {""generator"": ""UKL"", ""p_c"": 800, ""slope"": -0.46269340659628444, ""lo"": -0.46997582070031146, ""hi"": -0.4555881153024492, ""intersects"": true}, {""generator"": ""BP"", ""p_c"": 50, ""slope"": -0.39263053619822913, ""lo"": -0.40009686121742893, ""hi"": -0.3850923790781503, ""intersects"": true}, {""generator"": ""BP"", ""p_c"": 200, ""slope"": -0.3956786453174106, ""lo"": -0.40234794273824365, ""hi"": -0.3888287183068256, ""intersects"": true}, {""generator"": ""BP"", ""p_c"": 800, ""slope"": -0.3904151304230434, ""lo"": -0.3963248349564689, ""hi"": -0.3845194345684493, ""intersects"": true}, {""generator"": ""BKL"", ""p_c"": 50, ""slope"": -0.2716605165364226, ""lo"": -0.2782109477822056, ""hi"": -0.264790285226348, ""intersects"": false}, {""generator"": ""BKL"", ""p_c"": 200, ""slope"": -0.22858791151984645, ""lo"": -0.23406550695731218, ""hi"": -0.22319437726683475, ""intersects"": false}, {""generator"": ""BKL"", ""p_c"": 800, ""slope"": -0.18599097556953456, ""lo"": -0.19090654823264008, ""hi"": -0.1810761635318152, ""intersects"": false}], ""ratios"": [{""generator"": ""SQ"", ""ratio"": 1.1669286866466106, ""lo"": 1.1555528846250227, ""hi"": 1.1785271747931854, ""below_limit"": true}, {""generator"": ""UKL"", ""ratio"": 1.1783067953267283, ""lo"": 1.1647303012157761, ""hi"": 1.1924567982824075, ""below_limit"": true}, {""generator"": ""BP"", ""ratio"": 1.1621284425783103, ""lo"": 1.1513730346281459, ""hi"": 1.1731592855942279, ""below_limit"": true}, {""generator"": ""BKL"", ""ratio"": 1.1524930865497358, ""lo"": 1.1404872046601389, ""hi"": 1.1642952261699173, ""below_limit"": true}], ""verdict"": ""negative"", ""failed"": [""slope|SQ|p_c=800"", ""slope|BKL|p_c=50"", ""slope|BKL|p_c=200"", ""slope|BKL|p_c=800""], ""incomplete"": []}","{""failures"": {""SQ|SN"": [0, 3000], ""SQ|TH"": [0, 3000], ""SQ|LTH"": [0, 3000], ""UKL|SN"": [0, 3000], ""UKL|TH"": [0, 3000], ""UKL|LTH"": [0, 3000], ""BP|SN"": [0, 3000], ""BP|TH"": [0, 3000], ""BP|LTH"": [0, 3000], ""BKL|SN"": [0, 3000], ""BKL|TH"": [0, 3000], ""BKL|LTH"": [0, 3000]}, ""pvalues"": {""SQ|SN"": 1.0, ""SQ|TH"": 1.0, ""SQ|LTH"": 1.0, ""UKL|SN"": 1.0, ""UKL|TH"": 1.0, ""UKL|LTH"": 1.0, ""BP|SN"": 1.0, ""BP|TH"": 1.0, ""BP|LTH"": 1.0, ""BKL|SN"": 1.0, ""BKL|TH"": 1.0, ""BKL|LTH"": 1.0}, ""rejected"": [], ""verdict"": ""H14-health: no departure from the prediction was detected"", ""bkl_zero_offset"": {""verdict"": ""pass"", ""expected"": 3000, ""replications"": 3000, ""infeasible_start"": 3000, ""mismatches"": [], ""missing"": []}}",[]
34,BP,50,64000,SN,200,200,0.0,0.014867039231272054,"{""ok"": 200}",0.985,1.0,1.0,0.985,0.062415915527142686,37.23308076855807,0.24171890323011133,0.2420706345313543,0.2764314104648014,4.0,0.0,197,0,0.006731064830989162,0,"{""verdict"": ""no violation"", ""violations"": 0, ""checked"": 27448, ""violating_cells"": []}","{""slopes"": [{""generator"": ""SQ"", ""p_c"": 50, ""slope"": -0.37387744893943003, ""lo"": -0.38204560748021754, ""hi"": -0.3656656886490169, ""intersects"": true}, {""generator"": ""SQ"", ""p_c"": 200, ""slope"": -0.3630240734188334, ""lo"": -0.3700524449828918, ""hi"": -0.35598837640050307, ""intersects"": true}, {""generator"": ""SQ"", ""p_c"": 800, ""slope"": -0.3420416645418425, ""lo"": -0.3479978577657304, ""hi"": -0.3358800925209334, ""intersects"": false}, {""generator"": ""UKL"", ""p_c"": 50, ""slope"": -0.4568061703848367, ""lo"": -0.4652538888003753, ""hi"": -0.44842177415408196, ""intersects"": true}, {""generator"": ""UKL"", ""p_c"": 200, ""slope"": -0.4555670306078159, ""lo"": -0.46316886778399097, ""hi"": -0.447775703849196, ""intersects"": true}, {""generator"": ""UKL"", ""p_c"": 800, ""slope"": -0.46269340659628444, ""lo"": -0.46997582070031146, ""hi"": -0.4555881153024492, ""intersects"": true}, {""generator"": ""BP"", ""p_c"": 50, ""slope"": -0.39263053619822913, ""lo"": -0.40009686121742893, ""hi"": -0.3850923790781503, ""intersects"": true}, {""generator"": ""BP"", ""p_c"": 200, ""slope"": -0.3956786453174106, ""lo"": -0.40234794273824365, ""hi"": -0.3888287183068256, ""intersects"": true}, {""generator"": ""BP"", ""p_c"": 800, ""slope"": -0.3904151304230434, ""lo"": -0.3963248349564689, ""hi"": -0.3845194345684493, ""intersects"": true}, {""generator"": ""BKL"", ""p_c"": 50, ""slope"": -0.2716605165364226, ""lo"": -0.2782109477822056, ""hi"": -0.264790285226348, ""intersects"": false}, {""generator"": ""BKL"", ""p_c"": 200, ""slope"": -0.22858791151984645, ""lo"": -0.23406550695731218, ""hi"": -0.22319437726683475, ""intersects"": false}, {""generator"": ""BKL"", ""p_c"": 800, ""slope"": -0.18599097556953456, ""lo"": -0.19090654823264008, ""hi"": -0.1810761635318152, ""intersects"": false}], ""ratios"": [{""generator"": ""SQ"", ""ratio"": 1.1669286866466106, ""lo"": 1.1555528846250227, ""hi"": 1.1785271747931854, ""below_limit"": true}, {""generator"": ""UKL"", ""ratio"": 1.1783067953267283, ""lo"": 1.1647303012157761, ""hi"": 1.1924567982824075, ""below_limit"": true}, {""generator"": ""BP"", ""ratio"": 1.1621284425783103, ""lo"": 1.1513730346281459, ""hi"": 1.1731592855942279, ""below_limit"": true}, {""generator"": ""BKL"", ""ratio"": 1.1524930865497358, ""lo"": 1.1404872046601389, ""hi"": 1.1642952261699173, ""below_limit"": true}], ""verdict"": ""negative"", ""failed"": [""slope|SQ|p_c=800"", ""slope|BKL|p_c=50"", ""slope|BKL|p_c=200"", ""slope|BKL|p_c=800""], ""incomplete"": []}","{""failures"": {""SQ|SN"": [0, 3000], ""SQ|TH"": [0, 3000], ""SQ|LTH"": [0, 3000], ""UKL|SN"": [0, 3000], ""UKL|TH"": [0, 3000], ""UKL|LTH"": [0, 3000], ""BP|SN"": [0, 3000], ""BP|TH"": [0, 3000], ""BP|LTH"": [0, 3000], ""BKL|SN"": [0, 3000], ""BKL|TH"": [0, 3000], ""BKL|LTH"": [0, 3000]}, ""pvalues"": {""SQ|SN"": 1.0, ""SQ|TH"": 1.0, ""SQ|LTH"": 1.0, ""UKL|SN"": 1.0, ""UKL|TH"": 1.0, ""UKL|LTH"": 1.0, ""BP|SN"": 1.0, ""BP|TH"": 1.0, ""BP|LTH"": 1.0, ""BKL|SN"": 1.0, ""BKL|TH"": 1.0, ""BKL|LTH"": 1.0}, ""rejected"": [], ""verdict"": ""H14-health: no departure from the prediction was detected"", ""bkl_zero_offset"": {""verdict"": ""pass"", ""expected"": 3000, ""replications"": 3000, ""infeasible_start"": 3000, ""mismatches"": [], ""missing"": []}}",[]
34,BP,50,64000,TH,200,200,0.0,0.014867039231272054,"{""ok"": 200}",1.0,1.0,1.0,1.0,0.6568035221425994,391.80421183398647,0.7287135674424813,0.7287295764906225,0.7300953045700285,0.0,0.0,200,0,0.0018356377359483882,0,"{""verdict"": ""no violation"", ""violations"": 0, ""checked"": 27448, ""violating_cells"": []}","{""slopes"": [{""generator"": ""SQ"", ""p_c"": 50, ""slope"": -0.37387744893943003, ""lo"": -0.38204560748021754, ""hi"": -0.3656656886490169, ""intersects"": true}, {""generator"": ""SQ"", ""p_c"": 200, ""slope"": -0.3630240734188334, ""lo"": -0.3700524449828918, ""hi"": -0.35598837640050307, ""intersects"": true}, {""generator"": ""SQ"", ""p_c"": 800, ""slope"": -0.3420416645418425, ""lo"": -0.3479978577657304, ""hi"": -0.3358800925209334, ""intersects"": false}, {""generator"": ""UKL"", ""p_c"": 50, ""slope"": -0.4568061703848367, ""lo"": -0.4652538888003753, ""hi"": -0.44842177415408196, ""intersects"": true}, {""generator"": ""UKL"", ""p_c"": 200, ""slope"": -0.4555670306078159, ""lo"": -0.46316886778399097, ""hi"": -0.447775703849196, ""intersects"": true}, {""generator"": ""UKL"", ""p_c"": 800, ""slope"": -0.46269340659628444, ""lo"": -0.46997582070031146, ""hi"": -0.4555881153024492, ""intersects"": true}, {""generator"": ""BP"", ""p_c"": 50, ""slope"": -0.39263053619822913, ""lo"": -0.40009686121742893, ""hi"": -0.3850923790781503, ""intersects"": true}, {""generator"": ""BP"", ""p_c"": 200, ""slope"": -0.3956786453174106, ""lo"": -0.40234794273824365, ""hi"": -0.3888287183068256, ""intersects"": true}, {""generator"": ""BP"", ""p_c"": 800, ""slope"": -0.3904151304230434, ""lo"": -0.3963248349564689, ""hi"": -0.3845194345684493, ""intersects"": true}, {""generator"": ""BKL"", ""p_c"": 50, ""slope"": -0.2716605165364226, ""lo"": -0.2782109477822056, ""hi"": -0.264790285226348, ""intersects"": false}, {""generator"": ""BKL"", ""p_c"": 200, ""slope"": -0.22858791151984645, ""lo"": -0.23406550695731218, ""hi"": -0.22319437726683475, ""intersects"": false}, {""generator"": ""BKL"", ""p_c"": 800, ""slope"": -0.18599097556953456, ""lo"": -0.19090654823264008, ""hi"": -0.1810761635318152, ""intersects"": false}], ""ratios"": [{""generator"": ""SQ"", ""ratio"": 1.1669286866466106, ""lo"": 1.1555528846250227, ""hi"": 1.1785271747931854, ""below_limit"": true}, {""generator"": ""UKL"", ""ratio"": 1.1783067953267283, ""lo"": 1.1647303012157761, ""hi"": 1.1924567982824075, ""below_limit"": true}, {""generator"": ""BP"", ""ratio"": 1.1621284425783103, ""lo"": 1.1513730346281459, ""hi"": 1.1731592855942279, ""below_limit"": true}, {""generator"": ""BKL"", ""ratio"": 1.1524930865497358, ""lo"": 1.1404872046601389, ""hi"": 1.1642952261699173, ""below_limit"": true}], ""verdict"": ""negative"", ""failed"": [""slope|SQ|p_c=800"", ""slope|BKL|p_c=50"", ""slope|BKL|p_c=200"", ""slope|BKL|p_c=800""], ""incomplete"": []}","{""failures"": {""SQ|SN"": [0, 3000], ""SQ|TH"": [0, 3000], ""SQ|LTH"": [0, 3000], ""UKL|SN"": [0, 3000], ""UKL|TH"": [0, 3000], ""UKL|LTH"": [0, 3000], ""BP|SN"": [0, 3000], ""BP|TH"": [0, 3000], ""BP|LTH"": [0, 3000], ""BKL|SN"": [0, 3000], ""BKL|TH"": [0, 3000], ""BKL|LTH"": [0, 3000]}, ""pvalues"": {""SQ|SN"": 1.0, ""SQ|TH"": 1.0, ""SQ|LTH"": 1.0, ""UKL|SN"": 1.0, ""UKL|TH"": 1.0, ""UKL|LTH"": 1.0, ""BP|SN"": 1.0, ""BP|TH"": 1.0, ""BP|LTH"": 1.0, ""BKL|SN"": 1.0, ""BKL|TH"": 1.0, ""BKL|LTH"": 1.0}, ""rejected"": [], ""verdict"": ""H14-health: no departure from the prediction was detected"", ""bkl_zero_offset"": {""verdict"": ""pass"", ""expected"": 3000, ""replications"": 3000, ""infeasible_start"": 3000, ""mismatches"": [], ""missing"": []}}",[]
34,BP,50,64000,LTH,200,200,0.0,0.014867039231272054,"{""ok"": 200}",0.985,1.0,1.0,0.985,0.0629012198324661,37.52258023748083,0.24345774636263676,0.24363414232055491,0.2765131567245041,4.0,0.0,197,0,0.006730249779700567,0,"{""verdict"": ""no violation"", ""violations"": 0, ""checked"": 27448, ""violating_cells"": []}","{""slopes"": [{""generator"": ""SQ"", ""p_c"": 50, ""slope"": -0.37387744893943003, ""lo"": -0.38204560748021754, ""hi"": -0.3656656886490169, ""intersects"": true}, {""generator"": ""SQ"", ""p_c"": 200, ""slope"": -0.3630240734188334, ""lo"": -0.3700524449828918, ""hi"": -0.35598837640050307, ""intersects"": true}, {""generator"": ""SQ"", ""p_c"": 800, ""slope"": -0.3420416645418425, ""lo"": -0.3479978577657304, ""hi"": -0.3358800925209334, ""intersects"": false}, {""generator"": ""UKL"", ""p_c"": 50, ""slope"": -0.4568061703848367, ""lo"": -0.4652538888003753, ""hi"": -0.44842177415408196, ""intersects"": true}, {""generator"": ""UKL"", ""p_c"": 200, ""slope"": -0.4555670306078159, ""lo"": -0.46316886778399097, ""hi"": -0.447775703849196, ""intersects"": true}, {""generator"": ""UKL"", ""p_c"": 800, ""slope"": -0.46269340659628444, ""lo"": -0.46997582070031146, ""hi"": -0.4555881153024492, ""intersects"": true}, {""generator"": ""BP"", ""p_c"": 50, ""slope"": -0.39263053619822913, ""lo"": -0.40009686121742893, ""hi"": -0.3850923790781503, ""intersects"": true}, {""generator"": ""BP"", ""p_c"": 200, ""slope"": -0.3956786453174106, ""lo"": -0.40234794273824365, ""hi"": -0.3888287183068256, ""intersects"": true}, {""generator"": ""BP"", ""p_c"": 800, ""slope"": -0.3904151304230434, ""lo"": -0.3963248349564689, ""hi"": -0.3845194345684493, ""intersects"": true}, {""generator"": ""BKL"", ""p_c"": 50, ""slope"": -0.2716605165364226, ""lo"": -0.2782109477822056, ""hi"": -0.264790285226348, ""intersects"": false}, {""generator"": ""BKL"", ""p_c"": 200, ""slope"": -0.22858791151984645, ""lo"": -0.23406550695731218, ""hi"": -0.22319437726683475, ""intersects"": false}, {""generator"": ""BKL"", ""p_c"": 800, ""slope"": -0.18599097556953456, ""lo"": -0.19090654823264008, ""hi"": -0.1810761635318152, ""intersects"": false}], ""ratios"": [{""generator"": ""SQ"", ""ratio"": 1.1669286866466106, ""lo"": 1.1555528846250227, ""hi"": 1.1785271747931854, ""below_limit"": true}, {""generator"": ""UKL"", ""ratio"": 1.1783067953267283, ""lo"": 1.1647303012157761, ""hi"": 1.1924567982824075, ""below_limit"": true}, {""generator"": ""BP"", ""ratio"": 1.1621284425783103, ""lo"": 1.1513730346281459, ""hi"": 1.1731592855942279, ""below_limit"": true}, {""generator"": ""BKL"", ""ratio"": 1.1524930865497358, ""lo"": 1.1404872046601389, ""hi"": 1.1642952261699173, ""below_limit"": true}], ""verdict"": ""negative"", ""failed"": [""slope|SQ|p_c=800"", ""slope|BKL|p_c=50"", ""slope|BKL|p_c=200"", ""slope|BKL|p_c=800""], ""incomplete"": []}","{""failures"": {""SQ|SN"": [0, 3000], ""SQ|TH"": [0, 3000], ""SQ|LTH"": [0, 3000], ""UKL|SN"": [0, 3000], ""UKL|TH"": [0, 3000], ""UKL|LTH"": [0, 3000], ""BP|SN"": [0, 3000], ""BP|TH"": [0, 3000], ""BP|LTH"": [0, 3000], ""BKL|SN"": [0, 3000], ""BKL|TH"": [0, 3000], ""BKL|LTH"": [0, 3000]}, ""pvalues"": {""SQ|SN"": 1.0, ""SQ|TH"": 1.0, ""SQ|LTH"": 1.0, ""UKL|SN"": 1.0, ""UKL|TH"": 1.0, ""UKL|LTH"": 1.0, ""BP|SN"": 1.0, ""BP|TH"": 1.0, ""BP|LTH"": 1.0, ""BKL|SN"": 1.0, ""BKL|TH"": 1.0, ""BKL|LTH"": 1.0}, ""rejected"": [], ""verdict"": ""H14-health: no departure from the prediction was detected"", ""bkl_zero_offset"": {""verdict"": ""pass"", ""expected"": 3000, ""replications"": 3000, ""infeasible_start"": 3000, ""mismatches"": [], ""missing"": []}}",[]
35,BP,200,4000,SN,200,200,0.0,0.014867039231272054,"{""ok"": 200}",0.99,1.0,0.0,0.0,0.2821809342451963,168.32991116712276,0.6963869165373942,0.6999511954816443,0.7293426105062604,1.0,0.0,0,0,,0,"{""verdict"": ""no violation"", ""violations"": 0, ""checked"": 27448, ""violating_cells"": []}","{""slopes"": [{""generator"": ""SQ"", ""p_c"": 50, ""slope"": -0.37387744893943003, ""lo"": -0.38204560748021754, ""hi"": -0.3656656886490169, ""intersects"": true}, {""generator"": ""SQ"", ""p_c"": 200, ""slope"": -0.3630240734188334, ""lo"": -0.3700524449828918, ""hi"": -0.35598837640050307, ""intersects"": true}, {""generator"": ""SQ"", ""p_c"": 800, ""slope"": -0.3420416645418425, ""lo"": -0.3479978577657304, ""hi"": -0.3358800925209334, ""intersects"": false}, {""generator"": ""UKL"", ""p_c"": 50, ""slope"": -0.4568061703848367, ""lo"": -0.4652538888003753, ""hi"": -0.44842177415408196, ""intersects"": true}, {""generator"": ""UKL"", ""p_c"": 200, ""slope"": -0.4555670306078159, ""lo"": -0.46316886778399097, ""hi"": -0.447775703849196, ""intersects"": true}, {""generator"": ""UKL"", ""p_c"": 800, ""slope"": -0.46269340659628444, ""lo"": -0.46997582070031146, ""hi"": -0.4555881153024492, ""intersects"": true}, {""generator"": ""BP"", ""p_c"": 50, ""slope"": -0.39263053619822913, ""lo"": -0.40009686121742893, ""hi"": -0.3850923790781503, ""intersects"": true}, {""generator"": ""BP"", ""p_c"": 200, ""slope"": -0.3956786453174106, ""lo"": -0.40234794273824365, ""hi"": -0.3888287183068256, ""intersects"": true}, {""generator"": ""BP"", ""p_c"": 800, ""slope"": -0.3904151304230434, ""lo"": -0.3963248349564689, ""hi"": -0.3845194345684493, ""intersects"": true}, {""generator"": ""BKL"", ""p_c"": 50, ""slope"": -0.2716605165364226, ""lo"": -0.2782109477822056, ""hi"": -0.264790285226348, ""intersects"": false}, {""generator"": ""BKL"", ""p_c"": 200, ""slope"": -0.22858791151984645, ""lo"": -0.23406550695731218, ""hi"": -0.22319437726683475, ""intersects"": false}, {""generator"": ""BKL"", ""p_c"": 800, ""slope"": -0.18599097556953456, ""lo"": -0.19090654823264008, ""hi"": -0.1810761635318152, ""intersects"": false}], ""ratios"": [{""generator"": ""SQ"", ""ratio"": 1.1669286866466106, ""lo"": 1.1555528846250227, ""hi"": 1.1785271747931854, ""below_limit"": true}, {""generator"": ""UKL"", ""ratio"": 1.1783067953267283, ""lo"": 1.1647303012157761, ""hi"": 1.1924567982824075, ""below_limit"": true}, {""generator"": ""BP"", ""ratio"": 1.1621284425783103, ""lo"": 1.1513730346281459, ""hi"": 1.1731592855942279, ""below_limit"": true}, {""generator"": ""BKL"", ""ratio"": 1.1524930865497358, ""lo"": 1.1404872046601389, ""hi"": 1.1642952261699173, ""below_limit"": true}], ""verdict"": ""negative"", ""failed"": [""slope|SQ|p_c=800"", ""slope|BKL|p_c=50"", ""slope|BKL|p_c=200"", ""slope|BKL|p_c=800""], ""incomplete"": []}","{""failures"": {""SQ|SN"": [0, 3000], ""SQ|TH"": [0, 3000], ""SQ|LTH"": [0, 3000], ""UKL|SN"": [0, 3000], ""UKL|TH"": [0, 3000], ""UKL|LTH"": [0, 3000], ""BP|SN"": [0, 3000], ""BP|TH"": [0, 3000], ""BP|LTH"": [0, 3000], ""BKL|SN"": [0, 3000], ""BKL|TH"": [0, 3000], ""BKL|LTH"": [0, 3000]}, ""pvalues"": {""SQ|SN"": 1.0, ""SQ|TH"": 1.0, ""SQ|LTH"": 1.0, ""UKL|SN"": 1.0, ""UKL|TH"": 1.0, ""UKL|LTH"": 1.0, ""BP|SN"": 1.0, ""BP|TH"": 1.0, ""BP|LTH"": 1.0, ""BKL|SN"": 1.0, ""BKL|TH"": 1.0, ""BKL|LTH"": 1.0}, ""rejected"": [], ""verdict"": ""H14-health: no departure from the prediction was detected"", ""bkl_zero_offset"": {""verdict"": ""pass"", ""expected"": 3000, ""replications"": 3000, ""infeasible_start"": 3000, ""mismatches"": [], ""missing"": []}}",[]
35,BP,200,4000,TH,200,200,0.0,0.014867039231272054,"{""ok"": 200}",1.0,1.0,0.0,0.0,2.85100314268002,1700.7141429601577,0.7287135674424813,0.7287295764906225,0.7300953045700285,0.0,0.0,0,0,,0,"{""verdict"": ""no violation"", ""violations"": 0, ""checked"": 27448, ""violating_cells"": []}","{""slopes"": [{""generator"": ""SQ"", ""p_c"": 50, ""slope"": -0.37387744893943003, ""lo"": -0.38204560748021754, ""hi"": -0.3656656886490169, ""intersects"": true}, {""generator"": ""SQ"", ""p_c"": 200, ""slope"": -0.3630240734188334, ""lo"": -0.3700524449828918, ""hi"": -0.35598837640050307, ""intersects"": true}, {""generator"": ""SQ"", ""p_c"": 800, ""slope"": -0.3420416645418425, ""lo"": -0.3479978577657304, ""hi"": -0.3358800925209334, ""intersects"": false}, {""generator"": ""UKL"", ""p_c"": 50, ""slope"": -0.4568061703848367, ""lo"": -0.4652538888003753, ""hi"": -0.44842177415408196, ""intersects"": true}, {""generator"": ""UKL"", ""p_c"": 200, ""slope"": -0.4555670306078159, ""lo"": -0.46316886778399097, ""hi"": -0.447775703849196, ""intersects"": true}, {""generator"": ""UKL"", ""p_c"": 800, ""slope"": -0.46269340659628444, ""lo"": -0.46997582070031146, ""hi"": -0.4555881153024492, ""intersects"": true}, {""generator"": ""BP"", ""p_c"": 50, ""slope"": -0.39263053619822913, ""lo"": -0.40009686121742893, ""hi"": -0.3850923790781503, ""intersects"": true}, {""generator"": ""BP"", ""p_c"": 200, ""slope"": -0.3956786453174106, ""lo"": -0.40234794273824365, ""hi"": -0.3888287183068256, ""intersects"": true}, {""generator"": ""BP"", ""p_c"": 800, ""slope"": -0.3904151304230434, ""lo"": -0.3963248349564689, ""hi"": -0.3845194345684493, ""intersects"": true}, {""generator"": ""BKL"", ""p_c"": 50, ""slope"": -0.2716605165364226, ""lo"": -0.2782109477822056, ""hi"": -0.264790285226348, ""intersects"": false}, {""generator"": ""BKL"", ""p_c"": 200, ""slope"": -0.22858791151984645, ""lo"": -0.23406550695731218, ""hi"": -0.22319437726683475, ""intersects"": false}, {""generator"": ""BKL"", ""p_c"": 800, ""slope"": -0.18599097556953456, ""lo"": -0.19090654823264008, ""hi"": -0.1810761635318152, ""intersects"": false}], ""ratios"": [{""generator"": ""SQ"", ""ratio"": 1.1669286866466106, ""lo"": 1.1555528846250227, ""hi"": 1.1785271747931854, ""below_limit"": true}, {""generator"": ""UKL"", ""ratio"": 1.1783067953267283, ""lo"": 1.1647303012157761, ""hi"": 1.1924567982824075, ""below_limit"": true}, {""generator"": ""BP"", ""ratio"": 1.1621284425783103, ""lo"": 1.1513730346281459, ""hi"": 1.1731592855942279, ""below_limit"": true}, {""generator"": ""BKL"", ""ratio"": 1.1524930865497358, ""lo"": 1.1404872046601389, ""hi"": 1.1642952261699173, ""below_limit"": true}], ""verdict"": ""negative"", ""failed"": [""slope|SQ|p_c=800"", ""slope|BKL|p_c=50"", ""slope|BKL|p_c=200"", ""slope|BKL|p_c=800""], ""incomplete"": []}","{""failures"": {""SQ|SN"": [0, 3000], ""SQ|TH"": [0, 3000], ""SQ|LTH"": [0, 3000], ""UKL|SN"": [0, 3000], ""UKL|TH"": [0, 3000], ""UKL|LTH"": [0, 3000], ""BP|SN"": [0, 3000], ""BP|TH"": [0, 3000], ""BP|LTH"": [0, 3000], ""BKL|SN"": [0, 3000], ""BKL|TH"": [0, 3000], ""BKL|LTH"": [0, 3000]}, ""pvalues"": {""SQ|SN"": 1.0, ""SQ|TH"": 1.0, ""SQ|LTH"": 1.0, ""UKL|SN"": 1.0, ""UKL|TH"": 1.0, ""UKL|LTH"": 1.0, ""BP|SN"": 1.0, ""BP|TH"": 1.0, ""BP|LTH"": 1.0, ""BKL|SN"": 1.0, ""BKL|TH"": 1.0, ""BKL|LTH"": 1.0}, ""rejected"": [], ""verdict"": ""H14-health: no departure from the prediction was detected"", ""bkl_zero_offset"": {""verdict"": ""pass"", ""expected"": 3000, ""replications"": 3000, ""infeasible_start"": 3000, ""mismatches"": [], ""missing"": []}}",[]
35,BP,200,4000,LTH,200,200,0.0,0.014867039231272054,"{""ok"": 200}",0.99,1.0,0.0,0.0,0.27636125391906396,164.85828656945353,0.6909131501640811,0.6926109874082351,0.7293152245926794,1.0,0.0,0,0,,0,"{""verdict"": ""no violation"", ""violations"": 0, ""checked"": 27448, ""violating_cells"": []}","{""slopes"": [{""generator"": ""SQ"", ""p_c"": 50, ""slope"": -0.37387744893943003, ""lo"": -0.38204560748021754, ""hi"": -0.3656656886490169, ""intersects"": true}, {""generator"": ""SQ"", ""p_c"": 200, ""slope"": -0.3630240734188334, ""lo"": -0.3700524449828918, ""hi"": -0.35598837640050307, ""intersects"": true}, {""generator"": ""SQ"", ""p_c"": 800, ""slope"": -0.3420416645418425, ""lo"": -0.3479978577657304, ""hi"": -0.3358800925209334, ""intersects"": false}, {""generator"": ""UKL"", ""p_c"": 50, ""slope"": -0.4568061703848367, ""lo"": -0.4652538888003753, ""hi"": -0.44842177415408196, ""intersects"": true}, {""generator"": ""UKL"", ""p_c"": 200, ""slope"": -0.4555670306078159, ""lo"": -0.46316886778399097, ""hi"": -0.447775703849196, ""intersects"": true}, {""generator"": ""UKL"", ""p_c"": 800, ""slope"": -0.46269340659628444, ""lo"": -0.46997582070031146, ""hi"": -0.4555881153024492, ""intersects"": true}, {""generator"": ""BP"", ""p_c"": 50, ""slope"": -0.39263053619822913, ""lo"": -0.40009686121742893, ""hi"": -0.3850923790781503, ""intersects"": true}, {""generator"": ""BP"", ""p_c"": 200, ""slope"": -0.3956786453174106, ""lo"": -0.40234794273824365, ""hi"": -0.3888287183068256, ""intersects"": true}, {""generator"": ""BP"", ""p_c"": 800, ""slope"": -0.3904151304230434, ""lo"": -0.3963248349564689, ""hi"": -0.3845194345684493, ""intersects"": true}, {""generator"": ""BKL"", ""p_c"": 50, ""slope"": -0.2716605165364226, ""lo"": -0.2782109477822056, ""hi"": -0.264790285226348, ""intersects"": false}, {""generator"": ""BKL"", ""p_c"": 200, ""slope"": -0.22858791151984645, ""lo"": -0.23406550695731218, ""hi"": -0.22319437726683475, ""intersects"": false}, {""generator"": ""BKL"", ""p_c"": 800, ""slope"": -0.18599097556953456, ""lo"": -0.19090654823264008, ""hi"": -0.1810761635318152, ""intersects"": false}], ""ratios"": [{""generator"": ""SQ"", ""ratio"": 1.1669286866466106, ""lo"": 1.1555528846250227, ""hi"": 1.1785271747931854, ""below_limit"": true}, {""generator"": ""UKL"", ""ratio"": 1.1783067953267283, ""lo"": 1.1647303012157761, ""hi"": 1.1924567982824075, ""below_limit"": true}, {""generator"": ""BP"", ""ratio"": 1.1621284425783103, ""lo"": 1.1513730346281459, ""hi"": 1.1731592855942279, ""below_limit"": true}, {""generator"": ""BKL"", ""ratio"": 1.1524930865497358, ""lo"": 1.1404872046601389, ""hi"": 1.1642952261699173, ""below_limit"": true}], ""verdict"": ""negative"", ""failed"": [""slope|SQ|p_c=800"", ""slope|BKL|p_c=50"", ""slope|BKL|p_c=200"", ""slope|BKL|p_c=800""], ""incomplete"": []}","{""failures"": {""SQ|SN"": [0, 3000], ""SQ|TH"": [0, 3000], ""SQ|LTH"": [0, 3000], ""UKL|SN"": [0, 3000], ""UKL|TH"": [0, 3000], ""UKL|LTH"": [0, 3000], ""BP|SN"": [0, 3000], ""BP|TH"": [0, 3000], ""BP|LTH"": [0, 3000], ""BKL|SN"": [0, 3000], ""BKL|TH"": [0, 3000], ""BKL|LTH"": [0, 3000]}, ""pvalues"": {""SQ|SN"": 1.0, ""SQ|TH"": 1.0, ""SQ|LTH"": 1.0, ""UKL|SN"": 1.0, ""UKL|TH"": 1.0, ""UKL|LTH"": 1.0, ""BP|SN"": 1.0, ""BP|TH"": 1.0, ""BP|LTH"": 1.0, ""BKL|SN"": 1.0, ""BKL|TH"": 1.0, ""BKL|LTH"": 1.0}, ""rejected"": [], ""verdict"": ""H14-health: no departure from the prediction was detected"", ""bkl_zero_offset"": {""verdict"": ""pass"", ""expected"": 3000, ""replications"": 3000, ""infeasible_start"": 3000, ""mismatches"": [], ""missing"": []}}",[]
36,BP,200,8000,SN,200,200,0.0,0.014867039231272054,"{""ok"": 200}",0.99,1.0,1.0,0.99,0.19805714709571062,118.14739385498467,0.5773861234093383,0.5758338845696671,0.6534081503622255,2.0,0.0,198,0,0.005348548007712521,0,"{""verdict"": ""no violation"", ""violations"": 0, ""checked"": 27448, ""violating_cells"": []}","{""slopes"": [{""generator"": ""SQ"", ""p_c"": 50, ""slope"": -0.37387744893943003, ""lo"": -0.38204560748021754, ""hi"": -0.3656656886490169, ""intersects"": true}, {""generator"": ""SQ"", ""p_c"": 200, ""slope"": -0.3630240734188334, ""lo"": -0.3700524449828918, ""hi"": -0.35598837640050307, ""intersects"": true}, {""generator"": ""SQ"", ""p_c"": 800, ""slope"": -0.3420416645418425, ""lo"": -0.3479978577657304, ""hi"": -0.3358800925209334, ""intersects"": false}, {""generator"": ""UKL"", ""p_c"": 50, ""slope"": -0.4568061703848367, ""lo"": -0.4652538888003753, ""hi"": -0.44842177415408196, ""intersects"": true}, {""generator"": ""UKL"", ""p_c"": 200, ""slope"": -0.4555670306078159, ""lo"": -0.46316886778399097, ""hi"": -0.447775703849196, ""intersects"": true}, {""generator"": ""UKL"", ""p_c"": 800, ""slope"": -0.46269340659628444, ""lo"": -0.46997582070031146, ""hi"": -0.4555881153024492, ""intersects"": true}, {""generator"": ""BP"", ""p_c"": 50, ""slope"": -0.39263053619822913, ""lo"": -0.40009686121742893, ""hi"": -0.3850923790781503, ""intersects"": true}, {""generator"": ""BP"", ""p_c"": 200, ""slope"": -0.3956786453174106, ""lo"": -0.40234794273824365, ""hi"": -0.3888287183068256, ""intersects"": true}, {""generator"": ""BP"", ""p_c"": 800, ""slope"": -0.3904151304230434, ""lo"": -0.3963248349564689, ""hi"": -0.3845194345684493, ""intersects"": true}, {""generator"": ""BKL"", ""p_c"": 50, ""slope"": -0.2716605165364226, ""lo"": -0.2782109477822056, ""hi"": -0.264790285226348, ""intersects"": false}, {""generator"": ""BKL"", ""p_c"": 200, ""slope"": -0.22858791151984645, ""lo"": -0.23406550695731218, ""hi"": -0.22319437726683475, ""intersects"": false}, {""generator"": ""BKL"", ""p_c"": 800, ""slope"": -0.18599097556953456, ""lo"": -0.19090654823264008, ""hi"": -0.1810761635318152, ""intersects"": false}], ""ratios"": [{""generator"": ""SQ"", ""ratio"": 1.1669286866466106, ""lo"": 1.1555528846250227, ""hi"": 1.1785271747931854, ""below_limit"": true}, {""generator"": ""UKL"", ""ratio"": 1.1783067953267283, ""lo"": 1.1647303012157761, ""hi"": 1.1924567982824075, ""below_limit"": true}, {""generator"": ""BP"", ""ratio"": 1.1621284425783103, ""lo"": 1.1513730346281459, ""hi"": 1.1731592855942279, ""below_limit"": true}, {""generator"": ""BKL"", ""ratio"": 1.1524930865497358, ""lo"": 1.1404872046601389, ""hi"": 1.1642952261699173, ""below_limit"": true}], ""verdict"": ""negative"", ""failed"": [""slope|SQ|p_c=800"", ""slope|BKL|p_c=50"", ""slope|BKL|p_c=200"", ""slope|BKL|p_c=800""], ""incomplete"": []}","{""failures"": {""SQ|SN"": [0, 3000], ""SQ|TH"": [0, 3000], ""SQ|LTH"": [0, 3000], ""UKL|SN"": [0, 3000], ""UKL|TH"": [0, 3000], ""UKL|LTH"": [0, 3000], ""BP|SN"": [0, 3000], ""BP|TH"": [0, 3000], ""BP|LTH"": [0, 3000], ""BKL|SN"": [0, 3000], ""BKL|TH"": [0, 3000], ""BKL|LTH"": [0, 3000]}, ""pvalues"": {""SQ|SN"": 1.0, ""SQ|TH"": 1.0, ""SQ|LTH"": 1.0, ""UKL|SN"": 1.0, ""UKL|TH"": 1.0, ""UKL|LTH"": 1.0, ""BP|SN"": 1.0, ""BP|TH"": 1.0, ""BP|LTH"": 1.0, ""BKL|SN"": 1.0, ""BKL|TH"": 1.0, ""BKL|LTH"": 1.0}, ""rejected"": [], ""verdict"": ""H14-health: no departure from the prediction was detected"", ""bkl_zero_offset"": {""verdict"": ""pass"", ""expected"": 3000, ""replications"": 3000, ""infeasible_start"": 3000, ""mismatches"": [], ""missing"": []}}",[]
36,BP,200,8000,TH,200,200,0.0,0.014867039231272054,"{""ok"": 200}",1.0,1.0,1.0,1.0,2.0159636553732008,1202.586503346995,0.7287135674424813,0.7287295764906225,0.7300953045700285,0.0,0.0,200,0,0.0005980531083163671,0,"{""verdict"": ""no violation"", ""violations"": 0, ""checked"": 27448, ""violating_cells"": []}","{""slopes"": [{""generator"": ""SQ"", ""p_c"": 50, ""slope"": -0.37387744893943003, ""lo"": -0.38204560748021754, ""hi"": -0.3656656886490169, ""intersects"": true}, {""generator"": ""SQ"", ""p_c"": 200, ""slope"": -0.3630240734188334, ""lo"": -0.3700524449828918, ""hi"": -0.35598837640050307, ""intersects"": true}, {""generator"": ""SQ"", ""p_c"": 800, ""slope"": -0.3420416645418425, ""lo"": -0.3479978577657304, ""hi"": -0.3358800925209334, ""intersects"": false}, {""generator"": ""UKL"", ""p_c"": 50, ""slope"": -0.4568061703848367, ""lo"": -0.4652538888003753, ""hi"": -0.44842177415408196, ""intersects"": true}, {""generator"": ""UKL"", ""p_c"": 200, ""slope"": -0.4555670306078159, ""lo"": -0.46316886778399097, ""hi"": -0.447775703849196, ""intersects"": true}, {""generator"": ""UKL"", ""p_c"": 800, ""slope"": -0.46269340659628444, ""lo"": -0.46997582070031146, ""hi"": -0.4555881153024492, ""intersects"": true}, {""generator"": ""BP"", ""p_c"": 50, ""slope"": -0.39263053619822913, ""lo"": -0.40009686121742893, ""hi"": -0.3850923790781503, ""intersects"": true}, {""generator"": ""BP"", ""p_c"": 200, ""slope"": -0.3956786453174106, ""lo"": -0.40234794273824365, ""hi"": -0.3888287183068256, ""intersects"": true}, {""generator"": ""BP"", ""p_c"": 800, ""slope"": -0.3904151304230434, ""lo"": -0.3963248349564689, ""hi"": -0.3845194345684493, ""intersects"": true}, {""generator"": ""BKL"", ""p_c"": 50, ""slope"": -0.2716605165364226, ""lo"": -0.2782109477822056, ""hi"": -0.264790285226348, ""intersects"": false}, {""generator"": ""BKL"", ""p_c"": 200, ""slope"": -0.22858791151984645, ""lo"": -0.23406550695731218, ""hi"": -0.22319437726683475, ""intersects"": false}, {""generator"": ""BKL"", ""p_c"": 800, ""slope"": -0.18599097556953456, ""lo"": -0.19090654823264008, ""hi"": -0.1810761635318152, ""intersects"": false}], ""ratios"": [{""generator"": ""SQ"", ""ratio"": 1.1669286866466106, ""lo"": 1.1555528846250227, ""hi"": 1.1785271747931854, ""below_limit"": true}, {""generator"": ""UKL"", ""ratio"": 1.1783067953267283, ""lo"": 1.1647303012157761, ""hi"": 1.1924567982824075, ""below_limit"": true}, {""generator"": ""BP"", ""ratio"": 1.1621284425783103, ""lo"": 1.1513730346281459, ""hi"": 1.1731592855942279, ""below_limit"": true}, {""generator"": ""BKL"", ""ratio"": 1.1524930865497358, ""lo"": 1.1404872046601389, ""hi"": 1.1642952261699173, ""below_limit"": true}], ""verdict"": ""negative"", ""failed"": [""slope|SQ|p_c=800"", ""slope|BKL|p_c=50"", ""slope|BKL|p_c=200"", ""slope|BKL|p_c=800""], ""incomplete"": []}","{""failures"": {""SQ|SN"": [0, 3000], ""SQ|TH"": [0, 3000], ""SQ|LTH"": [0, 3000], ""UKL|SN"": [0, 3000], ""UKL|TH"": [0, 3000], ""UKL|LTH"": [0, 3000], ""BP|SN"": [0, 3000], ""BP|TH"": [0, 3000], ""BP|LTH"": [0, 3000], ""BKL|SN"": [0, 3000], ""BKL|TH"": [0, 3000], ""BKL|LTH"": [0, 3000]}, ""pvalues"": {""SQ|SN"": 1.0, ""SQ|TH"": 1.0, ""SQ|LTH"": 1.0, ""UKL|SN"": 1.0, ""UKL|TH"": 1.0, ""UKL|LTH"": 1.0, ""BP|SN"": 1.0, ""BP|TH"": 1.0, ""BP|LTH"": 1.0, ""BKL|SN"": 1.0, ""BKL|TH"": 1.0, ""BKL|LTH"": 1.0}, ""rejected"": [], ""verdict"": ""H14-health: no departure from the prediction was detected"", ""bkl_zero_offset"": {""verdict"": ""pass"", ""expected"": 3000, ""replications"": 3000, ""infeasible_start"": 3000, ""mismatches"": [], ""missing"": []}}",[]
36,BP,200,8000,LTH,200,200,0.0,0.014867039231272054,"{""ok"": 200}",0.99,1.0,1.0,0.99,0.19310118881566146,115.191006956415,0.5681903512458916,0.5666807263814229,0.6420549021864302,2.0,0.0,198,0,0.005431592079920761,0,"{""verdict"": ""no violation"", ""violations"": 0, ""checked"": 27448, ""violating_cells"": []}","{""slopes"": [{""generator"": ""SQ"", ""p_c"": 50, ""slope"": -0.37387744893943003, ""lo"": -0.38204560748021754, ""hi"": -0.3656656886490169, ""intersects"": true}, {""generator"": ""SQ"", ""p_c"": 200, ""slope"": -0.3630240734188334, ""lo"": -0.3700524449828918, ""hi"": -0.35598837640050307, ""intersects"": true}, {""generator"": ""SQ"", ""p_c"": 800, ""slope"": -0.3420416645418425, ""lo"": -0.3479978577657304, ""hi"": -0.3358800925209334, ""intersects"": false}, {""generator"": ""UKL"", ""p_c"": 50, ""slope"": -0.4568061703848367, ""lo"": -0.4652538888003753, ""hi"": -0.44842177415408196, ""intersects"": true}, {""generator"": ""UKL"", ""p_c"": 200, ""slope"": -0.4555670306078159, ""lo"": -0.46316886778399097, ""hi"": -0.447775703849196, ""intersects"": true}, {""generator"": ""UKL"", ""p_c"": 800, ""slope"": -0.46269340659628444, ""lo"": -0.46997582070031146, ""hi"": -0.4555881153024492, ""intersects"": true}, {""generator"": ""BP"", ""p_c"": 50, ""slope"": -0.39263053619822913, ""lo"": -0.40009686121742893, ""hi"": -0.3850923790781503, ""intersects"": true}, {""generator"": ""BP"", ""p_c"": 200, ""slope"": -0.3956786453174106, ""lo"": -0.40234794273824365, ""hi"": -0.3888287183068256, ""intersects"": true}, {""generator"": ""BP"", ""p_c"": 800, ""slope"": -0.3904151304230434, ""lo"": -0.3963248349564689, ""hi"": -0.3845194345684493, ""intersects"": true}, {""generator"": ""BKL"", ""p_c"": 50, ""slope"": -0.2716605165364226, ""lo"": -0.2782109477822056, ""hi"": -0.264790285226348, ""intersects"": false}, {""generator"": ""BKL"", ""p_c"": 200, ""slope"": -0.22858791151984645, ""lo"": -0.23406550695731218, ""hi"": -0.22319437726683475, ""intersects"": false}, {""generator"": ""BKL"", ""p_c"": 800, ""slope"": -0.18599097556953456, ""lo"": -0.19090654823264008, ""hi"": -0.1810761635318152, ""intersects"": false}], ""ratios"": [{""generator"": ""SQ"", ""ratio"": 1.1669286866466106, ""lo"": 1.1555528846250227, ""hi"": 1.1785271747931854, ""below_limit"": true}, {""generator"": ""UKL"", ""ratio"": 1.1783067953267283, ""lo"": 1.1647303012157761, ""hi"": 1.1924567982824075, ""below_limit"": true}, {""generator"": ""BP"", ""ratio"": 1.1621284425783103, ""lo"": 1.1513730346281459, ""hi"": 1.1731592855942279, ""below_limit"": true}, {""generator"": ""BKL"", ""ratio"": 1.1524930865497358, ""lo"": 1.1404872046601389, ""hi"": 1.1642952261699173, ""below_limit"": true}], ""verdict"": ""negative"", ""failed"": [""slope|SQ|p_c=800"", ""slope|BKL|p_c=50"", ""slope|BKL|p_c=200"", ""slope|BKL|p_c=800""], ""incomplete"": []}","{""failures"": {""SQ|SN"": [0, 3000], ""SQ|TH"": [0, 3000], ""SQ|LTH"": [0, 3000], ""UKL|SN"": [0, 3000], ""UKL|TH"": [0, 3000], ""UKL|LTH"": [0, 3000], ""BP|SN"": [0, 3000], ""BP|TH"": [0, 3000], ""BP|LTH"": [0, 3000], ""BKL|SN"": [0, 3000], ""BKL|TH"": [0, 3000], ""BKL|LTH"": [0, 3000]}, ""pvalues"": {""SQ|SN"": 1.0, ""SQ|TH"": 1.0, ""SQ|LTH"": 1.0, ""UKL|SN"": 1.0, ""UKL|TH"": 1.0, ""UKL|LTH"": 1.0, ""BP|SN"": 1.0, ""BP|TH"": 1.0, ""BP|LTH"": 1.0, ""BKL|SN"": 1.0, ""BKL|TH"": 1.0, ""BKL|LTH"": 1.0}, ""rejected"": [], ""verdict"": ""H14-health: no departure from the prediction was detected"", ""bkl_zero_offset"": {""verdict"": ""pass"", ""expected"": 3000, ""replications"": 3000, ""infeasible_start"": 3000, ""mismatches"": [], ""missing"": []}}",[]
37,BP,200,16000,SN,200,200,0.0,0.014867039231272054,"{""ok"": 200}",0.985,1.0,1.0,0.985,0.13923980337631525,83.06097573869589,0.4536100554887291,0.4504328099886028,0.5157843572446849,3.0,0.0,197,0,0.005963765812073284,0,"{""verdict"": ""no violation"", ""violations"": 0, ""checked"": 27448, ""violating_cells"": []}","{""slopes"": [{""generator"": ""SQ"", ""p_c"": 50, ""slope"": -0.37387744893943003, ""lo"": -0.38204560748021754, ""hi"": -0.3656656886490169, ""intersects"": true}, {""generator"": ""SQ"", ""p_c"": 200, ""slope"": -0.3630240734188334, ""lo"": -0.3700524449828918, ""hi"": -0.35598837640050307, ""intersects"": true}, {""generator"": ""SQ"", ""p_c"": 800, ""slope"": -0.3420416645418425, ""lo"": -0.3479978577657304, ""hi"": -0.3358800925209334, ""intersects"": false}, {""generator"": ""UKL"", ""p_c"": 50, ""slope"": -0.4568061703848367, ""lo"": -0.4652538888003753, ""hi"": -0.44842177415408196, ""intersects"": true}, {""generator"": ""UKL"", ""p_c"": 200, ""slope"": -0.4555670306078159, ""lo"": -0.46316886778399097, ""hi"": -0.447775703849196, ""intersects"": true}, {""generator"": ""UKL"", ""p_c"": 800, ""slope"": -0.46269340659628444, ""lo"": -0.46997582070031146, ""hi"": -0.4555881153024492, ""intersects"": true}, {""generator"": ""BP"", ""p_c"": 50, ""slope"": -0.39263053619822913, ""lo"": -0.40009686121742893, ""hi"": -0.3850923790781503, ""intersects"": true}, {""generator"": ""BP"", ""p_c"": 200, ""slope"": -0.3956786453174106, ""lo"": -0.40234794273824365, ""hi"": -0.3888287183068256, ""intersects"": true}, {""generator"": ""BP"", ""p_c"": 800, ""slope"": -0.3904151304230434, ""lo"": -0.3963248349564689, ""hi"": -0.3845194345684493, ""intersects"": true}, {""generator"": ""BKL"", ""p_c"": 50, ""slope"": -0.2716605165364226, ""lo"": -0.2782109477822056, ""hi"": -0.264790285226348, ""intersects"": false}, {""generator"": ""BKL"", ""p_c"": 200, ""slope"": -0.22858791151984645, ""lo"": -0.23406550695731218, ""hi"": -0.22319437726683475, ""intersects"": false}, {""generator"": ""BKL"", ""p_c"": 800, ""slope"": -0.18599097556953456, ""lo"": -0.19090654823264008, ""hi"": -0.1810761635318152, ""intersects"": false}], ""ratios"": [{""generator"": ""SQ"", ""ratio"": 1.1669286866466106, ""lo"": 1.1555528846250227, ""hi"": 1.1785271747931854, ""below_limit"": true}, {""generator"": ""UKL"", ""ratio"": 1.1783067953267283, ""lo"": 1.1647303012157761, ""hi"": 1.1924567982824075, ""below_limit"": true}, {""generator"": ""BP"", ""ratio"": 1.1621284425783103, ""lo"": 1.1513730346281459, ""hi"": 1.1731592855942279, ""below_limit"": true}, {""generator"": ""BKL"", ""ratio"": 1.1524930865497358, ""lo"": 1.1404872046601389, ""hi"": 1.1642952261699173, ""below_limit"": true}], ""verdict"": ""negative"", ""failed"": [""slope|SQ|p_c=800"", ""slope|BKL|p_c=50"", ""slope|BKL|p_c=200"", ""slope|BKL|p_c=800""], ""incomplete"": []}","{""failures"": {""SQ|SN"": [0, 3000], ""SQ|TH"": [0, 3000], ""SQ|LTH"": [0, 3000], ""UKL|SN"": [0, 3000], ""UKL|TH"": [0, 3000], ""UKL|LTH"": [0, 3000], ""BP|SN"": [0, 3000], ""BP|TH"": [0, 3000], ""BP|LTH"": [0, 3000], ""BKL|SN"": [0, 3000], ""BKL|TH"": [0, 3000], ""BKL|LTH"": [0, 3000]}, ""pvalues"": {""SQ|SN"": 1.0, ""SQ|TH"": 1.0, ""SQ|LTH"": 1.0, ""UKL|SN"": 1.0, ""UKL|TH"": 1.0, ""UKL|LTH"": 1.0, ""BP|SN"": 1.0, ""BP|TH"": 1.0, ""BP|LTH"": 1.0, ""BKL|SN"": 1.0, ""BKL|TH"": 1.0, ""BKL|LTH"": 1.0}, ""rejected"": [], ""verdict"": ""H14-health: no departure from the prediction was detected"", ""bkl_zero_offset"": {""verdict"": ""pass"", ""expected"": 3000, ""replications"": 3000, ""infeasible_start"": 3000, ""mismatches"": [], ""missing"": []}}",[]
37,BP,200,16000,TH,200,200,0.0,0.014867039231272054,"{""ok"": 200}",1.0,1.0,1.0,1.0,1.42550157134001,850.3570714800788,0.7287135674424813,0.7287295764906225,0.7300953045700285,0.0,0.0,200,0,0.0008457748168003921,0,"{""verdict"": ""no violation"", ""violations"": 0, ""checked"": 27448, ""violating_cells"": []}","{""slopes"": [{""generator"": ""SQ"", ""p_c"": 50, ""slope"": -0.37387744893943003, ""lo"": -0.38204560748021754, ""hi"": -0.3656656886490169, ""intersects"": true}, {""generator"": ""SQ"", ""p_c"": 200, ""slope"": -0.3630240734188334, ""lo"": -0.3700524449828918, ""hi"": -0.35598837640050307, ""intersects"": true}, {""generator"": ""SQ"", ""p_c"": 800, ""slope"": -0.3420416645418425, ""lo"": -0.3479978577657304, ""hi"": -0.3358800925209334, ""intersects"": false}, {""generator"": ""UKL"", ""p_c"": 50, ""slope"": -0.4568061703848367, ""lo"": -0.4652538888003753, ""hi"": -0.44842177415408196, ""intersects"": true}, {""generator"": ""UKL"", ""p_c"": 200, ""slope"": -0.4555670306078159, ""lo"": -0.46316886778399097, ""hi"": -0.447775703849196, ""intersects"": true}, {""generator"": ""UKL"", ""p_c"": 800, ""slope"": -0.46269340659628444, ""lo"": -0.46997582070031146, ""hi"": -0.4555881153024492, ""intersects"": true}, {""generator"": ""BP"", ""p_c"": 50, ""slope"": -0.39263053619822913, ""lo"": -0.40009686121742893, ""hi"": -0.3850923790781503, ""intersects"": true}, {""generator"": ""BP"", ""p_c"": 200, ""slope"": -0.3956786453174106, ""lo"": -0.40234794273824365, ""hi"": -0.3888287183068256, ""intersects"": true}, {""generator"": ""BP"", ""p_c"": 800, ""slope"": -0.3904151304230434, ""lo"": -0.3963248349564689, ""hi"": -0.3845194345684493, ""intersects"": true}, {""generator"": ""BKL"", ""p_c"": 50, ""slope"": -0.2716605165364226, ""lo"": -0.2782109477822056, ""hi"": -0.264790285226348, ""intersects"": false}, {""generator"": ""BKL"", ""p_c"": 200, ""slope"": -0.22858791151984645, ""lo"": -0.23406550695731218, ""hi"": -0.22319437726683475, ""intersects"": false}, {""generator"": ""BKL"", ""p_c"": 800, ""slope"": -0.18599097556953456, ""lo"": -0.19090654823264008, ""hi"": -0.1810761635318152, ""intersects"": false}], ""ratios"": [{""generator"": ""SQ"", ""ratio"": 1.1669286866466106, ""lo"": 1.1555528846250227, ""hi"": 1.1785271747931854, ""below_limit"": true}, {""generator"": ""UKL"", ""ratio"": 1.1783067953267283, ""lo"": 1.1647303012157761, ""hi"": 1.1924567982824075, ""below_limit"": true}, {""generator"": ""BP"", ""ratio"": 1.1621284425783103, ""lo"": 1.1513730346281459, ""hi"": 1.1731592855942279, ""below_limit"": true}, {""generator"": ""BKL"", ""ratio"": 1.1524930865497358, ""lo"": 1.1404872046601389, ""hi"": 1.1642952261699173, ""below_limit"": true}], ""verdict"": ""negative"", ""failed"": [""slope|SQ|p_c=800"", ""slope|BKL|p_c=50"", ""slope|BKL|p_c=200"", ""slope|BKL|p_c=800""], ""incomplete"": []}","{""failures"": {""SQ|SN"": [0, 3000], ""SQ|TH"": [0, 3000], ""SQ|LTH"": [0, 3000], ""UKL|SN"": [0, 3000], ""UKL|TH"": [0, 3000], ""UKL|LTH"": [0, 3000], ""BP|SN"": [0, 3000], ""BP|TH"": [0, 3000], ""BP|LTH"": [0, 3000], ""BKL|SN"": [0, 3000], ""BKL|TH"": [0, 3000], ""BKL|LTH"": [0, 3000]}, ""pvalues"": {""SQ|SN"": 1.0, ""SQ|TH"": 1.0, ""SQ|LTH"": 1.0, ""UKL|SN"": 1.0, ""UKL|TH"": 1.0, ""UKL|LTH"": 1.0, ""BP|SN"": 1.0, ""BP|TH"": 1.0, ""BP|LTH"": 1.0, ""BKL|SN"": 1.0, ""BKL|TH"": 1.0, ""BKL|LTH"": 1.0}, ""rejected"": [], ""verdict"": ""H14-health: no departure from the prediction was detected"", ""bkl_zero_offset"": {""verdict"": ""pass"", ""expected"": 3000, ""replications"": 3000, ""infeasible_start"": 3000, ""mismatches"": [], ""missing"": []}}",[]
37,BP,200,16000,LTH,200,200,0.0,0.014867039231272054,"{""ok"": 200}",0.98,1.0,1.0,0.98,0.1358627948600505,81.04648264378142,0.44559081208000195,0.44337947057686045,0.5054622564396293,3.0,0.0,196,0,0.006035476355371429,0,"{""verdict"": ""no violation"", ""violations"": 0, ""checked"": 27448, ""violating_cells"": []}","{""slopes"": [{""generator"": ""SQ"", ""p_c"": 50, ""slope"": -0.37387744893943003, ""lo"": -0.38204560748021754, ""hi"": -0.3656656886490169, ""intersects"": true}, {""generator"": ""SQ"", ""p_c"": 200, ""slope"": -0.3630240734188334, ""lo"": -0.3700524449828918, ""hi"": -0.35598837640050307, ""intersects"": true}, {""generator"": ""SQ"", ""p_c"": 800, ""slope"": -0.3420416645418425, ""lo"": -0.3479978577657304, ""hi"": -0.3358800925209334, ""intersects"": false}, {""generator"": ""UKL"", ""p_c"": 50, ""slope"": -0.4568061703848367, ""lo"": -0.4652538888003753, ""hi"": -0.44842177415408196, ""intersects"": true}, {""generator"": ""UKL"", ""p_c"": 200, ""slope"": -0.4555670306078159, ""lo"": -0.46316886778399097, ""hi"": -0.447775703849196, ""intersects"": true}, {""generator"": ""UKL"", ""p_c"": 800, ""slope"": -0.46269340659628444, ""lo"": -0.46997582070031146, ""hi"": -0.4555881153024492, ""intersects"": true}, {""generator"": ""BP"", ""p_c"": 50, ""slope"": -0.39263053619822913, ""lo"": -0.40009686121742893, ""hi"": -0.3850923790781503, ""intersects"": true}, {""generator"": ""BP"", ""p_c"": 200, ""slope"": -0.3956786453174106, ""lo"": -0.40234794273824365, ""hi"": -0.3888287183068256, ""intersects"": true}, {""generator"": ""BP"", ""p_c"": 800, ""slope"": -0.3904151304230434, ""lo"": -0.3963248349564689, ""hi"": -0.3845194345684493, ""intersects"": true}, {""generator"": ""BKL"", ""p_c"": 50, ""slope"": -0.2716605165364226, ""lo"": -0.2782109477822056, ""hi"": -0.264790285226348, ""intersects"": false}, {""generator"": ""BKL"", ""p_c"": 200, ""slope"": -0.22858791151984645, ""lo"": -0.23406550695731218, ""hi"": -0.22319437726683475, ""intersects"": false}, {""generator"": ""BKL"", ""p_c"": 800, ""slope"": -0.18599097556953456, ""lo"": -0.19090654823264008, ""hi"": -0.1810761635318152, ""intersects"": false}], ""ratios"": [{""generator"": ""SQ"", ""ratio"": 1.1669286866466106, ""lo"": 1.1555528846250227, ""hi"": 1.1785271747931854, ""below_limit"": true}, {""generator"": ""UKL"", ""ratio"": 1.1783067953267283, ""lo"": 1.1647303012157761, ""hi"": 1.1924567982824075, ""below_limit"": true}, {""generator"": ""BP"", ""ratio"": 1.1621284425783103, ""lo"": 1.1513730346281459, ""hi"": 1.1731592855942279, ""below_limit"": true}, {""generator"": ""BKL"", ""ratio"": 1.1524930865497358, ""lo"": 1.1404872046601389, ""hi"": 1.1642952261699173, ""below_limit"": true}], ""verdict"": ""negative"", ""failed"": [""slope|SQ|p_c=800"", ""slope|BKL|p_c=50"", ""slope|BKL|p_c=200"", ""slope|BKL|p_c=800""], ""incomplete"": []}","{""failures"": {""SQ|SN"": [0, 3000], ""SQ|TH"": [0, 3000], ""SQ|LTH"": [0, 3000], ""UKL|SN"": [0, 3000], ""UKL|TH"": [0, 3000], ""UKL|LTH"": [0, 3000], ""BP|SN"": [0, 3000], ""BP|TH"": [0, 3000], ""BP|LTH"": [0, 3000], ""BKL|SN"": [0, 3000], ""BKL|TH"": [0, 3000], ""BKL|LTH"": [0, 3000]}, ""pvalues"": {""SQ|SN"": 1.0, ""SQ|TH"": 1.0, ""SQ|LTH"": 1.0, ""UKL|SN"": 1.0, ""UKL|TH"": 1.0, ""UKL|LTH"": 1.0, ""BP|SN"": 1.0, ""BP|TH"": 1.0, ""BP|LTH"": 1.0, ""BKL|SN"": 1.0, ""BKL|TH"": 1.0, ""BKL|LTH"": 1.0}, ""rejected"": [], ""verdict"": ""H14-health: no departure from the prediction was detected"", ""bkl_zero_offset"": {""verdict"": ""pass"", ""expected"": 3000, ""replications"": 3000, ""infeasible_start"": 3000, ""mismatches"": [], ""missing"": []}}",[]
38,BP,200,32000,SN,200,200,0.0,0.014867039231272054,"{""ok"": 200}",0.985,1.0,1.0,0.985,0.09815424809283532,58.55213395737762,0.34521374202364996,0.3444482797000517,0.3877046718210515,4.0,0.0,197,0,0.006307067655899644,0,"{""verdict"": ""no violation"", ""violations"": 0, ""checked"": 27448, ""violating_cells"": []}","{""slopes"": [{""generator"": ""SQ"", ""p_c"": 50, ""slope"": -0.37387744893943003, ""lo"": -0.38204560748021754, ""hi"": -0.3656656886490169, ""intersects"": true}, {""generator"": ""SQ"", ""p_c"": 200, ""slope"": -0.3630240734188334, ""lo"": -0.3700524449828918, ""hi"": -0.35598837640050307, ""intersects"": true}, {""generator"": ""SQ"", ""p_c"": 800, ""slope"": -0.3420416645418425, ""lo"": -0.3479978577657304, ""hi"": -0.3358800925209334, ""intersects"": false}, {""generator"": ""UKL"", ""p_c"": 50, ""slope"": -0.4568061703848367, ""lo"": -0.4652538888003753, ""hi"": -0.44842177415408196, ""intersects"": true}, {""generator"": ""UKL"", ""p_c"": 200, ""slope"": -0.4555670306078159, ""lo"": -0.46316886778399097, ""hi"": -0.447775703849196, ""intersects"": true}, {""generator"": ""UKL"", ""p_c"": 800, ""slope"": -0.46269340659628444, ""lo"": -0.46997582070031146, ""hi"": -0.4555881153024492, ""intersects"": true}, {""generator"": ""BP"", ""p_c"": 50, ""slope"": -0.39263053619822913, ""lo"": -0.40009686121742893, ""hi"": -0.3850923790781503, ""intersects"": true}, {""generator"": ""BP"", ""p_c"": 200, ""slope"": -0.3956786453174106, ""lo"": -0.40234794273824365, ""hi"": -0.3888287183068256, ""intersects"": true}, {""generator"": ""BP"", ""p_c"": 800, ""slope"": -0.3904151304230434, ""lo"": -0.3963248349564689, ""hi"": -0.3845194345684493, ""intersects"": true}, {""generator"": ""BKL"", ""p_c"": 50, ""slope"": -0.2716605165364226, ""lo"": -0.2782109477822056, ""hi"": -0.264790285226348, ""intersects"": false}, {""generator"": ""BKL"", ""p_c"": 200, ""slope"": -0.22858791151984645, ""lo"": -0.23406550695731218, ""hi"": -0.22319437726683475, ""intersects"": false}, {""generator"": ""BKL"", ""p_c"": 800, ""slope"": -0.18599097556953456, ""lo"": -0.19090654823264008, ""hi"": -0.1810761635318152, ""intersects"": false}], ""ratios"": [{""generator"": ""SQ"", ""ratio"": 1.1669286866466106, ""lo"": 1.1555528846250227, ""hi"": 1.1785271747931854, ""below_limit"": true}, {""generator"": ""UKL"", ""ratio"": 1.1783067953267283, ""lo"": 1.1647303012157761, ""hi"": 1.1924567982824075, ""below_limit"": true}, {""generator"": ""BP"", ""ratio"": 1.1621284425783103, ""lo"": 1.1513730346281459, ""hi"": 1.1731592855942279, ""below_limit"": true}, {""generator"": ""BKL"", ""ratio"": 1.1524930865497358, ""lo"": 1.1404872046601389, ""hi"": 1.1642952261699173, ""below_limit"": true}], ""verdict"": ""negative"", ""failed"": [""slope|SQ|p_c=800"", ""slope|BKL|p_c=50"", ""slope|BKL|p_c=200"", ""slope|BKL|p_c=800""], ""incomplete"": []}","{""failures"": {""SQ|SN"": [0, 3000], ""SQ|TH"": [0, 3000], ""SQ|LTH"": [0, 3000], ""UKL|SN"": [0, 3000], ""UKL|TH"": [0, 3000], ""UKL|LTH"": [0, 3000], ""BP|SN"": [0, 3000], ""BP|TH"": [0, 3000], ""BP|LTH"": [0, 3000], ""BKL|SN"": [0, 3000], ""BKL|TH"": [0, 3000], ""BKL|LTH"": [0, 3000]}, ""pvalues"": {""SQ|SN"": 1.0, ""SQ|TH"": 1.0, ""SQ|LTH"": 1.0, ""UKL|SN"": 1.0, ""UKL|TH"": 1.0, ""UKL|LTH"": 1.0, ""BP|SN"": 1.0, ""BP|TH"": 1.0, ""BP|LTH"": 1.0, ""BKL|SN"": 1.0, ""BKL|TH"": 1.0, ""BKL|LTH"": 1.0}, ""rejected"": [], ""verdict"": ""H14-health: no departure from the prediction was detected"", ""bkl_zero_offset"": {""verdict"": ""pass"", ""expected"": 3000, ""replications"": 3000, ""infeasible_start"": 3000, ""mismatches"": [], ""missing"": []}}",[]
38,BP,200,32000,TH,200,200,0.0,0.014867039231272054,"{""ok"": 200}",1.0,1.0,1.0,1.0,1.0079818276866004,601.2932516734975,0.7287135674424813,0.7287295764906225,0.7300953045700285,0.0,0.0,200,0,0.0011961062166327343,0,"{""verdict"": ""no violation"", ""violations"": 0, ""checked"": 27448, ""violating_cells"": []}","{""slopes"": [{""generator"": ""SQ"", ""p_c"": 50, ""slope"": -0.37387744893943003, ""lo"": -0.38204560748021754, ""hi"": -0.3656656886490169, ""intersects"": true}, {""generator"": ""SQ"", ""p_c"": 200, ""slope"": -0.3630240734188334, ""lo"": -0.3700524449828918, ""hi"": -0.35598837640050307, ""intersects"": true}, {""generator"": ""SQ"", ""p_c"": 800, ""slope"": -0.3420416645418425, ""lo"": -0.3479978577657304, ""hi"": -0.3358800925209334, ""intersects"": false}, {""generator"": ""UKL"", ""p_c"": 50, ""slope"": -0.4568061703848367, ""lo"": -0.4652538888003753, ""hi"": -0.44842177415408196, ""intersects"": true}, {""generator"": ""UKL"", ""p_c"": 200, ""slope"": -0.4555670306078159, ""lo"": -0.46316886778399097, ""hi"": -0.447775703849196, ""intersects"": true}, {""generator"": ""UKL"", ""p_c"": 800, ""slope"": -0.46269340659628444, ""lo"": -0.46997582070031146, ""hi"": -0.4555881153024492, ""intersects"": true}, {""generator"": ""BP"", ""p_c"": 50, ""slope"": -0.39263053619822913, ""lo"": -0.40009686121742893, ""hi"": -0.3850923790781503, ""intersects"": true}, {""generator"": ""BP"", ""p_c"": 200, ""slope"": -0.3956786453174106, ""lo"": -0.40234794273824365, ""hi"": -0.3888287183068256, ""intersects"": true}, {""generator"": ""BP"", ""p_c"": 800, ""slope"": -0.3904151304230434, ""lo"": -0.3963248349564689, ""hi"": -0.3845194345684493, ""intersects"": true}, {""generator"": ""BKL"", ""p_c"": 50, ""slope"": -0.2716605165364226, ""lo"": -0.2782109477822056, ""hi"": -0.264790285226348, ""intersects"": false}, {""generator"": ""BKL"", ""p_c"": 200, ""slope"": -0.22858791151984645, ""lo"": -0.23406550695731218, ""hi"": -0.22319437726683475, ""intersects"": false}, {""generator"": ""BKL"", ""p_c"": 800, ""slope"": -0.18599097556953456, ""lo"": -0.19090654823264008, ""hi"": -0.1810761635318152, ""intersects"": false}], ""ratios"": [{""generator"": ""SQ"", ""ratio"": 1.1669286866466106, ""lo"": 1.1555528846250227, ""hi"": 1.1785271747931854, ""below_limit"": true}, {""generator"": ""UKL"", ""ratio"": 1.1783067953267283, ""lo"": 1.1647303012157761, ""hi"": 1.1924567982824075, ""below_limit"": true}, {""generator"": ""BP"", ""ratio"": 1.1621284425783103, ""lo"": 1.1513730346281459, ""hi"": 1.1731592855942279, ""below_limit"": true}, {""generator"": ""BKL"", ""ratio"": 1.1524930865497358, ""lo"": 1.1404872046601389, ""hi"": 1.1642952261699173, ""below_limit"": true}], ""verdict"": ""negative"", ""failed"": [""slope|SQ|p_c=800"", ""slope|BKL|p_c=50"", ""slope|BKL|p_c=200"", ""slope|BKL|p_c=800""], ""incomplete"": []}","{""failures"": {""SQ|SN"": [0, 3000], ""SQ|TH"": [0, 3000], ""SQ|LTH"": [0, 3000], ""UKL|SN"": [0, 3000], ""UKL|TH"": [0, 3000], ""UKL|LTH"": [0, 3000], ""BP|SN"": [0, 3000], ""BP|TH"": [0, 3000], ""BP|LTH"": [0, 3000], ""BKL|SN"": [0, 3000], ""BKL|TH"": [0, 3000], ""BKL|LTH"": [0, 3000]}, ""pvalues"": {""SQ|SN"": 1.0, ""SQ|TH"": 1.0, ""SQ|LTH"": 1.0, ""UKL|SN"": 1.0, ""UKL|TH"": 1.0, ""UKL|LTH"": 1.0, ""BP|SN"": 1.0, ""BP|TH"": 1.0, ""BP|LTH"": 1.0, ""BKL|SN"": 1.0, ""BKL|TH"": 1.0, ""BKL|LTH"": 1.0}, ""rejected"": [], ""verdict"": ""H14-health: no departure from the prediction was detected"", ""bkl_zero_offset"": {""verdict"": ""pass"", ""expected"": 3000, ""replications"": 3000, ""infeasible_start"": 3000, ""mismatches"": [], ""missing"": []}}",[]
38,BP,200,32000,LTH,200,200,0.0,0.014867039231272054,"{""ok"": 200}",0.975,1.0,1.0,0.975,0.09610216719994405,57.32800237197438,0.3393762756453404,0.3393533553632394,0.3812251549352663,4.0,0.0,195,0,0.006335832496396237,0,"{""verdict"": ""no violation"", ""violations"": 0, ""checked"": 27448, ""violating_cells"": []}","{""slopes"": [{""generator"": ""SQ"", ""p_c"": 50, ""slope"": -0.37387744893943003, ""lo"": -0.38204560748021754, ""hi"": -0.3656656886490169, ""intersects"": true}, {""generator"": ""SQ"", ""p_c"": 200, ""slope"": -0.3630240734188334, ""lo"": -0.3700524449828918, ""hi"": -0.35598837640050307, ""intersects"": true}, {""generator"": ""SQ"", ""p_c"": 800, ""slope"": -0.3420416645418425, ""lo"": -0.3479978577657304, ""hi"": -0.3358800925209334, ""intersects"": false}, {""generator"": ""UKL"", ""p_c"": 50, ""slope"": -0.4568061703848367, ""lo"": -0.4652538888003753, ""hi"": -0.44842177415408196, ""intersects"": true}, {""generator"": ""UKL"", ""p_c"": 200, ""slope"": -0.4555670306078159, ""lo"": -0.46316886778399097, ""hi"": -0.447775703849196, ""intersects"": true}, {""generator"": ""UKL"", ""p_c"": 800, ""slope"": -0.46269340659628444, ""lo"": -0.46997582070031146, ""hi"": -0.4555881153024492, ""intersects"": true}, {""generator"": ""BP"", ""p_c"": 50, ""slope"": -0.39263053619822913, ""lo"": -0.40009686121742893, ""hi"": -0.3850923790781503, ""intersects"": true}, {""generator"": ""BP"", ""p_c"": 200, ""slope"": -0.3956786453174106, ""lo"": -0.40234794273824365, ""hi"": -0.3888287183068256, ""intersects"": true}, {""generator"": ""BP"", ""p_c"": 800, ""slope"": -0.3904151304230434, ""lo"": -0.3963248349564689, ""hi"": -0.3845194345684493, ""intersects"": true}, {""generator"": ""BKL"", ""p_c"": 50, ""slope"": -0.2716605165364226, ""lo"": -0.2782109477822056, ""hi"": -0.264790285226348, ""intersects"": false}, {""generator"": ""BKL"", ""p_c"": 200, ""slope"": -0.22858791151984645, ""lo"": -0.23406550695731218, ""hi"": -0.22319437726683475, ""intersects"": false}, {""generator"": ""BKL"", ""p_c"": 800, ""slope"": -0.18599097556953456, ""lo"": -0.19090654823264008, ""hi"": -0.1810761635318152, ""intersects"": false}], ""ratios"": [{""generator"": ""SQ"", ""ratio"": 1.1669286866466106, ""lo"": 1.1555528846250227, ""hi"": 1.1785271747931854, ""below_limit"": true}, {""generator"": ""UKL"", ""ratio"": 1.1783067953267283, ""lo"": 1.1647303012157761, ""hi"": 1.1924567982824075, ""below_limit"": true}, {""generator"": ""BP"", ""ratio"": 1.1621284425783103, ""lo"": 1.1513730346281459, ""hi"": 1.1731592855942279, ""below_limit"": true}, {""generator"": ""BKL"", ""ratio"": 1.1524930865497358, ""lo"": 1.1404872046601389, ""hi"": 1.1642952261699173, ""below_limit"": true}], ""verdict"": ""negative"", ""failed"": [""slope|SQ|p_c=800"", ""slope|BKL|p_c=50"", ""slope|BKL|p_c=200"", ""slope|BKL|p_c=800""], ""incomplete"": []}","{""failures"": {""SQ|SN"": [0, 3000], ""SQ|TH"": [0, 3000], ""SQ|LTH"": [0, 3000], ""UKL|SN"": [0, 3000], ""UKL|TH"": [0, 3000], ""UKL|LTH"": [0, 3000], ""BP|SN"": [0, 3000], ""BP|TH"": [0, 3000], ""BP|LTH"": [0, 3000], ""BKL|SN"": [0, 3000], ""BKL|TH"": [0, 3000], ""BKL|LTH"": [0, 3000]}, ""pvalues"": {""SQ|SN"": 1.0, ""SQ|TH"": 1.0, ""SQ|LTH"": 1.0, ""UKL|SN"": 1.0, ""UKL|TH"": 1.0, ""UKL|LTH"": 1.0, ""BP|SN"": 1.0, ""BP|TH"": 1.0, ""BP|LTH"": 1.0, ""BKL|SN"": 1.0, ""BKL|TH"": 1.0, ""BKL|LTH"": 1.0}, ""rejected"": [], ""verdict"": ""H14-health: no departure from the prediction was detected"", ""bkl_zero_offset"": {""verdict"": ""pass"", ""expected"": 3000, ""replications"": 3000, ""infeasible_start"": 3000, ""mismatches"": [], ""missing"": []}}",[]
39,BP,200,64000,SN,200,200,0.0,0.014867039231272054,"{""ok"": 200}",0.99,1.0,1.0,0.99,0.06929877470591254,41.33892540061038,0.2620959991276139,0.2619999025127216,0.30129939174982695,4.0,0.0,198,0,0.006741060695380019,0,"{""verdict"": ""no violation"", ""violations"": 0, ""checked"": 27448, ""violating_cells"": []}","{""slopes"": [{""generator"": ""SQ"", ""p_c"": 50, ""slope"": -0.37387744893943003, ""lo"": -0.38204560748021754, ""hi"": -0.3656656886490169, ""intersects"": true}, {""generator"": ""SQ"", ""p_c"": 200, ""slope"": -0.3630240734188334, ""lo"": -0.3700524449828918, ""hi"": -0.35598837640050307, ""intersects"": true}, {""generator"": ""SQ"", ""p_c"": 800, ""slope"": -0.3420416645418425, ""lo"": -0.3479978577657304, ""hi"": -0.3358800925209334, ""intersects"": false}, {""generator"": ""UKL"", ""p_c"": 50, ""slope"": -0.4568061703848367, ""lo"": -0.4652538888003753, ""hi"": -0.44842177415408196, ""intersects"": true}, {""generator"": ""UKL"", ""p_c"": 200, ""slope"": -0.4555670306078159, ""lo"": -0.46316886778399097, ""hi"": -0.447775703849196, ""intersects"": true}, {""generator"": ""UKL"", ""p_c"": 800, ""slope"": -0.46269340659628444, ""lo"": -0.46997582070031146, ""hi"": -0.4555881153024492, ""intersects"": true}, {""generator"": ""BP"", ""p_c"": 50, ""slope"": -0.39263053619822913, ""lo"": -0.40009686121742893, ""hi"": -0.3850923790781503, ""intersects"": true}, {""generator"": ""BP"", ""p_c"": 200, ""slope"": -0.3956786453174106, ""lo"": -0.40234794273824365, ""hi"": -0.3888287183068256, ""intersects"": true}, {""generator"": ""BP"", ""p_c"": 800, ""slope"": -0.3904151304230434, ""lo"": -0.3963248349564689, ""hi"": -0.3845194345684493, ""intersects"": true}, {""generator"": ""BKL"", ""p_c"": 50, ""slope"": -0.2716605165364226, ""lo"": -0.2782109477822056, ""hi"": -0.264790285226348, ""intersects"": false}, {""generator"": ""BKL"", ""p_c"": 200, ""slope"": -0.22858791151984645, ""lo"": -0.23406550695731218, ""hi"": -0.22319437726683475, ""intersects"": false}, {""generator"": ""BKL"", ""p_c"": 800, ""slope"": -0.18599097556953456, ""lo"": -0.19090654823264008, ""hi"": -0.1810761635318152, ""intersects"": false}], ""ratios"": [{""generator"": ""SQ"", ""ratio"": 1.1669286866466106, ""lo"": 1.1555528846250227, ""hi"": 1.1785271747931854, ""below_limit"": true}, {""generator"": ""UKL"", ""ratio"": 1.1783067953267283, ""lo"": 1.1647303012157761, ""hi"": 1.1924567982824075, ""below_limit"": true}, {""generator"": ""BP"", ""ratio"": 1.1621284425783103, ""lo"": 1.1513730346281459, ""hi"": 1.1731592855942279, ""below_limit"": true}, {""generator"": ""BKL"", ""ratio"": 1.1524930865497358, ""lo"": 1.1404872046601389, ""hi"": 1.1642952261699173, ""below_limit"": true}], ""verdict"": ""negative"", ""failed"": [""slope|SQ|p_c=800"", ""slope|BKL|p_c=50"", ""slope|BKL|p_c=200"", ""slope|BKL|p_c=800""], ""incomplete"": []}","{""failures"": {""SQ|SN"": [0, 3000], ""SQ|TH"": [0, 3000], ""SQ|LTH"": [0, 3000], ""UKL|SN"": [0, 3000], ""UKL|TH"": [0, 3000], ""UKL|LTH"": [0, 3000], ""BP|SN"": [0, 3000], ""BP|TH"": [0, 3000], ""BP|LTH"": [0, 3000], ""BKL|SN"": [0, 3000], ""BKL|TH"": [0, 3000], ""BKL|LTH"": [0, 3000]}, ""pvalues"": {""SQ|SN"": 1.0, ""SQ|TH"": 1.0, ""SQ|LTH"": 1.0, ""UKL|SN"": 1.0, ""UKL|TH"": 1.0, ""UKL|LTH"": 1.0, ""BP|SN"": 1.0, ""BP|TH"": 1.0, ""BP|LTH"": 1.0, ""BKL|SN"": 1.0, ""BKL|TH"": 1.0, ""BKL|LTH"": 1.0}, ""rejected"": [], ""verdict"": ""H14-health: no departure from the prediction was detected"", ""bkl_zero_offset"": {""verdict"": ""pass"", ""expected"": 3000, ""replications"": 3000, ""infeasible_start"": 3000, ""mismatches"": [], ""missing"": []}}",[]
39,BP,200,64000,TH,200,200,0.0,0.014867039231272054,"{""ok"": 200}",1.0,1.0,1.0,1.0,0.712750785670005,425.1785357400394,0.7287135674424813,0.7287295764906225,0.7300953045700285,0.0,0.0,200,0,0.0016915496336007841,0,"{""verdict"": ""no violation"", ""violations"": 0, ""checked"": 27448, ""violating_cells"": []}","{""slopes"": [{""generator"": ""SQ"", ""p_c"": 50, ""slope"": -0.37387744893943003, ""lo"": -0.38204560748021754, ""hi"": -0.3656656886490169, ""intersects"": true}, {""generator"": ""SQ"", ""p_c"": 200, ""slope"": -0.3630240734188334, ""lo"": -0.3700524449828918, ""hi"": -0.35598837640050307, ""intersects"": true}, {""generator"": ""SQ"", ""p_c"": 800, ""slope"": -0.3420416645418425, ""lo"": -0.3479978577657304, ""hi"": -0.3358800925209334, ""intersects"": false}, {""generator"": ""UKL"", ""p_c"": 50, ""slope"": -0.4568061703848367, ""lo"": -0.4652538888003753, ""hi"": -0.44842177415408196, ""intersects"": true}, {""generator"": ""UKL"", ""p_c"": 200, ""slope"": -0.4555670306078159, ""lo"": -0.46316886778399097, ""hi"": -0.447775703849196, ""intersects"": true}, {""generator"": ""UKL"", ""p_c"": 800, ""slope"": -0.46269340659628444, ""lo"": -0.46997582070031146, ""hi"": -0.4555881153024492, ""intersects"": true}, {""generator"": ""BP"", ""p_c"": 50, ""slope"": -0.39263053619822913, ""lo"": -0.40009686121742893, ""hi"": -0.3850923790781503, ""intersects"": true}, {""generator"": ""BP"", ""p_c"": 200, ""slope"": -0.3956786453174106, ""lo"": -0.40234794273824365, ""hi"": -0.3888287183068256, ""intersects"": true}, {""generator"": ""BP"", ""p_c"": 800, ""slope"": -0.3904151304230434, ""lo"": -0.3963248349564689, ""hi"": -0.3845194345684493, ""intersects"": true}, {""generator"": ""BKL"", ""p_c"": 50, ""slope"": -0.2716605165364226, ""lo"": -0.2782109477822056, ""hi"": -0.264790285226348, ""intersects"": false}, {""generator"": ""BKL"", ""p_c"": 200, ""slope"": -0.22858791151984645, ""lo"": -0.23406550695731218, ""hi"": -0.22319437726683475, ""intersects"": false}, {""generator"": ""BKL"", ""p_c"": 800, ""slope"": -0.18599097556953456, ""lo"": -0.19090654823264008, ""hi"": -0.1810761635318152, ""intersects"": false}], ""ratios"": [{""generator"": ""SQ"", ""ratio"": 1.1669286866466106, ""lo"": 1.1555528846250227, ""hi"": 1.1785271747931854, ""below_limit"": true}, {""generator"": ""UKL"", ""ratio"": 1.1783067953267283, ""lo"": 1.1647303012157761, ""hi"": 1.1924567982824075, ""below_limit"": true}, {""generator"": ""BP"", ""ratio"": 1.1621284425783103, ""lo"": 1.1513730346281459, ""hi"": 1.1731592855942279, ""below_limit"": true}, {""generator"": ""BKL"", ""ratio"": 1.1524930865497358, ""lo"": 1.1404872046601389, ""hi"": 1.1642952261699173, ""below_limit"": true}], ""verdict"": ""negative"", ""failed"": [""slope|SQ|p_c=800"", ""slope|BKL|p_c=50"", ""slope|BKL|p_c=200"", ""slope|BKL|p_c=800""], ""incomplete"": []}","{""failures"": {""SQ|SN"": [0, 3000], ""SQ|TH"": [0, 3000], ""SQ|LTH"": [0, 3000], ""UKL|SN"": [0, 3000], ""UKL|TH"": [0, 3000], ""UKL|LTH"": [0, 3000], ""BP|SN"": [0, 3000], ""BP|TH"": [0, 3000], ""BP|LTH"": [0, 3000], ""BKL|SN"": [0, 3000], ""BKL|TH"": [0, 3000], ""BKL|LTH"": [0, 3000]}, ""pvalues"": {""SQ|SN"": 1.0, ""SQ|TH"": 1.0, ""SQ|LTH"": 1.0, ""UKL|SN"": 1.0, ""UKL|TH"": 1.0, ""UKL|LTH"": 1.0, ""BP|SN"": 1.0, ""BP|TH"": 1.0, ""BP|LTH"": 1.0, ""BKL|SN"": 1.0, ""BKL|TH"": 1.0, ""BKL|LTH"": 1.0}, ""rejected"": [], ""verdict"": ""H14-health: no departure from the prediction was detected"", ""bkl_zero_offset"": {""verdict"": ""pass"", ""expected"": 3000, ""replications"": 3000, ""infeasible_start"": 3000, ""mismatches"": [], ""missing"": []}}",[]
39,BP,200,64000,LTH,200,200,0.0,0.014867039231272054,"{""ok"": 200}",0.99,1.0,1.0,0.99,0.0681791709698166,40.67104612682624,0.2588278880655309,0.25895703245523893,0.2976761416204268,4.0,0.0,198,0,0.006774456197024098,0,"{""verdict"": ""no violation"", ""violations"": 0, ""checked"": 27448, ""violating_cells"": []}","{""slopes"": [{""generator"": ""SQ"", ""p_c"": 50, ""slope"": -0.37387744893943003, ""lo"": -0.38204560748021754, ""hi"": -0.3656656886490169, ""intersects"": true}, {""generator"": ""SQ"", ""p_c"": 200, ""slope"": -0.3630240734188334, ""lo"": -0.3700524449828918, ""hi"": -0.35598837640050307, ""intersects"": true}, {""generator"": ""SQ"", ""p_c"": 800, ""slope"": -0.3420416645418425, ""lo"": -0.3479978577657304, ""hi"": -0.3358800925209334, ""intersects"": false}, {""generator"": ""UKL"", ""p_c"": 50, ""slope"": -0.4568061703848367, ""lo"": -0.4652538888003753, ""hi"": -0.44842177415408196, ""intersects"": true}, {""generator"": ""UKL"", ""p_c"": 200, ""slope"": -0.4555670306078159, ""lo"": -0.46316886778399097, ""hi"": -0.447775703849196, ""intersects"": true}, {""generator"": ""UKL"", ""p_c"": 800, ""slope"": -0.46269340659628444, ""lo"": -0.46997582070031146, ""hi"": -0.4555881153024492, ""intersects"": true}, {""generator"": ""BP"", ""p_c"": 50, ""slope"": -0.39263053619822913, ""lo"": -0.40009686121742893, ""hi"": -0.3850923790781503, ""intersects"": true}, {""generator"": ""BP"", ""p_c"": 200, ""slope"": -0.3956786453174106, ""lo"": -0.40234794273824365, ""hi"": -0.3888287183068256, ""intersects"": true}, {""generator"": ""BP"", ""p_c"": 800, ""slope"": -0.3904151304230434, ""lo"": -0.3963248349564689, ""hi"": -0.3845194345684493, ""intersects"": true}, {""generator"": ""BKL"", ""p_c"": 50, ""slope"": -0.2716605165364226, ""lo"": -0.2782109477822056, ""hi"": -0.264790285226348, ""intersects"": false}, {""generator"": ""BKL"", ""p_c"": 200, ""slope"": -0.22858791151984645, ""lo"": -0.23406550695731218, ""hi"": -0.22319437726683475, ""intersects"": false}, {""generator"": ""BKL"", ""p_c"": 800, ""slope"": -0.18599097556953456, ""lo"": -0.19090654823264008, ""hi"": -0.1810761635318152, ""intersects"": false}], ""ratios"": [{""generator"": ""SQ"", ""ratio"": 1.1669286866466106, ""lo"": 1.1555528846250227, ""hi"": 1.1785271747931854, ""below_limit"": true}, {""generator"": ""UKL"", ""ratio"": 1.1783067953267283, ""lo"": 1.1647303012157761, ""hi"": 1.1924567982824075, ""below_limit"": true}, {""generator"": ""BP"", ""ratio"": 1.1621284425783103, ""lo"": 1.1513730346281459, ""hi"": 1.1731592855942279, ""below_limit"": true}, {""generator"": ""BKL"", ""ratio"": 1.1524930865497358, ""lo"": 1.1404872046601389, ""hi"": 1.1642952261699173, ""below_limit"": true}], ""verdict"": ""negative"", ""failed"": [""slope|SQ|p_c=800"", ""slope|BKL|p_c=50"", ""slope|BKL|p_c=200"", ""slope|BKL|p_c=800""], ""incomplete"": []}","{""failures"": {""SQ|SN"": [0, 3000], ""SQ|TH"": [0, 3000], ""SQ|LTH"": [0, 3000], ""UKL|SN"": [0, 3000], ""UKL|TH"": [0, 3000], ""UKL|LTH"": [0, 3000], ""BP|SN"": [0, 3000], ""BP|TH"": [0, 3000], ""BP|LTH"": [0, 3000], ""BKL|SN"": [0, 3000], ""BKL|TH"": [0, 3000], ""BKL|LTH"": [0, 3000]}, ""pvalues"": {""SQ|SN"": 1.0, ""SQ|TH"": 1.0, ""SQ|LTH"": 1.0, ""UKL|SN"": 1.0, ""UKL|TH"": 1.0, ""UKL|LTH"": 1.0, ""BP|SN"": 1.0, ""BP|TH"": 1.0, ""BP|LTH"": 1.0, ""BKL|SN"": 1.0, ""BKL|TH"": 1.0, ""BKL|LTH"": 1.0}, ""rejected"": [], ""verdict"": ""H14-health: no departure from the prediction was detected"", ""bkl_zero_offset"": {""verdict"": ""pass"", ""expected"": 3000, ""replications"": 3000, ""infeasible_start"": 3000, ""mismatches"": [], ""missing"": []}}",[]
40,BP,800,4000,SN,200,200,0.0,0.014867039231272054,"{""ok"": 200}",0.99,0.0,0.0,0.0,0.30952339740372997,184.6405609524374,0.7114839630499112,0.7223801658719097,0.7300953045700285,1.0,0.0,0,0,,0,"{""verdict"": ""no violation"", ""violations"": 0, ""checked"": 27448, ""violating_cells"": []}","{""slopes"": [{""generator"": ""SQ"", ""p_c"": 50, ""slope"": -0.37387744893943003, ""lo"": -0.38204560748021754, ""hi"": -0.3656656886490169, ""intersects"": true}, {""generator"": ""SQ"", ""p_c"": 200, ""slope"": -0.3630240734188334, ""lo"": -0.3700524449828918, ""hi"": -0.35598837640050307, ""intersects"": true}, {""generator"": ""SQ"", ""p_c"": 800, ""slope"": -0.3420416645418425, ""lo"": -0.3479978577657304, ""hi"": -0.3358800925209334, ""intersects"": false}, {""generator"": ""UKL"", ""p_c"": 50, ""slope"": -0.4568061703848367, ""lo"": -0.4652538888003753, ""hi"": -0.44842177415408196, ""intersects"": true}, {""generator"": ""UKL"", ""p_c"": 200, ""slope"": -0.4555670306078159, ""lo"": -0.46316886778399097, ""hi"": -0.447775703849196, ""intersects"": true}, {""generator"": ""UKL"", ""p_c"": 800, ""slope"": -0.46269340659628444, ""lo"": -0.46997582070031146, ""hi"": -0.4555881153024492, ""intersects"": true}, {""generator"": ""BP"", ""p_c"": 50, ""slope"": -0.39263053619822913, ""lo"": -0.40009686121742893, ""hi"": -0.3850923790781503, ""intersects"": true}, {""generator"": ""BP"", ""p_c"": 200, ""slope"": -0.3956786453174106, ""lo"": -0.40234794273824365, ""hi"": -0.3888287183068256, ""intersects"": true}, {""generator"": ""BP"", ""p_c"": 800, ""slope"": -0.3904151304230434, ""lo"": -0.3963248349564689, ""hi"": -0.3845194345684493, ""intersects"": true}, {""generator"": ""BKL"", ""p_c"": 50, ""slope"": -0.2716605165364226, ""lo"": -0.2782109477822056, ""hi"": -0.264790285226348, ""intersects"": false}, {""generator"": ""BKL"", ""p_c"": 200, ""slope"": -0.22858791151984645, ""lo"": -0.23406550695731218, ""hi"": -0.22319437726683475, ""intersects"": false}, {""generator"": ""BKL"", ""p_c"": 800, ""slope"": -0.18599097556953456, ""lo"": -0.19090654823264008, ""hi"": -0.1810761635318152, ""intersects"": false}], ""ratios"": [{""generator"": ""SQ"", ""ratio"": 1.1669286866466106, ""lo"": 1.1555528846250227, ""hi"": 1.1785271747931854, ""below_limit"": true}, {""generator"": ""UKL"", ""ratio"": 1.1783067953267283, ""lo"": 1.1647303012157761, ""hi"": 1.1924567982824075, ""below_limit"": true}, {""generator"": ""BP"", ""ratio"": 1.1621284425783103, ""lo"": 1.1513730346281459, ""hi"": 1.1731592855942279, ""below_limit"": true}, {""generator"": ""BKL"", ""ratio"": 1.1524930865497358, ""lo"": 1.1404872046601389, ""hi"": 1.1642952261699173, ""below_limit"": true}], ""verdict"": ""negative"", ""failed"": [""slope|SQ|p_c=800"", ""slope|BKL|p_c=50"", ""slope|BKL|p_c=200"", ""slope|BKL|p_c=800""], ""incomplete"": []}","{""failures"": {""SQ|SN"": [0, 3000], ""SQ|TH"": [0, 3000], ""SQ|LTH"": [0, 3000], ""UKL|SN"": [0, 3000], ""UKL|TH"": [0, 3000], ""UKL|LTH"": [0, 3000], ""BP|SN"": [0, 3000], ""BP|TH"": [0, 3000], ""BP|LTH"": [0, 3000], ""BKL|SN"": [0, 3000], ""BKL|TH"": [0, 3000], ""BKL|LTH"": [0, 3000]}, ""pvalues"": {""SQ|SN"": 1.0, ""SQ|TH"": 1.0, ""SQ|LTH"": 1.0, ""UKL|SN"": 1.0, ""UKL|TH"": 1.0, ""UKL|LTH"": 1.0, ""BP|SN"": 1.0, ""BP|TH"": 1.0, ""BP|LTH"": 1.0, ""BKL|SN"": 1.0, ""BKL|TH"": 1.0, ""BKL|LTH"": 1.0}, ""rejected"": [], ""verdict"": ""H14-health: no departure from the prediction was detected"", ""bkl_zero_offset"": {""verdict"": ""pass"", ""expected"": 3000, ""replications"": 3000, ""infeasible_start"": 3000, ""mismatches"": [], ""missing"": []}}",[]
40,BP,800,4000,TH,200,200,0.0,0.014867039231272054,"{""ok"": 200}",1.0,0.0,0.0,0.0,3.061681541853582,1826.3905155066527,0.7287135674424813,0.7287295764906225,0.7300953045700285,0.0,0.0,0,0,,0,"{""verdict"": ""no violation"", ""violations"": 0, ""checked"": 27448, ""violating_cells"": []}","{""slopes"": [{""generator"": ""SQ"", ""p_c"": 50, ""slope"": -0.37387744893943003, ""lo"": -0.38204560748021754, ""hi"": -0.3656656886490169, ""intersects"": true}, {""generator"": ""SQ"", ""p_c"": 200, ""slope"": -0.3630240734188334, ""lo"": -0.3700524449828918, ""hi"": -0.35598837640050307, ""intersects"": true}, {""generator"": ""SQ"", ""p_c"": 800, ""slope"": -0.3420416645418425, ""lo"": -0.3479978577657304, ""hi"": -0.3358800925209334, ""intersects"": false}, {""generator"": ""UKL"", ""p_c"": 50, ""slope"": -0.4568061703848367, ""lo"": -0.4652538888003753, ""hi"": -0.44842177415408196, ""intersects"": true}, {""generator"": ""UKL"", ""p_c"": 200, ""slope"": -0.4555670306078159, ""lo"": -0.46316886778399097, ""hi"": -0.447775703849196, ""intersects"": true}, {""generator"": ""UKL"", ""p_c"": 800, ""slope"": -0.46269340659628444, ""lo"": -0.46997582070031146, ""hi"": -0.4555881153024492, ""intersects"": true}, {""generator"": ""BP"", ""p_c"": 50, ""slope"": -0.39263053619822913, ""lo"": -0.40009686121742893, ""hi"": -0.3850923790781503, ""intersects"": true}, {""generator"": ""BP"", ""p_c"": 200, ""slope"": -0.3956786453174106, ""lo"": -0.40234794273824365, ""hi"": -0.3888287183068256, ""intersects"": true}, {""generator"": ""BP"", ""p_c"": 800, ""slope"": -0.3904151304230434, ""lo"": -0.3963248349564689, ""hi"": -0.3845194345684493, ""intersects"": true}, {""generator"": ""BKL"", ""p_c"": 50, ""slope"": -0.2716605165364226, ""lo"": -0.2782109477822056, ""hi"": -0.264790285226348, ""intersects"": false}, {""generator"": ""BKL"", ""p_c"": 200, ""slope"": -0.22858791151984645, ""lo"": -0.23406550695731218, ""hi"": -0.22319437726683475, ""intersects"": false}, {""generator"": ""BKL"", ""p_c"": 800, ""slope"": -0.18599097556953456, ""lo"": -0.19090654823264008, ""hi"": -0.1810761635318152, ""intersects"": false}], ""ratios"": [{""generator"": ""SQ"", ""ratio"": 1.1669286866466106, ""lo"": 1.1555528846250227, ""hi"": 1.1785271747931854, ""below_limit"": true}, {""generator"": ""UKL"", ""ratio"": 1.1783067953267283, ""lo"": 1.1647303012157761, ""hi"": 1.1924567982824075, ""below_limit"": true}, {""generator"": ""BP"", ""ratio"": 1.1621284425783103, ""lo"": 1.1513730346281459, ""hi"": 1.1731592855942279, ""below_limit"": true}, {""generator"": ""BKL"", ""ratio"": 1.1524930865497358, ""lo"": 1.1404872046601389, ""hi"": 1.1642952261699173, ""below_limit"": true}], ""verdict"": ""negative"", ""failed"": [""slope|SQ|p_c=800"", ""slope|BKL|p_c=50"", ""slope|BKL|p_c=200"", ""slope|BKL|p_c=800""], ""incomplete"": []}","{""failures"": {""SQ|SN"": [0, 3000], ""SQ|TH"": [0, 3000], ""SQ|LTH"": [0, 3000], ""UKL|SN"": [0, 3000], ""UKL|TH"": [0, 3000], ""UKL|LTH"": [0, 3000], ""BP|SN"": [0, 3000], ""BP|TH"": [0, 3000], ""BP|LTH"": [0, 3000], ""BKL|SN"": [0, 3000], ""BKL|TH"": [0, 3000], ""BKL|LTH"": [0, 3000]}, ""pvalues"": {""SQ|SN"": 1.0, ""SQ|TH"": 1.0, ""SQ|LTH"": 1.0, ""UKL|SN"": 1.0, ""UKL|TH"": 1.0, ""UKL|LTH"": 1.0, ""BP|SN"": 1.0, ""BP|TH"": 1.0, ""BP|LTH"": 1.0, ""BKL|SN"": 1.0, ""BKL|TH"": 1.0, ""BKL|LTH"": 1.0}, ""rejected"": [], ""verdict"": ""H14-health: no departure from the prediction was detected"", ""bkl_zero_offset"": {""verdict"": ""pass"", ""expected"": 3000, ""replications"": 3000, ""infeasible_start"": 3000, ""mismatches"": [], ""missing"": []}}",[]
40,BP,800,4000,LTH,200,200,0.0,0.014867039231272054,"{""ok"": 200}",0.985,0.0,0.0,0.0,0.29821417240756354,177.8942481866021,0.7039853154285537,0.709286031509835,0.7300953045700285,1.0,0.0,0,0,,0,"{""verdict"": ""no violation"", ""violations"": 0, ""checked"": 27448, ""violating_cells"": []}","{""slopes"": [{""generator"": ""SQ"", ""p_c"": 50, ""slope"": -0.37387744893943003, ""lo"": -0.38204560748021754, ""hi"": -0.3656656886490169, ""intersects"": true}, {""generator"": ""SQ"", ""p_c"": 200, ""slope"": -0.3630240734188334, ""lo"": -0.3700524449828918, ""hi"": -0.35598837640050307, ""intersects"": true}, {""generator"": ""SQ"", ""p_c"": 800, ""slope"": -0.3420416645418425, ""lo"": -0.3479978577657304, ""hi"": -0.3358800925209334, ""intersects"": false}, {""generator"": ""UKL"", ""p_c"": 50, ""slope"": -0.4568061703848367, ""lo"": -0.4652538888003753, ""hi"": -0.44842177415408196, ""intersects"": true}, {""generator"": ""UKL"", ""p_c"": 200, ""slope"": -0.4555670306078159, ""lo"": -0.46316886778399097, ""hi"": -0.447775703849196, ""intersects"": true}, {""generator"": ""UKL"", ""p_c"": 800, ""slope"": -0.46269340659628444, ""lo"": -0.46997582070031146, ""hi"": -0.4555881153024492, ""intersects"": true}, {""generator"": ""BP"", ""p_c"": 50, ""slope"": -0.39263053619822913, ""lo"": -0.40009686121742893, ""hi"": -0.3850923790781503, ""intersects"": true}, {""generator"": ""BP"", ""p_c"": 200, ""slope"": -0.3956786453174106, ""lo"": -0.40234794273824365, ""hi"": -0.3888287183068256, ""intersects"": true}, {""generator"": ""BP"", ""p_c"": 800, ""slope"": -0.3904151304230434, ""lo"": -0.3963248349564689, ""hi"": -0.3845194345684493, ""intersects"": true}, {""generator"": ""BKL"", ""p_c"": 50, ""slope"": -0.2716605165364226, ""lo"": -0.2782109477822056, ""hi"": -0.264790285226348, ""intersects"": false}, {""generator"": ""BKL"", ""p_c"": 200, ""slope"": -0.22858791151984645, ""lo"": -0.23406550695731218, ""hi"": -0.22319437726683475, ""intersects"": false}, {""generator"": ""BKL"", ""p_c"": 800, ""slope"": -0.18599097556953456, ""lo"": -0.19090654823264008, ""hi"": -0.1810761635318152, ""intersects"": false}], ""ratios"": [{""generator"": ""SQ"", ""ratio"": 1.1669286866466106, ""lo"": 1.1555528846250227, ""hi"": 1.1785271747931854, ""below_limit"": true}, {""generator"": ""UKL"", ""ratio"": 1.1783067953267283, ""lo"": 1.1647303012157761, ""hi"": 1.1924567982824075, ""below_limit"": true}, {""generator"": ""BP"", ""ratio"": 1.1621284425783103, ""lo"": 1.1513730346281459, ""hi"": 1.1731592855942279, ""below_limit"": true}, {""generator"": ""BKL"", ""ratio"": 1.1524930865497358, ""lo"": 1.1404872046601389, ""hi"": 1.1642952261699173, ""below_limit"": true}], ""verdict"": ""negative"", ""failed"": [""slope|SQ|p_c=800"", ""slope|BKL|p_c=50"", ""slope|BKL|p_c=200"", ""slope|BKL|p_c=800""], ""incomplete"": []}","{""failures"": {""SQ|SN"": [0, 3000], ""SQ|TH"": [0, 3000], ""SQ|LTH"": [0, 3000], ""UKL|SN"": [0, 3000], ""UKL|TH"": [0, 3000], ""UKL|LTH"": [0, 3000], ""BP|SN"": [0, 3000], ""BP|TH"": [0, 3000], ""BP|LTH"": [0, 3000], ""BKL|SN"": [0, 3000], ""BKL|TH"": [0, 3000], ""BKL|LTH"": [0, 3000]}, ""pvalues"": {""SQ|SN"": 1.0, ""SQ|TH"": 1.0, ""SQ|LTH"": 1.0, ""UKL|SN"": 1.0, ""UKL|TH"": 1.0, ""UKL|LTH"": 1.0, ""BP|SN"": 1.0, ""BP|TH"": 1.0, ""BP|LTH"": 1.0, ""BKL|SN"": 1.0, ""BKL|TH"": 1.0, ""BKL|LTH"": 1.0}, ""rejected"": [], ""verdict"": ""H14-health: no departure from the prediction was detected"", ""bkl_zero_offset"": {""verdict"": ""pass"", ""expected"": 3000, ""replications"": 3000, ""infeasible_start"": 3000, ""mismatches"": [], ""missing"": []}}",[]
41,BP,800,8000,SN,200,200,0.0,0.014867039231272054,"{""ok"": 200}",0.99,0.0,0.0,0.0,0.21689206951182555,129.38302472999388,0.6079307604386268,0.6065196184917132,0.6708410131056215,2.0,0.0,0,0,,0,"{""verdict"": ""no violation"", ""violations"": 0, ""checked"": 27448, ""violating_cells"": []}","{""slopes"": [{""generator"": ""SQ"", ""p_c"": 50, ""slope"": -0.37387744893943003, ""lo"": -0.38204560748021754, ""hi"": -0.3656656886490169, ""intersects"": true}, {""generator"": ""SQ"", ""p_c"": 200, ""slope"": -0.3630240734188334, ""lo"": -0.3700524449828918, ""hi"": -0.35598837640050307, ""intersects"": true}, {""generator"": ""SQ"", ""p_c"": 800, ""slope"": -0.3420416645418425, ""lo"": -0.3479978577657304, ""hi"": -0.3358800925209334, ""intersects"": false}, {""generator"": ""UKL"", ""p_c"": 50, ""slope"": -0.4568061703848367, ""lo"": -0.4652538888003753, ""hi"": -0.44842177415408196, ""intersects"": true}, {""generator"": ""UKL"", ""p_c"": 200, ""slope"": -0.4555670306078159, ""lo"": -0.46316886778399097, ""hi"": -0.447775703849196, ""intersects"": true}, {""generator"": ""UKL"", ""p_c"": 800, ""slope"": -0.46269340659628444, ""lo"": -0.46997582070031146, ""hi"": -0.4555881153024492, ""intersects"": true}, {""generator"": ""BP"", ""p_c"": 50, ""slope"": -0.39263053619822913, ""lo"": -0.40009686121742893, ""hi"": -0.3850923790781503, ""intersects"": true}, {""generator"": ""BP"", ""p_c"": 200, ""slope"": -0.3956786453174106, ""lo"": -0.40234794273824365, ""hi"": -0.3888287183068256, ""intersects"": true}, {""generator"": ""BP"", ""p_c"": 800, ""slope"": -0.3904151304230434, ""lo"": -0.3963248349564689, ""hi"": -0.3845194345684493, ""intersects"": true}, {""generator"": ""BKL"", ""p_c"": 50, ""slope"": -0.2716605165364226, ""lo"": -0.2782109477822056, ""hi"": -0.264790285226348, ""intersects"": false}, {""generator"": ""BKL"", ""p_c"": 200, ""slope"": -0.22858791151984645, ""lo"": -0.23406550695731218, ""hi"": -0.22319437726683475, ""intersects"": false}, {""generator"": ""BKL"", ""p_c"": 800, ""slope"": -0.18599097556953456, ""lo"": -0.19090654823264008, ""hi"": -0.1810761635318152, ""intersects"": false}], ""ratios"": [{""generator"": ""SQ"", ""ratio"": 1.1669286866466106, ""lo"": 1.1555528846250227, ""hi"": 1.1785271747931854, ""below_limit"": true}, {""generator"": ""UKL"", ""ratio"": 1.1783067953267283, ""lo"": 1.1647303012157761, ""hi"": 1.1924567982824075, ""below_limit"": true}, {""generator"": ""BP"", ""ratio"": 1.1621284425783103, ""lo"": 1.1513730346281459, ""hi"": 1.1731592855942279, ""below_limit"": true}, {""generator"": ""BKL"", ""ratio"": 1.1524930865497358, ""lo"": 1.1404872046601389, ""hi"": 1.1642952261699173, ""below_limit"": true}], ""verdict"": ""negative"", ""failed"": [""slope|SQ|p_c=800"", ""slope|BKL|p_c=50"", ""slope|BKL|p_c=200"", ""slope|BKL|p_c=800""], ""incomplete"": []}","{""failures"": {""SQ|SN"": [0, 3000], ""SQ|TH"": [0, 3000], ""SQ|LTH"": [0, 3000], ""UKL|SN"": [0, 3000], ""UKL|TH"": [0, 3000], ""UKL|LTH"": [0, 3000], ""BP|SN"": [0, 3000], ""BP|TH"": [0, 3000], ""BP|LTH"": [0, 3000], ""BKL|SN"": [0, 3000], ""BKL|TH"": [0, 3000], ""BKL|LTH"": [0, 3000]}, ""pvalues"": {""SQ|SN"": 1.0, ""SQ|TH"": 1.0, ""SQ|LTH"": 1.0, ""UKL|SN"": 1.0, ""UKL|TH"": 1.0, ""UKL|LTH"": 1.0, ""BP|SN"": 1.0, ""BP|TH"": 1.0, ""BP|LTH"": 1.0, ""BKL|SN"": 1.0, ""BKL|TH"": 1.0, ""BKL|LTH"": 1.0}, ""rejected"": [], ""verdict"": ""H14-health: no departure from the prediction was detected"", ""bkl_zero_offset"": {""verdict"": ""pass"", ""expected"": 3000, ""replications"": 3000, ""infeasible_start"": 3000, ""mismatches"": [], ""missing"": []}}",[]
41,BP,800,8000,TH,200,200,0.0,0.014867039231272054,"{""ok"": 200}",1.0,0.0,0.0,0.0,2.1649357800783524,1291.4531186095485,0.7287135674424813,0.7287295764906225,0.7300953045700285,0.0,0.0,0,0,,0,"{""verdict"": ""no violation"", ""violations"": 0, ""checked"": 27448, ""violating_cells"": []}","{""slopes"": [{""generator"": ""SQ"", ""p_c"": 50, ""slope"": -0.37387744893943003, ""lo"": -0.38204560748021754, ""hi"": -0.3656656886490169, ""intersects"": true}, {""generator"": ""SQ"", ""p_c"": 200, ""slope"": -0.3630240734188334, ""lo"": -0.3700524449828918, ""hi"": -0.35598837640050307, ""intersects"": true}, {""generator"": ""SQ"", ""p_c"": 800, ""slope"": -0.3420416645418425, ""lo"": -0.3479978577657304, ""hi"": -0.3358800925209334, ""intersects"": false}, {""generator"": ""UKL"", ""p_c"": 50, ""slope"": -0.4568061703848367, ""lo"": -0.4652538888003753, ""hi"": -0.44842177415408196, ""intersects"": true}, {""generator"": ""UKL"", ""p_c"": 200, ""slope"": -0.4555670306078159, ""lo"": -0.46316886778399097, ""hi"": -0.447775703849196, ""intersects"": true}, {""generator"": ""UKL"", ""p_c"": 800, ""slope"": -0.46269340659628444, ""lo"": -0.46997582070031146, ""hi"": -0.4555881153024492, ""intersects"": true}, {""generator"": ""BP"", ""p_c"": 50, ""slope"": -0.39263053619822913, ""lo"": -0.40009686121742893, ""hi"": -0.3850923790781503, ""intersects"": true}, {""generator"": ""BP"", ""p_c"": 200, ""slope"": -0.3956786453174106, ""lo"": -0.40234794273824365, ""hi"": -0.3888287183068256, ""intersects"": true}, {""generator"": ""BP"", ""p_c"": 800, ""slope"": -0.3904151304230434, ""lo"": -0.3963248349564689, ""hi"": -0.3845194345684493, ""intersects"": true}, {""generator"": ""BKL"", ""p_c"": 50, ""slope"": -0.2716605165364226, ""lo"": -0.2782109477822056, ""hi"": -0.264790285226348, ""intersects"": false}, {""generator"": ""BKL"", ""p_c"": 200, ""slope"": -0.22858791151984645, ""lo"": -0.23406550695731218, ""hi"": -0.22319437726683475, ""intersects"": false}, {""generator"": ""BKL"", ""p_c"": 800, ""slope"": -0.18599097556953456, ""lo"": -0.19090654823264008, ""hi"": -0.1810761635318152, ""intersects"": false}], ""ratios"": [{""generator"": ""SQ"", ""ratio"": 1.1669286866466106, ""lo"": 1.1555528846250227, ""hi"": 1.1785271747931854, ""below_limit"": true}, {""generator"": ""UKL"", ""ratio"": 1.1783067953267283, ""lo"": 1.1647303012157761, ""hi"": 1.1924567982824075, ""below_limit"": true}, {""generator"": ""BP"", ""ratio"": 1.1621284425783103, ""lo"": 1.1513730346281459, ""hi"": 1.1731592855942279, ""below_limit"": true}, {""generator"": ""BKL"", ""ratio"": 1.1524930865497358, ""lo"": 1.1404872046601389, ""hi"": 1.1642952261699173, ""below_limit"": true}], ""verdict"": ""negative"", ""failed"": [""slope|SQ|p_c=800"", ""slope|BKL|p_c=50"", ""slope|BKL|p_c=200"", ""slope|BKL|p_c=800""], ""incomplete"": []}","{""failures"": {""SQ|SN"": [0, 3000], ""SQ|TH"": [0, 3000], ""SQ|LTH"": [0, 3000], ""UKL|SN"": [0, 3000], ""UKL|TH"": [0, 3000], ""UKL|LTH"": [0, 3000], ""BP|SN"": [0, 3000], ""BP|TH"": [0, 3000], ""BP|LTH"": [0, 3000], ""BKL|SN"": [0, 3000], ""BKL|TH"": [0, 3000], ""BKL|LTH"": [0, 3000]}, ""pvalues"": {""SQ|SN"": 1.0, ""SQ|TH"": 1.0, ""SQ|LTH"": 1.0, ""UKL|SN"": 1.0, ""UKL|TH"": 1.0, ""UKL|LTH"": 1.0, ""BP|SN"": 1.0, ""BP|TH"": 1.0, ""BP|LTH"": 1.0, ""BKL|SN"": 1.0, ""BKL|TH"": 1.0, ""BKL|LTH"": 1.0}, ""rejected"": [], ""verdict"": ""H14-health: no departure from the prediction was detected"", ""bkl_zero_offset"": {""verdict"": ""pass"", ""expected"": 3000, ""replications"": 3000, ""infeasible_start"": 3000, ""mismatches"": [], ""missing"": []}}",[]
41,BP,800,8000,LTH,200,200,0.0,0.014867039231272054,"{""ok"": 200}",0.98,0.0,0.0,0.0,0.2079784802047302,124.06578492335333,0.5930911596675167,0.5909280998331221,0.6521964092033662,2.0,0.0,0,0,,0,"{""verdict"": ""no violation"", ""violations"": 0, ""checked"": 27448, ""violating_cells"": []}","{""slopes"": [{""generator"": ""SQ"", ""p_c"": 50, ""slope"": -0.37387744893943003, ""lo"": -0.38204560748021754, ""hi"": -0.3656656886490169, ""intersects"": true}, {""generator"": ""SQ"", ""p_c"": 200, ""slope"": -0.3630240734188334, ""lo"": -0.3700524449828918, ""hi"": -0.35598837640050307, ""intersects"": true}, {""generator"": ""SQ"", ""p_c"": 800, ""slope"": -0.3420416645418425, ""lo"": -0.3479978577657304, ""hi"": -0.3358800925209334, ""intersects"": false}, {""generator"": ""UKL"", ""p_c"": 50, ""slope"": -0.4568061703848367, ""lo"": -0.4652538888003753, ""hi"": -0.44842177415408196, ""intersects"": true}, {""generator"": ""UKL"", ""p_c"": 200, ""slope"": -0.4555670306078159, ""lo"": -0.46316886778399097, ""hi"": -0.447775703849196, ""intersects"": true}, {""generator"": ""UKL"", ""p_c"": 800, ""slope"": -0.46269340659628444, ""lo"": -0.46997582070031146, ""hi"": -0.4555881153024492, ""intersects"": true}, {""generator"": ""BP"", ""p_c"": 50, ""slope"": -0.39263053619822913, ""lo"": -0.40009686121742893, ""hi"": -0.3850923790781503, ""intersects"": true}, {""generator"": ""BP"", ""p_c"": 200, ""slope"": -0.3956786453174106, ""lo"": -0.40234794273824365, ""hi"": -0.3888287183068256, ""intersects"": true}, {""generator"": ""BP"", ""p_c"": 800, ""slope"": -0.3904151304230434, ""lo"": -0.3963248349564689, ""hi"": -0.3845194345684493, ""intersects"": true}, {""generator"": ""BKL"", ""p_c"": 50, ""slope"": -0.2716605165364226, ""lo"": -0.2782109477822056, ""hi"": -0.264790285226348, ""intersects"": false}, {""generator"": ""BKL"", ""p_c"": 200, ""slope"": -0.22858791151984645, ""lo"": -0.23406550695731218, ""hi"": -0.22319437726683475, ""intersects"": false}, {""generator"": ""BKL"", ""p_c"": 800, ""slope"": -0.18599097556953456, ""lo"": -0.19090654823264008, ""hi"": -0.1810761635318152, ""intersects"": false}], ""ratios"": [{""generator"": ""SQ"", ""ratio"": 1.1669286866466106, ""lo"": 1.1555528846250227, ""hi"": 1.1785271747931854, ""below_limit"": true}, {""generator"": ""UKL"", ""ratio"": 1.1783067953267283, ""lo"": 1.1647303012157761, ""hi"": 1.1924567982824075, ""below_limit"": true}, {""generator"": ""BP"", ""ratio"": 1.1621284425783103, ""lo"": 1.1513730346281459, ""hi"": 1.1731592855942279, ""below_limit"": true}, {""generator"": ""BKL"", ""ratio"": 1.1524930865497358, ""lo"": 1.1404872046601389, ""hi"": 1.1642952261699173, ""below_limit"": true}], ""verdict"": ""negative"", ""failed"": [""slope|SQ|p_c=800"", ""slope|BKL|p_c=50"", ""slope|BKL|p_c=200"", ""slope|BKL|p_c=800""], ""incomplete"": []}","{""failures"": {""SQ|SN"": [0, 3000], ""SQ|TH"": [0, 3000], ""SQ|LTH"": [0, 3000], ""UKL|SN"": [0, 3000], ""UKL|TH"": [0, 3000], ""UKL|LTH"": [0, 3000], ""BP|SN"": [0, 3000], ""BP|TH"": [0, 3000], ""BP|LTH"": [0, 3000], ""BKL|SN"": [0, 3000], ""BKL|TH"": [0, 3000], ""BKL|LTH"": [0, 3000]}, ""pvalues"": {""SQ|SN"": 1.0, ""SQ|TH"": 1.0, ""SQ|LTH"": 1.0, ""UKL|SN"": 1.0, ""UKL|TH"": 1.0, ""UKL|LTH"": 1.0, ""BP|SN"": 1.0, ""BP|TH"": 1.0, ""BP|LTH"": 1.0, ""BKL|SN"": 1.0, ""BKL|TH"": 1.0, ""BKL|LTH"": 1.0}, ""rejected"": [], ""verdict"": ""H14-health: no departure from the prediction was detected"", ""bkl_zero_offset"": {""verdict"": ""pass"", ""expected"": 3000, ""replications"": 3000, ""infeasible_start"": 3000, ""mismatches"": [], ""missing"": []}}",[]
42,BP,800,16000,SN,200,200,0.0,0.014867039231272054,"{""ok"": 200}",0.995,1.0,0.0,0.0,0.15243766435198375,90.93391999544676,0.482634180312673,0.48331851729501585,0.5557081190978472,3.0,0.0,0,0,,0,"{""verdict"": ""no violation"", ""violations"": 0, ""checked"": 27448, ""violating_cells"": []}","{""slopes"": [{""generator"": ""SQ"", ""p_c"": 50, ""slope"": -0.37387744893943003, ""lo"": -0.38204560748021754, ""hi"": -0.3656656886490169, ""intersects"": true}, {""generator"": ""SQ"", ""p_c"": 200, ""slope"": -0.3630240734188334, ""lo"": -0.3700524449828918, ""hi"": -0.35598837640050307, ""intersects"": true}, {""generator"": ""SQ"", ""p_c"": 800, ""slope"": -0.3420416645418425, ""lo"": -0.3479978577657304, ""hi"": -0.3358800925209334, ""intersects"": false}, {""generator"": ""UKL"", ""p_c"": 50, ""slope"": -0.4568061703848367, ""lo"": -0.4652538888003753, ""hi"": -0.44842177415408196, ""intersects"": true}, {""generator"": ""UKL"", ""p_c"": 200, ""slope"": -0.4555670306078159, ""lo"": -0.46316886778399097, ""hi"": -0.447775703849196, ""intersects"": true}, {""generator"": ""UKL"", ""p_c"": 800, ""slope"": -0.46269340659628444, ""lo"": -0.46997582070031146, ""hi"": -0.4555881153024492, ""intersects"": true}, {""generator"": ""BP"", ""p_c"": 50, ""slope"": -0.39263053619822913, ""lo"": -0.40009686121742893, ""hi"": -0.3850923790781503, ""intersects"": true}, {""generator"": ""BP"", ""p_c"": 200, ""slope"": -0.3956786453174106, ""lo"": -0.40234794273824365, ""hi"": -0.3888287183068256, ""intersects"": true}, {""generator"": ""BP"", ""p_c"": 800, ""slope"": -0.3904151304230434, ""lo"": -0.3963248349564689, ""hi"": -0.3845194345684493, ""intersects"": true}, {""generator"": ""BKL"", ""p_c"": 50, ""slope"": -0.2716605165364226, ""lo"": -0.2782109477822056, ""hi"": -0.264790285226348, ""intersects"": false}, {""generator"": ""BKL"", ""p_c"": 200, ""slope"": -0.22858791151984645, ""lo"": -0.23406550695731218, ""hi"": -0.22319437726683475, ""intersects"": false}, {""generator"": ""BKL"", ""p_c"": 800, ""slope"": -0.18599097556953456, ""lo"": -0.19090654823264008, ""hi"": -0.1810761635318152, ""intersects"": false}], ""ratios"": [{""generator"": ""SQ"", ""ratio"": 1.1669286866466106, ""lo"": 1.1555528846250227, ""hi"": 1.1785271747931854, ""below_limit"": true}, {""generator"": ""UKL"", ""ratio"": 1.1783067953267283, ""lo"": 1.1647303012157761, ""hi"": 1.1924567982824075, ""below_limit"": true}, {""generator"": ""BP"", ""ratio"": 1.1621284425783103, ""lo"": 1.1513730346281459, ""hi"": 1.1731592855942279, ""below_limit"": true}, {""generator"": ""BKL"", ""ratio"": 1.1524930865497358, ""lo"": 1.1404872046601389, ""hi"": 1.1642952261699173, ""below_limit"": true}], ""verdict"": ""negative"", ""failed"": [""slope|SQ|p_c=800"", ""slope|BKL|p_c=50"", ""slope|BKL|p_c=200"", ""slope|BKL|p_c=800""], ""incomplete"": []}","{""failures"": {""SQ|SN"": [0, 3000], ""SQ|TH"": [0, 3000], ""SQ|LTH"": [0, 3000], ""UKL|SN"": [0, 3000], ""UKL|TH"": [0, 3000], ""UKL|LTH"": [0, 3000], ""BP|SN"": [0, 3000], ""BP|TH"": [0, 3000], ""BP|LTH"": [0, 3000], ""BKL|SN"": [0, 3000], ""BKL|TH"": [0, 3000], ""BKL|LTH"": [0, 3000]}, ""pvalues"": {""SQ|SN"": 1.0, ""SQ|TH"": 1.0, ""SQ|LTH"": 1.0, ""UKL|SN"": 1.0, ""UKL|TH"": 1.0, ""UKL|LTH"": 1.0, ""BP|SN"": 1.0, ""BP|TH"": 1.0, ""BP|LTH"": 1.0, ""BKL|SN"": 1.0, ""BKL|TH"": 1.0, ""BKL|LTH"": 1.0}, ""rejected"": [], ""verdict"": ""H14-health: no departure from the prediction was detected"", ""bkl_zero_offset"": {""verdict"": ""pass"", ""expected"": 3000, ""replications"": 3000, ""infeasible_start"": 3000, ""mismatches"": [], ""missing"": []}}",[]
42,BP,800,16000,TH,200,200,0.0,0.014867039231272054,"{""ok"": 200}",1.0,1.0,0.0,0.0,1.530840770926791,913.1952577533264,0.7287135674424813,0.7287295764906225,0.7300953045700285,0.0,0.0,0,0,,0,"{""verdict"": ""no violation"", ""violations"": 0, ""checked"": 27448, ""violating_cells"": []}","{""slopes"": [{""generator"": ""SQ"", ""p_c"": 50, ""slope"": -0.37387744893943003, ""lo"": -0.38204560748021754, ""hi"": -0.3656656886490169, ""intersects"": true}, {""generator"": ""SQ"", ""p_c"": 200, ""slope"": -0.3630240734188334, ""lo"": -0.3700524449828918, ""hi"": -0.35598837640050307, ""intersects"": true}, {""generator"": ""SQ"", ""p_c"": 800, ""slope"": -0.3420416645418425, ""lo"": -0.3479978577657304, ""hi"": -0.3358800925209334, ""intersects"": false}, {""generator"": ""UKL"", ""p_c"": 50, ""slope"": -0.4568061703848367, ""lo"": -0.4652538888003753, ""hi"": -0.44842177415408196, ""intersects"": true}, {""generator"": ""UKL"", ""p_c"": 200, ""slope"": -0.4555670306078159, ""lo"": -0.46316886778399097, ""hi"": -0.447775703849196, ""intersects"": true}, {""generator"": ""UKL"", ""p_c"": 800, ""slope"": -0.46269340659628444, ""lo"": -0.46997582070031146, ""hi"": -0.4555881153024492, ""intersects"": true}, {""generator"": ""BP"", ""p_c"": 50, ""slope"": -0.39263053619822913, ""lo"": -0.40009686121742893, ""hi"": -0.3850923790781503, ""intersects"": true}, {""generator"": ""BP"", ""p_c"": 200, ""slope"": -0.3956786453174106, ""lo"": -0.40234794273824365, ""hi"": -0.3888287183068256, ""intersects"": true}, {""generator"": ""BP"", ""p_c"": 800, ""slope"": -0.3904151304230434, ""lo"": -0.3963248349564689, ""hi"": -0.3845194345684493, ""intersects"": true}, {""generator"": ""BKL"", ""p_c"": 50, ""slope"": -0.2716605165364226, ""lo"": -0.2782109477822056, ""hi"": -0.264790285226348, ""intersects"": false}, {""generator"": ""BKL"", ""p_c"": 200, ""slope"": -0.22858791151984645, ""lo"": -0.23406550695731218, ""hi"": -0.22319437726683475, ""intersects"": false}, {""generator"": ""BKL"", ""p_c"": 800, ""slope"": -0.18599097556953456, ""lo"": -0.19090654823264008, ""hi"": -0.1810761635318152, ""intersects"": false}], ""ratios"": [{""generator"": ""SQ"", ""ratio"": 1.1669286866466106, ""lo"": 1.1555528846250227, ""hi"": 1.1785271747931854, ""below_limit"": true}, {""generator"": ""UKL"", ""ratio"": 1.1783067953267283, ""lo"": 1.1647303012157761, ""hi"": 1.1924567982824075, ""below_limit"": true}, {""generator"": ""BP"", ""ratio"": 1.1621284425783103, ""lo"": 1.1513730346281459, ""hi"": 1.1731592855942279, ""below_limit"": true}, {""generator"": ""BKL"", ""ratio"": 1.1524930865497358, ""lo"": 1.1404872046601389, ""hi"": 1.1642952261699173, ""below_limit"": true}], ""verdict"": ""negative"", ""failed"": [""slope|SQ|p_c=800"", ""slope|BKL|p_c=50"", ""slope|BKL|p_c=200"", ""slope|BKL|p_c=800""], ""incomplete"": []}","{""failures"": {""SQ|SN"": [0, 3000], ""SQ|TH"": [0, 3000], ""SQ|LTH"": [0, 3000], ""UKL|SN"": [0, 3000], ""UKL|TH"": [0, 3000], ""UKL|LTH"": [0, 3000], ""BP|SN"": [0, 3000], ""BP|TH"": [0, 3000], ""BP|LTH"": [0, 3000], ""BKL|SN"": [0, 3000], ""BKL|TH"": [0, 3000], ""BKL|LTH"": [0, 3000]}, ""pvalues"": {""SQ|SN"": 1.0, ""SQ|TH"": 1.0, ""SQ|LTH"": 1.0, ""UKL|SN"": 1.0, ""UKL|TH"": 1.0, ""UKL|LTH"": 1.0, ""BP|SN"": 1.0, ""BP|TH"": 1.0, ""BP|LTH"": 1.0, ""BKL|SN"": 1.0, ""BKL|TH"": 1.0, ""BKL|LTH"": 1.0}, ""rejected"": [], ""verdict"": ""H14-health: no departure from the prediction was detected"", ""bkl_zero_offset"": {""verdict"": ""pass"", ""expected"": 3000, ""replications"": 3000, ""infeasible_start"": 3000, ""mismatches"": [], ""missing"": []}}",[]
42,BP,800,16000,LTH,200,200,0.0,0.014867039231272054,"{""ok"": 200}",0.99,1.0,0.0,0.0,0.1461081017157697,87.15813436651817,0.468261307304323,0.468901535861459,0.5411634496460304,3.0,0.0,0,0,,0,"{""verdict"": ""no violation"", ""violations"": 0, ""checked"": 27448, ""violating_cells"": []}","{""slopes"": [{""generator"": ""SQ"", ""p_c"": 50, ""slope"": -0.37387744893943003, ""lo"": -0.38204560748021754, ""hi"": -0.3656656886490169, ""intersects"": true}, {""generator"": ""SQ"", ""p_c"": 200, ""slope"": -0.3630240734188334, ""lo"": -0.3700524449828918, ""hi"": -0.35598837640050307, ""intersects"": true}, {""generator"": ""SQ"", ""p_c"": 800, ""slope"": -0.3420416645418425, ""lo"": -0.3479978577657304, ""hi"": -0.3358800925209334, ""intersects"": false}, {""generator"": ""UKL"", ""p_c"": 50, ""slope"": -0.4568061703848367, ""lo"": -0.4652538888003753, ""hi"": -0.44842177415408196, ""intersects"": true}, {""generator"": ""UKL"", ""p_c"": 200, ""slope"": -0.4555670306078159, ""lo"": -0.46316886778399097, ""hi"": -0.447775703849196, ""intersects"": true}, {""generator"": ""UKL"", ""p_c"": 800, ""slope"": -0.46269340659628444, ""lo"": -0.46997582070031146, ""hi"": -0.4555881153024492, ""intersects"": true}, {""generator"": ""BP"", ""p_c"": 50, ""slope"": -0.39263053619822913, ""lo"": -0.40009686121742893, ""hi"": -0.3850923790781503, ""intersects"": true}, {""generator"": ""BP"", ""p_c"": 200, ""slope"": -0.3956786453174106, ""lo"": -0.40234794273824365, ""hi"": -0.3888287183068256, ""intersects"": true}, {""generator"": ""BP"", ""p_c"": 800, ""slope"": -0.3904151304230434, ""lo"": -0.3963248349564689, ""hi"": -0.3845194345684493, ""intersects"": true}, {""generator"": ""BKL"", ""p_c"": 50, ""slope"": -0.2716605165364226, ""lo"": -0.2782109477822056, ""hi"": -0.264790285226348, ""intersects"": false}, {""generator"": ""BKL"", ""p_c"": 200, ""slope"": -0.22858791151984645, ""lo"": -0.23406550695731218, ""hi"": -0.22319437726683475, ""intersects"": false}, {""generator"": ""BKL"", ""p_c"": 800, ""slope"": -0.18599097556953456, ""lo"": -0.19090654823264008, ""hi"": -0.1810761635318152, ""intersects"": false}], ""ratios"": [{""generator"": ""SQ"", ""ratio"": 1.1669286866466106, ""lo"": 1.1555528846250227, ""hi"": 1.1785271747931854, ""below_limit"": true}, {""generator"": ""UKL"", ""ratio"": 1.1783067953267283, ""lo"": 1.1647303012157761, ""hi"": 1.1924567982824075, ""below_limit"": true}, {""generator"": ""BP"", ""ratio"": 1.1621284425783103, ""lo"": 1.1513730346281459, ""hi"": 1.1731592855942279, ""below_limit"": true}, {""generator"": ""BKL"", ""ratio"": 1.1524930865497358, ""lo"": 1.1404872046601389, ""hi"": 1.1642952261699173, ""below_limit"": true}], ""verdict"": ""negative"", ""failed"": [""slope|SQ|p_c=800"", ""slope|BKL|p_c=50"", ""slope|BKL|p_c=200"", ""slope|BKL|p_c=800""], ""incomplete"": []}","{""failures"": {""SQ|SN"": [0, 3000], ""SQ|TH"": [0, 3000], ""SQ|LTH"": [0, 3000], ""UKL|SN"": [0, 3000], ""UKL|TH"": [0, 3000], ""UKL|LTH"": [0, 3000], ""BP|SN"": [0, 3000], ""BP|TH"": [0, 3000], ""BP|LTH"": [0, 3000], ""BKL|SN"": [0, 3000], ""BKL|TH"": [0, 3000], ""BKL|LTH"": [0, 3000]}, ""pvalues"": {""SQ|SN"": 1.0, ""SQ|TH"": 1.0, ""SQ|LTH"": 1.0, ""UKL|SN"": 1.0, ""UKL|TH"": 1.0, ""UKL|LTH"": 1.0, ""BP|SN"": 1.0, ""BP|TH"": 1.0, ""BP|LTH"": 1.0, ""BKL|SN"": 1.0, ""BKL|TH"": 1.0, ""BKL|LTH"": 1.0}, ""rejected"": [], ""verdict"": ""H14-health: no departure from the prediction was detected"", ""bkl_zero_offset"": {""verdict"": ""pass"", ""expected"": 3000, ""replications"": 3000, ""infeasible_start"": 3000, ""mismatches"": [], ""missing"": []}}",[]
43,BP,800,32000,SN,200,200,0.0,0.014867039231272054,"{""ok"": 200}",0.995,1.0,1.0,0.995,0.10731744775620478,64.01827428846502,0.37122993659577846,0.37147753397616534,0.4251669089401367,4.0,0.0,199,0,0.006361981177589531,0,"{""verdict"": ""no violation"", ""violations"": 0, ""checked"": 27448, ""violating_cells"": []}","{""slopes"": [{""generator"": ""SQ"", ""p_c"": 50, ""slope"": -0.37387744893943003, ""lo"": -0.38204560748021754, ""hi"": -0.3656656886490169, ""intersects"": true}, {""generator"": ""SQ"", ""p_c"": 200, ""slope"": -0.3630240734188334, ""lo"": -0.3700524449828918, ""hi"": -0.35598837640050307, ""intersects"": true}, {""generator"": ""SQ"", ""p_c"": 800, ""slope"": -0.3420416645418425, ""lo"": -0.3479978577657304, ""hi"": -0.3358800925209334, ""intersects"": false}, {""generator"": ""UKL"", ""p_c"": 50, ""slope"": -0.4568061703848367, ""lo"": -0.4652538888003753, ""hi"": -0.44842177415408196, ""intersects"": true}, {""generator"": ""UKL"", ""p_c"": 200, ""slope"": -0.4555670306078159, ""lo"": -0.46316886778399097, ""hi"": -0.447775703849196, ""intersects"": true}, {""generator"": ""UKL"", ""p_c"": 800, ""slope"": -0.46269340659628444, ""lo"": -0.46997582070031146, ""hi"": -0.4555881153024492, ""intersects"": true}, {""generator"": ""BP"", ""p_c"": 50, ""slope"": -0.39263053619822913, ""lo"": -0.40009686121742893, ""hi"": -0.3850923790781503, ""intersects"": true}, {""generator"": ""BP"", ""p_c"": 200, ""slope"": -0.3956786453174106, ""lo"": -0.40234794273824365, ""hi"": -0.3888287183068256, ""intersects"": true}, {""generator"": ""BP"", ""p_c"": 800, ""slope"": -0.3904151304230434, ""lo"": -0.3963248349564689, ""hi"": -0.3845194345684493, ""intersects"": true}, {""generator"": ""BKL"", ""p_c"": 50, ""slope"": -0.2716605165364226, ""lo"": -0.2782109477822056, ""hi"": -0.264790285226348, ""intersects"": false}, {""generator"": ""BKL"", ""p_c"": 200, ""slope"": -0.22858791151984645, ""lo"": -0.23406550695731218, ""hi"": -0.22319437726683475, ""intersects"": false}, {""generator"": ""BKL"", ""p_c"": 800, ""slope"": -0.18599097556953456, ""lo"": -0.19090654823264008, ""hi"": -0.1810761635318152, ""intersects"": false}], ""ratios"": [{""generator"": ""SQ"", ""ratio"": 1.1669286866466106, ""lo"": 1.1555528846250227, ""hi"": 1.1785271747931854, ""below_limit"": true}, {""generator"": ""UKL"", ""ratio"": 1.1783067953267283, ""lo"": 1.1647303012157761, ""hi"": 1.1924567982824075, ""below_limit"": true}, {""generator"": ""BP"", ""ratio"": 1.1621284425783103, ""lo"": 1.1513730346281459, ""hi"": 1.1731592855942279, ""below_limit"": true}, {""generator"": ""BKL"", ""ratio"": 1.1524930865497358, ""lo"": 1.1404872046601389, ""hi"": 1.1642952261699173, ""below_limit"": true}], ""verdict"": ""negative"", ""failed"": [""slope|SQ|p_c=800"", ""slope|BKL|p_c=50"", ""slope|BKL|p_c=200"", ""slope|BKL|p_c=800""], ""incomplete"": []}","{""failures"": {""SQ|SN"": [0, 3000], ""SQ|TH"": [0, 3000], ""SQ|LTH"": [0, 3000], ""UKL|SN"": [0, 3000], ""UKL|TH"": [0, 3000], ""UKL|LTH"": [0, 3000], ""BP|SN"": [0, 3000], ""BP|TH"": [0, 3000], ""BP|LTH"": [0, 3000], ""BKL|SN"": [0, 3000], ""BKL|TH"": [0, 3000], ""BKL|LTH"": [0, 3000]}, ""pvalues"": {""SQ|SN"": 1.0, ""SQ|TH"": 1.0, ""SQ|LTH"": 1.0, ""UKL|SN"": 1.0, ""UKL|TH"": 1.0, ""UKL|LTH"": 1.0, ""BP|SN"": 1.0, ""BP|TH"": 1.0, ""BP|LTH"": 1.0, ""BKL|SN"": 1.0, ""BKL|TH"": 1.0, ""BKL|LTH"": 1.0}, ""rejected"": [], ""verdict"": ""H14-health: no departure from the prediction was detected"", ""bkl_zero_offset"": {""verdict"": ""pass"", ""expected"": 3000, ""replications"": 3000, ""infeasible_start"": 3000, ""mismatches"": [], ""missing"": []}}",[]
43,BP,800,32000,TH,200,200,0.0,0.014867039231272054,"{""ok"": 200}",1.0,1.0,1.0,1.0,1.0824678900391762,645.7265593047742,0.7287135674424813,0.7287295764906225,0.7300953045700285,0.0,0.0,200,0,0.0011138005491369667,0,"{""verdict"": ""no violation"", ""violations"": 0, ""checked"": 27448, ""violating_cells"": []}","{""slopes"": [{""generator"": ""SQ"", ""p_c"": 50, ""slope"": -0.37387744893943003, ""lo"": -0.38204560748021754, ""hi"": -0.3656656886490169, ""intersects"": true}, {""generator"": ""SQ"", ""p_c"": 200, ""slope"": -0.3630240734188334, ""lo"": -0.3700524449828918, ""hi"": -0.35598837640050307, ""intersects"": true}, {""generator"": ""SQ"", ""p_c"": 800, ""slope"": -0.3420416645418425, ""lo"": -0.3479978577657304, ""hi"": -0.3358800925209334, ""intersects"": false}, {""generator"": ""UKL"", ""p_c"": 50, ""slope"": -0.4568061703848367, ""lo"": -0.4652538888003753, ""hi"": -0.44842177415408196, ""intersects"": true}, {""generator"": ""UKL"", ""p_c"": 200, ""slope"": -0.4555670306078159, ""lo"": -0.46316886778399097, ""hi"": -0.447775703849196, ""intersects"": true}, {""generator"": ""UKL"", ""p_c"": 800, ""slope"": -0.46269340659628444, ""lo"": -0.46997582070031146, ""hi"": -0.4555881153024492, ""intersects"": true}, {""generator"": ""BP"", ""p_c"": 50, ""slope"": -0.39263053619822913, ""lo"": -0.40009686121742893, ""hi"": -0.3850923790781503, ""intersects"": true}, {""generator"": ""BP"", ""p_c"": 200, ""slope"": -0.3956786453174106, ""lo"": -0.40234794273824365, ""hi"": -0.3888287183068256, ""intersects"": true}, {""generator"": ""BP"", ""p_c"": 800, ""slope"": -0.3904151304230434, ""lo"": -0.3963248349564689, ""hi"": -0.3845194345684493, ""intersects"": true}, {""generator"": ""BKL"", ""p_c"": 50, ""slope"": -0.2716605165364226, ""lo"": -0.2782109477822056, ""hi"": -0.264790285226348, ""intersects"": false}, {""generator"": ""BKL"", ""p_c"": 200, ""slope"": -0.22858791151984645, ""lo"": -0.23406550695731218, ""hi"": -0.22319437726683475, ""intersects"": false}, {""generator"": ""BKL"", ""p_c"": 800, ""slope"": -0.18599097556953456, ""lo"": -0.19090654823264008, ""hi"": -0.1810761635318152, ""intersects"": false}], ""ratios"": [{""generator"": ""SQ"", ""ratio"": 1.1669286866466106, ""lo"": 1.1555528846250227, ""hi"": 1.1785271747931854, ""below_limit"": true}, {""generator"": ""UKL"", ""ratio"": 1.1783067953267283, ""lo"": 1.1647303012157761, ""hi"": 1.1924567982824075, ""below_limit"": true}, {""generator"": ""BP"", ""ratio"": 1.1621284425783103, ""lo"": 1.1513730346281459, ""hi"": 1.1731592855942279, ""below_limit"": true}, {""generator"": ""BKL"", ""ratio"": 1.1524930865497358, ""lo"": 1.1404872046601389, ""hi"": 1.1642952261699173, ""below_limit"": true}], ""verdict"": ""negative"", ""failed"": [""slope|SQ|p_c=800"", ""slope|BKL|p_c=50"", ""slope|BKL|p_c=200"", ""slope|BKL|p_c=800""], ""incomplete"": []}","{""failures"": {""SQ|SN"": [0, 3000], ""SQ|TH"": [0, 3000], ""SQ|LTH"": [0, 3000], ""UKL|SN"": [0, 3000], ""UKL|TH"": [0, 3000], ""UKL|LTH"": [0, 3000], ""BP|SN"": [0, 3000], ""BP|TH"": [0, 3000], ""BP|LTH"": [0, 3000], ""BKL|SN"": [0, 3000], ""BKL|TH"": [0, 3000], ""BKL|LTH"": [0, 3000]}, ""pvalues"": {""SQ|SN"": 1.0, ""SQ|TH"": 1.0, ""SQ|LTH"": 1.0, ""UKL|SN"": 1.0, ""UKL|TH"": 1.0, ""UKL|LTH"": 1.0, ""BP|SN"": 1.0, ""BP|TH"": 1.0, ""BP|LTH"": 1.0, ""BKL|SN"": 1.0, ""BKL|TH"": 1.0, ""BKL|LTH"": 1.0}, ""rejected"": [], ""verdict"": ""H14-health: no departure from the prediction was detected"", ""bkl_zero_offset"": {""verdict"": ""pass"", ""expected"": 3000, ""replications"": 3000, ""infeasible_start"": 3000, ""mismatches"": [], ""missing"": []}}",[]
43,BP,800,32000,LTH,200,200,0.0,0.014867039231272054,"{""ok"": 200}",0.995,1.0,1.0,0.995,0.10319749296615716,61.56059008780721,0.35963912099346884,0.3599399101604296,0.41345819178176113,4.0,0.0,199,0,0.006444116532025908,0,"{""verdict"": ""no violation"", ""violations"": 0, ""checked"": 27448, ""violating_cells"": []}","{""slopes"": [{""generator"": ""SQ"", ""p_c"": 50, ""slope"": -0.37387744893943003, ""lo"": -0.38204560748021754, ""hi"": -0.3656656886490169, ""intersects"": true}, {""generator"": ""SQ"", ""p_c"": 200, ""slope"": -0.3630240734188334, ""lo"": -0.3700524449828918, ""hi"": -0.35598837640050307, ""intersects"": true}, {""generator"": ""SQ"", ""p_c"": 800, ""slope"": -0.3420416645418425, ""lo"": -0.3479978577657304, ""hi"": -0.3358800925209334, ""intersects"": false}, {""generator"": ""UKL"", ""p_c"": 50, ""slope"": -0.4568061703848367, ""lo"": -0.4652538888003753, ""hi"": -0.44842177415408196, ""intersects"": true}, {""generator"": ""UKL"", ""p_c"": 200, ""slope"": -0.4555670306078159, ""lo"": -0.46316886778399097, ""hi"": -0.447775703849196, ""intersects"": true}, {""generator"": ""UKL"", ""p_c"": 800, ""slope"": -0.46269340659628444, ""lo"": -0.46997582070031146, ""hi"": -0.4555881153024492, ""intersects"": true}, {""generator"": ""BP"", ""p_c"": 50, ""slope"": -0.39263053619822913, ""lo"": -0.40009686121742893, ""hi"": -0.3850923790781503, ""intersects"": true}, {""generator"": ""BP"", ""p_c"": 200, ""slope"": -0.3956786453174106, ""lo"": -0.40234794273824365, ""hi"": -0.3888287183068256, ""intersects"": true}, {""generator"": ""BP"", ""p_c"": 800, ""slope"": -0.3904151304230434, ""lo"": -0.3963248349564689, ""hi"": -0.3845194345684493, ""intersects"": true}, {""generator"": ""BKL"", ""p_c"": 50, ""slope"": -0.2716605165364226, ""lo"": -0.2782109477822056, ""hi"": -0.264790285226348, ""intersects"": false}, {""generator"": ""BKL"", ""p_c"": 200, ""slope"": -0.22858791151984645, ""lo"": -0.23406550695731218, ""hi"": -0.22319437726683475, ""intersects"": false}, {""generator"": ""BKL"", ""p_c"": 800, ""slope"": -0.18599097556953456, ""lo"": -0.19090654823264008, ""hi"": -0.1810761635318152, ""intersects"": false}], ""ratios"": [{""generator"": ""SQ"", ""ratio"": 1.1669286866466106, ""lo"": 1.1555528846250227, ""hi"": 1.1785271747931854, ""below_limit"": true}, {""generator"": ""UKL"", ""ratio"": 1.1783067953267283, ""lo"": 1.1647303012157761, ""hi"": 1.1924567982824075, ""below_limit"": true}, {""generator"": ""BP"", ""ratio"": 1.1621284425783103, ""lo"": 1.1513730346281459, ""hi"": 1.1731592855942279, ""below_limit"": true}, {""generator"": ""BKL"", ""ratio"": 1.1524930865497358, ""lo"": 1.1404872046601389, ""hi"": 1.1642952261699173, ""below_limit"": true}], ""verdict"": ""negative"", ""failed"": [""slope|SQ|p_c=800"", ""slope|BKL|p_c=50"", ""slope|BKL|p_c=200"", ""slope|BKL|p_c=800""], ""incomplete"": []}","{""failures"": {""SQ|SN"": [0, 3000], ""SQ|TH"": [0, 3000], ""SQ|LTH"": [0, 3000], ""UKL|SN"": [0, 3000], ""UKL|TH"": [0, 3000], ""UKL|LTH"": [0, 3000], ""BP|SN"": [0, 3000], ""BP|TH"": [0, 3000], ""BP|LTH"": [0, 3000], ""BKL|SN"": [0, 3000], ""BKL|TH"": [0, 3000], ""BKL|LTH"": [0, 3000]}, ""pvalues"": {""SQ|SN"": 1.0, ""SQ|TH"": 1.0, ""SQ|LTH"": 1.0, ""UKL|SN"": 1.0, ""UKL|TH"": 1.0, ""UKL|LTH"": 1.0, ""BP|SN"": 1.0, ""BP|TH"": 1.0, ""BP|LTH"": 1.0, ""BKL|SN"": 1.0, ""BKL|TH"": 1.0, ""BKL|LTH"": 1.0}, ""rejected"": [], ""verdict"": ""H14-health: no departure from the prediction was detected"", ""bkl_zero_offset"": {""verdict"": ""pass"", ""expected"": 3000, ""replications"": 3000, ""infeasible_start"": 3000, ""mismatches"": [], ""missing"": []}}",[]
44,BP,800,64000,SN,200,200,0.0,0.014867039231272054,"{""ok"": 200}",0.995,1.0,1.0,0.995,0.07571399261542797,45.16580712709913,0.28090841255254656,0.28046728579996794,0.31290835906146575,4.0,0.0,199,0,0.006426465512510038,0,"{""verdict"": ""no violation"", ""violations"": 0, ""checked"": 27448, ""violating_cells"": []}","{""slopes"": [{""generator"": ""SQ"", ""p_c"": 50, ""slope"": -0.37387744893943003, ""lo"": -0.38204560748021754, ""hi"": -0.3656656886490169, ""intersects"": true}, {""generator"": ""SQ"", ""p_c"": 200, ""slope"": -0.3630240734188334, ""lo"": -0.3700524449828918, ""hi"": -0.35598837640050307, ""intersects"": true}, {""generator"": ""SQ"", ""p_c"": 800, ""slope"": -0.3420416645418425, ""lo"": -0.3479978577657304, ""hi"": -0.3358800925209334, ""intersects"": false}, {""generator"": ""UKL"", ""p_c"": 50, ""slope"": -0.4568061703848367, ""lo"": -0.4652538888003753, ""hi"": -0.44842177415408196, ""intersects"": true}, {""generator"": ""UKL"", ""p_c"": 200, ""slope"": -0.4555670306078159, ""lo"": -0.46316886778399097, ""hi"": -0.447775703849196, ""intersects"": true}, {""generator"": ""UKL"", ""p_c"": 800, ""slope"": -0.46269340659628444, ""lo"": -0.46997582070031146, ""hi"": -0.4555881153024492, ""intersects"": true}, {""generator"": ""BP"", ""p_c"": 50, ""slope"": -0.39263053619822913, ""lo"": -0.40009686121742893, ""hi"": -0.3850923790781503, ""intersects"": true}, {""generator"": ""BP"", ""p_c"": 200, ""slope"": -0.3956786453174106, ""lo"": -0.40234794273824365, ""hi"": -0.3888287183068256, ""intersects"": true}, {""generator"": ""BP"", ""p_c"": 800, ""slope"": -0.3904151304230434, ""lo"": -0.3963248349564689, ""hi"": -0.3845194345684493, ""intersects"": true}, {""generator"": ""BKL"", ""p_c"": 50, ""slope"": -0.2716605165364226, ""lo"": -0.2782109477822056, ""hi"": -0.264790285226348, ""intersects"": false}, {""generator"": ""BKL"", ""p_c"": 200, ""slope"": -0.22858791151984645, ""lo"": -0.23406550695731218, ""hi"": -0.22319437726683475, ""intersects"": false}, {""generator"": ""BKL"", ""p_c"": 800, ""slope"": -0.18599097556953456, ""lo"": -0.19090654823264008, ""hi"": -0.1810761635318152, ""intersects"": false}], ""ratios"": [{""generator"": ""SQ"", ""ratio"": 1.1669286866466106, ""lo"": 1.1555528846250227, ""hi"": 1.1785271747931854, ""below_limit"": true}, {""generator"": ""UKL"", ""ratio"": 1.1783067953267283, ""lo"": 1.1647303012157761, ""hi"": 1.1924567982824075, ""below_limit"": true}, {""generator"": ""BP"", ""ratio"": 1.1621284425783103, ""lo"": 1.1513730346281459, ""hi"": 1.1731592855942279, ""below_limit"": true}, {""generator"": ""BKL"", ""ratio"": 1.1524930865497358, ""lo"": 1.1404872046601389, ""hi"": 1.1642952261699173, ""below_limit"": true}], ""verdict"": ""negative"", ""failed"": [""slope|SQ|p_c=800"", ""slope|BKL|p_c=50"", ""slope|BKL|p_c=200"", ""slope|BKL|p_c=800""], ""incomplete"": []}","{""failures"": {""SQ|SN"": [0, 3000], ""SQ|TH"": [0, 3000], ""SQ|LTH"": [0, 3000], ""UKL|SN"": [0, 3000], ""UKL|TH"": [0, 3000], ""UKL|LTH"": [0, 3000], ""BP|SN"": [0, 3000], ""BP|TH"": [0, 3000], ""BP|LTH"": [0, 3000], ""BKL|SN"": [0, 3000], ""BKL|TH"": [0, 3000], ""BKL|LTH"": [0, 3000]}, ""pvalues"": {""SQ|SN"": 1.0, ""SQ|TH"": 1.0, ""SQ|LTH"": 1.0, ""UKL|SN"": 1.0, ""UKL|TH"": 1.0, ""UKL|LTH"": 1.0, ""BP|SN"": 1.0, ""BP|TH"": 1.0, ""BP|LTH"": 1.0, ""BKL|SN"": 1.0, ""BKL|TH"": 1.0, ""BKL|LTH"": 1.0}, ""rejected"": [], ""verdict"": ""H14-health: no departure from the prediction was detected"", ""bkl_zero_offset"": {""verdict"": ""pass"", ""expected"": 3000, ""replications"": 3000, ""infeasible_start"": 3000, ""mismatches"": [], ""missing"": []}}",[]
44,BP,800,64000,TH,200,200,0.0,0.014867039231272054,"{""ok"": 200}",1.0,1.0,1.0,1.0,0.7654203854633955,456.5976288766632,0.7287135674424813,0.7287295764906225,0.7300953045700285,0.0,0.0,200,0,0.0015751518423680992,0,"{""verdict"": ""no violation"", ""violations"": 0, ""checked"": 27448, ""violating_cells"": []}","{""slopes"": [{""generator"": ""SQ"", ""p_c"": 50, ""slope"": -0.37387744893943003, ""lo"": -0.38204560748021754, ""hi"": -0.3656656886490169, ""intersects"": true}, {""generator"": ""SQ"", ""p_c"": 200, ""slope"": -0.3630240734188334, ""lo"": -0.3700524449828918, ""hi"": -0.35598837640050307, ""intersects"": true}, {""generator"": ""SQ"", ""p_c"": 800, ""slope"": -0.3420416645418425, ""lo"": -0.3479978577657304, ""hi"": -0.3358800925209334, ""intersects"": false}, {""generator"": ""UKL"", ""p_c"": 50, ""slope"": -0.4568061703848367, ""lo"": -0.4652538888003753, ""hi"": -0.44842177415408196, ""intersects"": true}, {""generator"": ""UKL"", ""p_c"": 200, ""slope"": -0.4555670306078159, ""lo"": -0.46316886778399097, ""hi"": -0.447775703849196, ""intersects"": true}, {""generator"": ""UKL"", ""p_c"": 800, ""slope"": -0.46269340659628444, ""lo"": -0.46997582070031146, ""hi"": -0.4555881153024492, ""intersects"": true}, {""generator"": ""BP"", ""p_c"": 50, ""slope"": -0.39263053619822913, ""lo"": -0.40009686121742893, ""hi"": -0.3850923790781503, ""intersects"": true}, {""generator"": ""BP"", ""p_c"": 200, ""slope"": -0.3956786453174106, ""lo"": -0.40234794273824365, ""hi"": -0.3888287183068256, ""intersects"": true}, {""generator"": ""BP"", ""p_c"": 800, ""slope"": -0.3904151304230434, ""lo"": -0.3963248349564689, ""hi"": -0.3845194345684493, ""intersects"": true}, {""generator"": ""BKL"", ""p_c"": 50, ""slope"": -0.2716605165364226, ""lo"": -0.2782109477822056, ""hi"": -0.264790285226348, ""intersects"": false}, {""generator"": ""BKL"", ""p_c"": 200, ""slope"": -0.22858791151984645, ""lo"": -0.23406550695731218, ""hi"": -0.22319437726683475, ""intersects"": false}, {""generator"": ""BKL"", ""p_c"": 800, ""slope"": -0.18599097556953456, ""lo"": -0.19090654823264008, ""hi"": -0.1810761635318152, ""intersects"": false}], ""ratios"": [{""generator"": ""SQ"", ""ratio"": 1.1669286866466106, ""lo"": 1.1555528846250227, ""hi"": 1.1785271747931854, ""below_limit"": true}, {""generator"": ""UKL"", ""ratio"": 1.1783067953267283, ""lo"": 1.1647303012157761, ""hi"": 1.1924567982824075, ""below_limit"": true}, {""generator"": ""BP"", ""ratio"": 1.1621284425783103, ""lo"": 1.1513730346281459, ""hi"": 1.1731592855942279, ""below_limit"": true}, {""generator"": ""BKL"", ""ratio"": 1.1524930865497358, ""lo"": 1.1404872046601389, ""hi"": 1.1642952261699173, ""below_limit"": true}], ""verdict"": ""negative"", ""failed"": [""slope|SQ|p_c=800"", ""slope|BKL|p_c=50"", ""slope|BKL|p_c=200"", ""slope|BKL|p_c=800""], ""incomplete"": []}","{""failures"": {""SQ|SN"": [0, 3000], ""SQ|TH"": [0, 3000], ""SQ|LTH"": [0, 3000], ""UKL|SN"": [0, 3000], ""UKL|TH"": [0, 3000], ""UKL|LTH"": [0, 3000], ""BP|SN"": [0, 3000], ""BP|TH"": [0, 3000], ""BP|LTH"": [0, 3000], ""BKL|SN"": [0, 3000], ""BKL|TH"": [0, 3000], ""BKL|LTH"": [0, 3000]}, ""pvalues"": {""SQ|SN"": 1.0, ""SQ|TH"": 1.0, ""SQ|LTH"": 1.0, ""UKL|SN"": 1.0, ""UKL|TH"": 1.0, ""UKL|LTH"": 1.0, ""BP|SN"": 1.0, ""BP|TH"": 1.0, ""BP|LTH"": 1.0, ""BKL|SN"": 1.0, ""BKL|TH"": 1.0, ""BKL|LTH"": 1.0}, ""rejected"": [], ""verdict"": ""H14-health: no departure from the prediction was detected"", ""bkl_zero_offset"": {""verdict"": ""pass"", ""expected"": 3000, ""replications"": 3000, ""infeasible_start"": 3000, ""mismatches"": [], ""missing"": []}}",[]
44,BP,800,64000,LTH,200,200,0.0,0.014867039231272054,"{""ok"": 200}",0.99,1.0,1.0,0.99,0.0731831756901595,43.65609425670188,0.27372720294639635,0.2734099943781274,0.304408252143087,4.0,0.0,198,0,0.006485092930002512,0,"{""verdict"": ""no violation"", ""violations"": 0, ""checked"": 27448, ""violating_cells"": []}","{""slopes"": [{""generator"": ""SQ"", ""p_c"": 50, ""slope"": -0.37387744893943003, ""lo"": -0.38204560748021754, ""hi"": -0.3656656886490169, ""intersects"": true}, {""generator"": ""SQ"", ""p_c"": 200, ""slope"": -0.3630240734188334, ""lo"": -0.3700524449828918, ""hi"": -0.35598837640050307, ""intersects"": true}, {""generator"": ""SQ"", ""p_c"": 800, ""slope"": -0.3420416645418425, ""lo"": -0.3479978577657304, ""hi"": -0.3358800925209334, ""intersects"": false}, {""generator"": ""UKL"", ""p_c"": 50, ""slope"": -0.4568061703848367, ""lo"": -0.4652538888003753, ""hi"": -0.44842177415408196, ""intersects"": true}, {""generator"": ""UKL"", ""p_c"": 200, ""slope"": -0.4555670306078159, ""lo"": -0.46316886778399097, ""hi"": -0.447775703849196, ""intersects"": true}, {""generator"": ""UKL"", ""p_c"": 800, ""slope"": -0.46269340659628444, ""lo"": -0.46997582070031146, ""hi"": -0.4555881153024492, ""intersects"": true}, {""generator"": ""BP"", ""p_c"": 50, ""slope"": -0.39263053619822913, ""lo"": -0.40009686121742893, ""hi"": -0.3850923790781503, ""intersects"": true}, {""generator"": ""BP"", ""p_c"": 200, ""slope"": -0.3956786453174106, ""lo"": -0.40234794273824365, ""hi"": -0.3888287183068256, ""intersects"": true}, {""generator"": ""BP"", ""p_c"": 800, ""slope"": -0.3904151304230434, ""lo"": -0.3963248349564689, ""hi"": -0.3845194345684493, ""intersects"": true}, {""generator"": ""BKL"", ""p_c"": 50, ""slope"": -0.2716605165364226, ""lo"": -0.2782109477822056, ""hi"": -0.264790285226348, ""intersects"": false}, {""generator"": ""BKL"", ""p_c"": 200, ""slope"": -0.22858791151984645, ""lo"": -0.23406550695731218, ""hi"": -0.22319437726683475, ""intersects"": false}, {""generator"": ""BKL"", ""p_c"": 800, ""slope"": -0.18599097556953456, ""lo"": -0.19090654823264008, ""hi"": -0.1810761635318152, ""intersects"": false}], ""ratios"": [{""generator"": ""SQ"", ""ratio"": 1.1669286866466106, ""lo"": 1.1555528846250227, ""hi"": 1.1785271747931854, ""below_limit"": true}, {""generator"": ""UKL"", ""ratio"": 1.1783067953267283, ""lo"": 1.1647303012157761, ""hi"": 1.1924567982824075, ""below_limit"": true}, {""generator"": ""BP"", ""ratio"": 1.1621284425783103, ""lo"": 1.1513730346281459, ""hi"": 1.1731592855942279, ""below_limit"": true}, {""generator"": ""BKL"", ""ratio"": 1.1524930865497358, ""lo"": 1.1404872046601389, ""hi"": 1.1642952261699173, ""below_limit"": true}], ""verdict"": ""negative"", ""failed"": [""slope|SQ|p_c=800"", ""slope|BKL|p_c=50"", ""slope|BKL|p_c=200"", ""slope|BKL|p_c=800""], ""incomplete"": []}","{""failures"": {""SQ|SN"": [0, 3000], ""SQ|TH"": [0, 3000], ""SQ|LTH"": [0, 3000], ""UKL|SN"": [0, 3000], ""UKL|TH"": [0, 3000], ""UKL|LTH"": [0, 3000], ""BP|SN"": [0, 3000], ""BP|TH"": [0, 3000], ""BP|LTH"": [0, 3000], ""BKL|SN"": [0, 3000], ""BKL|TH"": [0, 3000], ""BKL|LTH"": [0, 3000]}, ""pvalues"": {""SQ|SN"": 1.0, ""SQ|TH"": 1.0, ""SQ|LTH"": 1.0, ""UKL|SN"": 1.0, ""UKL|TH"": 1.0, ""UKL|LTH"": 1.0, ""BP|SN"": 1.0, ""BP|TH"": 1.0, ""BP|LTH"": 1.0, ""BKL|SN"": 1.0, ""BKL|TH"": 1.0, ""BKL|LTH"": 1.0}, ""rejected"": [], ""verdict"": ""H14-health: no departure from the prediction was detected"", ""bkl_zero_offset"": {""verdict"": ""pass"", ""expected"": 3000, ""replications"": 3000, ""infeasible_start"": 3000, ""mismatches"": [], ""missing"": []}}",[]
45,BKL,50,4000,SN,200,200,0.0,0.014867039231272054,"{""ok"": 200}",0.97,1.0,1.0,0.97,0.23810596252558106,2487.8072974388615,0.2898181179648142,0.28983564303551734,0.29058740119787485,0.0,0.0,194,0,9.456256125235108e-05,0,"{""verdict"": ""no violation"", ""violations"": 0, ""checked"": 27448, ""violating_cells"": []}","{""slopes"": [{""generator"": ""SQ"", ""p_c"": 50, ""slope"": -0.37387744893943003, ""lo"": -0.38204560748021754, ""hi"": -0.3656656886490169, ""intersects"": true}, {""generator"": ""SQ"", ""p_c"": 200, ""slope"": -0.3630240734188334, ""lo"": -0.3700524449828918, ""hi"": -0.35598837640050307, ""intersects"": true}, {""generator"": ""SQ"", ""p_c"": 800, ""slope"": -0.3420416645418425, ""lo"": -0.3479978577657304, ""hi"": -0.3358800925209334, ""intersects"": false}, {""generator"": ""UKL"", ""p_c"": 50, ""slope"": -0.4568061703848367, ""lo"": -0.4652538888003753, ""hi"": -0.44842177415408196, ""intersects"": true}, {""generator"": ""UKL"", ""p_c"": 200, ""slope"": -0.4555670306078159, ""lo"": -0.46316886778399097, ""hi"": -0.447775703849196, ""intersects"": true}, {""generator"": ""UKL"", ""p_c"": 800, ""slope"": -0.46269340659628444, ""lo"": -0.46997582070031146, ""hi"": -0.4555881153024492, ""intersects"": true}, {""generator"": ""BP"", ""p_c"": 50, ""slope"": -0.39263053619822913, ""lo"": -0.40009686121742893, ""hi"": -0.3850923790781503, ""intersects"": true}, {""generator"": ""BP"", ""p_c"": 200, ""slope"": -0.3956786453174106, ""lo"": -0.40234794273824365, ""hi"": -0.3888287183068256, ""intersects"": true}, {""generator"": ""BP"", ""p_c"": 800, ""slope"": -0.3904151304230434, ""lo"": -0.3963248349564689, ""hi"": -0.3845194345684493, ""intersects"": true}, {""generator"": ""BKL"", ""p_c"": 50, ""slope"": -0.2716605165364226, ""lo"": -0.2782109477822056, ""hi"": -0.264790285226348, ""intersects"": false}, {""generator"": ""BKL"", ""p_c"": 200, ""slope"": -0.22858791151984645, ""lo"": -0.23406550695731218, ""hi"": -0.22319437726683475, ""intersects"": false}, {""generator"": ""BKL"", ""p_c"": 800, ""slope"": -0.18599097556953456, ""lo"": -0.19090654823264008, ""hi"": -0.1810761635318152, ""intersects"": false}], ""ratios"": [{""generator"": ""SQ"", ""ratio"": 1.1669286866466106, ""lo"": 1.1555528846250227, ""hi"": 1.1785271747931854, ""below_limit"": true}, {""generator"": ""UKL"", ""ratio"": 1.1783067953267283, ""lo"": 1.1647303012157761, ""hi"": 1.1924567982824075, ""below_limit"": true}, {""generator"": ""BP"", ""ratio"": 1.1621284425783103, ""lo"": 1.1513730346281459, ""hi"": 1.1731592855942279, ""below_limit"": true}, {""generator"": ""BKL"", ""ratio"": 1.1524930865497358, ""lo"": 1.1404872046601389, ""hi"": 1.1642952261699173, ""below_limit"": true}], ""verdict"": ""negative"", ""failed"": [""slope|SQ|p_c=800"", ""slope|BKL|p_c=50"", ""slope|BKL|p_c=200"", ""slope|BKL|p_c=800""], ""incomplete"": []}","{""failures"": {""SQ|SN"": [0, 3000], ""SQ|TH"": [0, 3000], ""SQ|LTH"": [0, 3000], ""UKL|SN"": [0, 3000], ""UKL|TH"": [0, 3000], ""UKL|LTH"": [0, 3000], ""BP|SN"": [0, 3000], ""BP|TH"": [0, 3000], ""BP|LTH"": [0, 3000], ""BKL|SN"": [0, 3000], ""BKL|TH"": [0, 3000], ""BKL|LTH"": [0, 3000]}, ""pvalues"": {""SQ|SN"": 1.0, ""SQ|TH"": 1.0, ""SQ|LTH"": 1.0, ""UKL|SN"": 1.0, ""UKL|TH"": 1.0, ""UKL|LTH"": 1.0, ""BP|SN"": 1.0, ""BP|TH"": 1.0, ""BP|LTH"": 1.0, ""BKL|SN"": 1.0, ""BKL|TH"": 1.0, ""BKL|LTH"": 1.0}, ""rejected"": [], ""verdict"": ""H14-health: no departure from the prediction was detected"", ""bkl_zero_offset"": {""verdict"": ""pass"", ""expected"": 3000, ""replications"": 3000, ""infeasible_start"": 3000, ""mismatches"": [], ""missing"": []}}",[]
45,BKL,50,4000,TH,200,200,0.0,0.014867039231272054,"{""ok"": 200}",1.0,1.0,1.0,1.0,4.887796519977137,51069.26228060748,0.2898181179648142,0.28983564303551734,0.29058740119787485,0.0,0.0,200,0,4.572242555928317e-06,0,"{""verdict"": ""no violation"", ""violations"": 0, ""checked"": 27448, ""violating_cells"": []}","{""slopes"": [{""generator"": ""SQ"", ""p_c"": 50, ""slope"": -0.37387744893943003, ""lo"": -0.38204560748021754, ""hi"": -0.3656656886490169, ""intersects"": true}, {""generator"": ""SQ"", ""p_c"": 200, ""slope"": -0.3630240734188334, ""lo"": -0.3700524449828918, ""hi"": -0.35598837640050307, ""intersects"": true}, {""generator"": ""SQ"", ""p_c"": 800, ""slope"": -0.3420416645418425, ""lo"": -0.3479978577657304, ""hi"": -0.3358800925209334, ""intersects"": false}, {""generator"": ""UKL"", ""p_c"": 50, ""slope"": -0.4568061703848367, ""lo"": -0.4652538888003753, ""hi"": -0.44842177415408196, ""intersects"": true}, {""generator"": ""UKL"", ""p_c"": 200, ""slope"": -0.4555670306078159, ""lo"": -0.46316886778399097, ""hi"": -0.447775703849196, ""intersects"": true}, {""generator"": ""UKL"", ""p_c"": 800, ""slope"": -0.46269340659628444, ""lo"": -0.46997582070031146, ""hi"": -0.4555881153024492, ""intersects"": true}, {""generator"": ""BP"", ""p_c"": 50, ""slope"": -0.39263053619822913, ""lo"": -0.40009686121742893, ""hi"": -0.3850923790781503, ""intersects"": true}, {""generator"": ""BP"", ""p_c"": 200, ""slope"": -0.3956786453174106, ""lo"": -0.40234794273824365, ""hi"": -0.3888287183068256, ""intersects"": true}, {""generator"": ""BP"", ""p_c"": 800, ""slope"": -0.3904151304230434, ""lo"": -0.3963248349564689, ""hi"": -0.3845194345684493, ""intersects"": true}, {""generator"": ""BKL"", ""p_c"": 50, ""slope"": -0.2716605165364226, ""lo"": -0.2782109477822056, ""hi"": -0.264790285226348, ""intersects"": false}, {""generator"": ""BKL"", ""p_c"": 200, ""slope"": -0.22858791151984645, ""lo"": -0.23406550695731218, ""hi"": -0.22319437726683475, ""intersects"": false}, {""generator"": ""BKL"", ""p_c"": 800, ""slope"": -0.18599097556953456, ""lo"": -0.19090654823264008, ""hi"": -0.1810761635318152, ""intersects"": false}], ""ratios"": [{""generator"": ""SQ"", ""ratio"": 1.1669286866466106, ""lo"": 1.1555528846250227, ""hi"": 1.1785271747931854, ""below_limit"": true}, {""generator"": ""UKL"", ""ratio"": 1.1783067953267283, ""lo"": 1.1647303012157761, ""hi"": 1.1924567982824075, ""below_limit"": true}, {""generator"": ""BP"", ""ratio"": 1.1621284425783103, ""lo"": 1.1513730346281459, ""hi"": 1.1731592855942279, ""below_limit"": true}, {""generator"": ""BKL"", ""ratio"": 1.1524930865497358, ""lo"": 1.1404872046601389, ""hi"": 1.1642952261699173, ""below_limit"": true}], ""verdict"": ""negative"", ""failed"": [""slope|SQ|p_c=800"", ""slope|BKL|p_c=50"", ""slope|BKL|p_c=200"", ""slope|BKL|p_c=800""], ""incomplete"": []}","{""failures"": {""SQ|SN"": [0, 3000], ""SQ|TH"": [0, 3000], ""SQ|LTH"": [0, 3000], ""UKL|SN"": [0, 3000], ""UKL|TH"": [0, 3000], ""UKL|LTH"": [0, 3000], ""BP|SN"": [0, 3000], ""BP|TH"": [0, 3000], ""BP|LTH"": [0, 3000], ""BKL|SN"": [0, 3000], ""BKL|TH"": [0, 3000], ""BKL|LTH"": [0, 3000]}, ""pvalues"": {""SQ|SN"": 1.0, ""SQ|TH"": 1.0, ""SQ|LTH"": 1.0, ""UKL|SN"": 1.0, ""UKL|TH"": 1.0, ""UKL|LTH"": 1.0, ""BP|SN"": 1.0, ""BP|TH"": 1.0, ""BP|LTH"": 1.0, ""BKL|SN"": 1.0, ""BKL|TH"": 1.0, ""BKL|LTH"": 1.0}, ""rejected"": [], ""verdict"": ""H14-health: no departure from the prediction was detected"", ""bkl_zero_offset"": {""verdict"": ""pass"", ""expected"": 3000, ""replications"": 3000, ""infeasible_start"": 3000, ""mismatches"": [], ""missing"": []}}",[]
45,BKL,50,4000,LTH,200,200,0.0,0.014867039231272054,"{""ok"": 200}",0.99,1.0,1.0,0.99,0.25324365452435865,2645.9707479526005,0.2898181179648142,0.28983564303551734,0.29058740119787485,0.0,0.0,198,0,8.8601358833956e-05,0,"{""verdict"": ""no violation"", ""violations"": 0, ""checked"": 27448, ""violating_cells"": []}","{""slopes"": [{""generator"": ""SQ"", ""p_c"": 50, ""slope"": -0.37387744893943003, ""lo"": -0.38204560748021754, ""hi"": -0.3656656886490169, ""intersects"": true}, {""generator"": ""SQ"", ""p_c"": 200, ""slope"": -0.3630240734188334, ""lo"": -0.3700524449828918, ""hi"": -0.35598837640050307, ""intersects"": true}, {""generator"": ""SQ"", ""p_c"": 800, ""slope"": -0.3420416645418425, ""lo"": -0.3479978577657304, ""hi"": -0.3358800925209334, ""intersects"": false}, {""generator"": ""UKL"", ""p_c"": 50, ""slope"": -0.4568061703848367, ""lo"": -0.4652538888003753, ""hi"": -0.44842177415408196, ""intersects"": true}, {""generator"": ""UKL"", ""p_c"": 200, ""slope"": -0.4555670306078159, ""lo"": -0.46316886778399097, ""hi"": -0.447775703849196, ""intersects"": true}, {""generator"": ""UKL"", ""p_c"": 800, ""slope"": -0.46269340659628444, ""lo"": -0.46997582070031146, ""hi"": -0.4555881153024492, ""intersects"": true}, {""generator"": ""BP"", ""p_c"": 50, ""slope"": -0.39263053619822913, ""lo"": -0.40009686121742893, ""hi"": -0.3850923790781503, ""intersects"": true}, {""generator"": ""BP"", ""p_c"": 200, ""slope"": -0.3956786453174106, ""lo"": -0.40234794273824365, ""hi"": -0.3888287183068256, ""intersects"": true}, {""generator"": ""BP"", ""p_c"": 800, ""slope"": -0.3904151304230434, ""lo"": -0.3963248349564689, ""hi"": -0.3845194345684493, ""intersects"": true}, {""generator"": ""BKL"", ""p_c"": 50, ""slope"": -0.2716605165364226, ""lo"": -0.2782109477822056, ""hi"": -0.264790285226348, ""intersects"": false}, {""generator"": ""BKL"", ""p_c"": 200, ""slope"": -0.22858791151984645, ""lo"": -0.23406550695731218, ""hi"": -0.22319437726683475, ""intersects"": false}, {""generator"": ""BKL"", ""p_c"": 800, ""slope"": -0.18599097556953456, ""lo"": -0.19090654823264008, ""hi"": -0.1810761635318152, ""intersects"": false}], ""ratios"": [{""generator"": ""SQ"", ""ratio"": 1.1669286866466106, ""lo"": 1.1555528846250227, ""hi"": 1.1785271747931854, ""below_limit"": true}, {""generator"": ""UKL"", ""ratio"": 1.1783067953267283, ""lo"": 1.1647303012157761, ""hi"": 1.1924567982824075, ""below_limit"": true}, {""generator"": ""BP"", ""ratio"": 1.1621284425783103, ""lo"": 1.1513730346281459, ""hi"": 1.1731592855942279, ""below_limit"": true}, {""generator"": ""BKL"", ""ratio"": 1.1524930865497358, ""lo"": 1.1404872046601389, ""hi"": 1.1642952261699173, ""below_limit"": true}], ""verdict"": ""negative"", ""failed"": [""slope|SQ|p_c=800"", ""slope|BKL|p_c=50"", ""slope|BKL|p_c=200"", ""slope|BKL|p_c=800""], ""incomplete"": []}","{""failures"": {""SQ|SN"": [0, 3000], ""SQ|TH"": [0, 3000], ""SQ|LTH"": [0, 3000], ""UKL|SN"": [0, 3000], ""UKL|TH"": [0, 3000], ""UKL|LTH"": [0, 3000], ""BP|SN"": [0, 3000], ""BP|TH"": [0, 3000], ""BP|LTH"": [0, 3000], ""BKL|SN"": [0, 3000], ""BKL|TH"": [0, 3000], ""BKL|LTH"": [0, 3000]}, ""pvalues"": {""SQ|SN"": 1.0, ""SQ|TH"": 1.0, ""SQ|LTH"": 1.0, ""UKL|SN"": 1.0, ""UKL|TH"": 1.0, ""UKL|LTH"": 1.0, ""BP|SN"": 1.0, ""BP|TH"": 1.0, ""BP|LTH"": 1.0, ""BKL|SN"": 1.0, ""BKL|TH"": 1.0, ""BKL|LTH"": 1.0}, ""rejected"": [], ""verdict"": ""H14-health: no departure from the prediction was detected"", ""bkl_zero_offset"": {""verdict"": ""pass"", ""expected"": 3000, ""replications"": 3000, ""infeasible_start"": 3000, ""mismatches"": [], ""missing"": []}}",[]
46,BKL,50,8000,SN,200,200,0.0,0.014867039231272054,"{""ok"": 200}",0.965,1.0,1.0,0.965,0.1676710127126142,1751.8804005195411,0.28980764634377587,0.28983534205853095,0.29058740119787485,0.0,0.0,193,0,0.0001340026577098189,0,"{""verdict"": ""no violation"", ""violations"": 0, ""checked"": 27448, ""violating_cells"": []}","{""slopes"": [{""generator"": ""SQ"", ""p_c"": 50, ""slope"": -0.37387744893943003, ""lo"": -0.38204560748021754, ""hi"": -0.3656656886490169, ""intersects"": true}, {""generator"": ""SQ"", ""p_c"": 200, ""slope"": -0.3630240734188334, ""lo"": -0.3700524449828918, ""hi"": -0.35598837640050307, ""intersects"": true}, {""generator"": ""SQ"", ""p_c"": 800, ""slope"": -0.3420416645418425, ""lo"": -0.3479978577657304, ""hi"": -0.3358800925209334, ""intersects"": false}, {""generator"": ""UKL"", ""p_c"": 50, ""slope"": -0.4568061703848367, ""lo"": -0.4652538888003753, ""hi"": -0.44842177415408196, ""intersects"": true}, {""generator"": ""UKL"", ""p_c"": 200, ""slope"": -0.4555670306078159, ""lo"": -0.46316886778399097, ""hi"": -0.447775703849196, ""intersects"": true}, {""generator"": ""UKL"", ""p_c"": 800, ""slope"": -0.46269340659628444, ""lo"": -0.46997582070031146, ""hi"": -0.4555881153024492, ""intersects"": true}, {""generator"": ""BP"", ""p_c"": 50, ""slope"": -0.39263053619822913, ""lo"": -0.40009686121742893, ""hi"": -0.3850923790781503, ""intersects"": true}, {""generator"": ""BP"", ""p_c"": 200, ""slope"": -0.3956786453174106, ""lo"": -0.40234794273824365, ""hi"": -0.3888287183068256, ""intersects"": true}, {""generator"": ""BP"", ""p_c"": 800, ""slope"": -0.3904151304230434, ""lo"": -0.3963248349564689, ""hi"": -0.3845194345684493, ""intersects"": true}, {""generator"": ""BKL"", ""p_c"": 50, ""slope"": -0.2716605165364226, ""lo"": -0.2782109477822056, ""hi"": -0.264790285226348, ""intersects"": false}, {""generator"": ""BKL"", ""p_c"": 200, ""slope"": -0.22858791151984645, ""lo"": -0.23406550695731218, ""hi"": -0.22319437726683475, ""intersects"": false}, {""generator"": ""BKL"", ""p_c"": 800, ""slope"": -0.18599097556953456, ""lo"": -0.19090654823264008, ""hi"": -0.1810761635318152, ""intersects"": false}], ""ratios"": [{""generator"": ""SQ"", ""ratio"": 1.1669286866466106, ""lo"": 1.1555528846250227, ""hi"": 1.1785271747931854, ""below_limit"": true}, {""generator"": ""UKL"", ""ratio"": 1.1783067953267283, ""lo"": 1.1647303012157761, ""hi"": 1.1924567982824075, ""below_limit"": true}, {""generator"": ""BP"", ""ratio"": 1.1621284425783103, ""lo"": 1.1513730346281459, ""hi"": 1.1731592855942279, ""below_limit"": true}, {""generator"": ""BKL"", ""ratio"": 1.1524930865497358, ""lo"": 1.1404872046601389, ""hi"": 1.1642952261699173, ""below_limit"": true}], ""verdict"": ""negative"", ""failed"": [""slope|SQ|p_c=800"", ""slope|BKL|p_c=50"", ""slope|BKL|p_c=200"", ""slope|BKL|p_c=800""], ""incomplete"": []}","{""failures"": {""SQ|SN"": [0, 3000], ""SQ|TH"": [0, 3000], ""SQ|LTH"": [0, 3000], ""UKL|SN"": [0, 3000], ""UKL|TH"": [0, 3000], ""UKL|LTH"": [0, 3000], ""BP|SN"": [0, 3000], ""BP|TH"": [0, 3000], ""BP|LTH"": [0, 3000], ""BKL|SN"": [0, 3000], ""BKL|TH"": [0, 3000], ""BKL|LTH"": [0, 3000]}, ""pvalues"": {""SQ|SN"": 1.0, ""SQ|TH"": 1.0, ""SQ|LTH"": 1.0, ""UKL|SN"": 1.0, ""UKL|TH"": 1.0, ""UKL|LTH"": 1.0, ""BP|SN"": 1.0, ""BP|TH"": 1.0, ""BP|LTH"": 1.0, ""BKL|SN"": 1.0, ""BKL|TH"": 1.0, ""BKL|LTH"": 1.0}, ""rejected"": [], ""verdict"": ""H14-health: no departure from the prediction was detected"", ""bkl_zero_offset"": {""verdict"": ""pass"", ""expected"": 3000, ""replications"": 3000, ""infeasible_start"": 3000, ""mismatches"": [], ""missing"": []}}",[]
46,BKL,50,8000,TH,200,200,0.0,0.014867039231272054,"{""ok"": 200}",1.0,1.0,1.0,1.0,3.4561940643358415,36111.42166881191,0.2898181179648142,0.28983564303551734,0.29058740119787485,0.0,0.0,200,0,6.466127433053251e-06,0,"{""verdict"": ""no violation"", ""violations"": 0, ""checked"": 27448, ""violating_cells"": []}","{""slopes"": [{""generator"": ""SQ"", ""p_c"": 50, ""slope"": -0.37387744893943003, ""lo"": -0.38204560748021754, ""hi"": -0.3656656886490169, ""intersects"": true}, {""generator"": ""SQ"", ""p_c"": 200, ""slope"": -0.3630240734188334, ""lo"": -0.3700524449828918, ""hi"": -0.35598837640050307, ""intersects"": true}, {""generator"": ""SQ"", ""p_c"": 800, ""slope"": -0.3420416645418425, ""lo"": -0.3479978577657304, ""hi"": -0.3358800925209334, ""intersects"": false}, {""generator"": ""UKL"", ""p_c"": 50, ""slope"": -0.4568061703848367, ""lo"": -0.4652538888003753, ""hi"": -0.44842177415408196, ""intersects"": true}, {""generator"": ""UKL"", ""p_c"": 200, ""slope"": -0.4555670306078159, ""lo"": -0.46316886778399097, ""hi"": -0.447775703849196, ""intersects"": true}, {""generator"": ""UKL"", ""p_c"": 800, ""slope"": -0.46269340659628444, ""lo"": -0.46997582070031146, ""hi"": -0.4555881153024492, ""intersects"": true}, {""generator"": ""BP"", ""p_c"": 50, ""slope"": -0.39263053619822913, ""lo"": -0.40009686121742893, ""hi"": -0.3850923790781503, ""intersects"": true}, {""generator"": ""BP"", ""p_c"": 200, ""slope"": -0.3956786453174106, ""lo"": -0.40234794273824365, ""hi"": -0.3888287183068256, ""intersects"": true}, {""generator"": ""BP"", ""p_c"": 800, ""slope"": -0.3904151304230434, ""lo"": -0.3963248349564689, ""hi"": -0.3845194345684493, ""intersects"": true}, {""generator"": ""BKL"", ""p_c"": 50, ""slope"": -0.2716605165364226, ""lo"": -0.2782109477822056, ""hi"": -0.264790285226348, ""intersects"": false}, {""generator"": ""BKL"", ""p_c"": 200, ""slope"": -0.22858791151984645, ""lo"": -0.23406550695731218, ""hi"": -0.22319437726683475, ""intersects"": false}, {""generator"": ""BKL"", ""p_c"": 800, ""slope"": -0.18599097556953456, ""lo"": -0.19090654823264008, ""hi"": -0.1810761635318152, ""intersects"": false}], ""ratios"": [{""generator"": ""SQ"", ""ratio"": 1.1669286866466106, ""lo"": 1.1555528846250227, ""hi"": 1.1785271747931854, ""below_limit"": true}, {""generator"": ""UKL"", ""ratio"": 1.1783067953267283, ""lo"": 1.1647303012157761, ""hi"": 1.1924567982824075, ""below_limit"": true}, {""generator"": ""BP"", ""ratio"": 1.1621284425783103, ""lo"": 1.1513730346281459, ""hi"": 1.1731592855942279, ""below_limit"": true}, {""generator"": ""BKL"", ""ratio"": 1.1524930865497358, ""lo"": 1.1404872046601389, ""hi"": 1.1642952261699173, ""below_limit"": true}], ""verdict"": ""negative"", ""failed"": [""slope|SQ|p_c=800"", ""slope|BKL|p_c=50"", ""slope|BKL|p_c=200"", ""slope|BKL|p_c=800""], ""incomplete"": []}","{""failures"": {""SQ|SN"": [0, 3000], ""SQ|TH"": [0, 3000], ""SQ|LTH"": [0, 3000], ""UKL|SN"": [0, 3000], ""UKL|TH"": [0, 3000], ""UKL|LTH"": [0, 3000], ""BP|SN"": [0, 3000], ""BP|TH"": [0, 3000], ""BP|LTH"": [0, 3000], ""BKL|SN"": [0, 3000], ""BKL|TH"": [0, 3000], ""BKL|LTH"": [0, 3000]}, ""pvalues"": {""SQ|SN"": 1.0, ""SQ|TH"": 1.0, ""SQ|LTH"": 1.0, ""UKL|SN"": 1.0, ""UKL|TH"": 1.0, ""UKL|LTH"": 1.0, ""BP|SN"": 1.0, ""BP|TH"": 1.0, ""BP|LTH"": 1.0, ""BKL|SN"": 1.0, ""BKL|TH"": 1.0, ""BKL|LTH"": 1.0}, ""rejected"": [], ""verdict"": ""H14-health: no departure from the prediction was detected"", ""bkl_zero_offset"": {""verdict"": ""pass"", ""expected"": 3000, ""replications"": 3000, ""infeasible_start"": 3000, ""mismatches"": [], ""missing"": []}}",[]
46,BKL,50,8000,LTH,200,200,0.0,0.014867039231272054,"{""ok"": 200}",0.99,1.0,1.0,0.99,0.17815241269486964,1861.3934218930785,0.2898181179648142,0.28983564303551734,0.29058740119787485,0.0,0.0,198,0,0.0001258079403865896,0,"{""verdict"": ""no violation"", ""violations"": 0, ""checked"": 27448, ""violating_cells"": []}","{""slopes"": [{""generator"": ""SQ"", ""p_c"": 50, ""slope"": -0.37387744893943003, ""lo"": -0.38204560748021754, ""hi"": -0.3656656886490169, ""intersects"": true}, {""generator"": ""SQ"", ""p_c"": 200, ""slope"": -0.3630240734188334, ""lo"": -0.3700524449828918, ""hi"": -0.35598837640050307, ""intersects"": true}, {""generator"": ""SQ"", ""p_c"": 800, ""slope"": -0.3420416645418425, ""lo"": -0.3479978577657304, ""hi"": -0.3358800925209334, ""intersects"": false}, {""generator"": ""UKL"", ""p_c"": 50, ""slope"": -0.4568061703848367, ""lo"": -0.4652538888003753, ""hi"": -0.44842177415408196, ""intersects"": true}, {""generator"": ""UKL"", ""p_c"": 200, ""slope"": -0.4555670306078159, ""lo"": -0.46316886778399097, ""hi"": -0.447775703849196, ""intersects"": true}, {""generator"": ""UKL"", ""p_c"": 800, ""slope"": -0.46269340659628444, ""lo"": -0.46997582070031146, ""hi"": -0.4555881153024492, ""intersects"": true}, {""generator"": ""BP"", ""p_c"": 50, ""slope"": -0.39263053619822913, ""lo"": -0.40009686121742893, ""hi"": -0.3850923790781503, ""intersects"": true}, {""generator"": ""BP"", ""p_c"": 200, ""slope"": -0.3956786453174106, ""lo"": -0.40234794273824365, ""hi"": -0.3888287183068256, ""intersects"": true}, {""generator"": ""BP"", ""p_c"": 800, ""slope"": -0.3904151304230434, ""lo"": -0.3963248349564689, ""hi"": -0.3845194345684493, ""intersects"": true}, {""generator"": ""BKL"", ""p_c"": 50, ""slope"": -0.2716605165364226, ""lo"": -0.2782109477822056, ""hi"": -0.264790285226348, ""intersects"": false}, {""generator"": ""BKL"", ""p_c"": 200, ""slope"": -0.22858791151984645, ""lo"": -0.23406550695731218, ""hi"": -0.22319437726683475, ""intersects"": false}, {""generator"": ""BKL"", ""p_c"": 800, ""slope"": -0.18599097556953456, ""lo"": -0.19090654823264008, ""hi"": -0.1810761635318152, ""intersects"": false}], ""ratios"": [{""generator"": ""SQ"", ""ratio"": 1.1669286866466106, ""lo"": 1.1555528846250227, ""hi"": 1.1785271747931854, ""below_limit"": true}, {""generator"": ""UKL"", ""ratio"": 1.1783067953267283, ""lo"": 1.1647303012157761, ""hi"": 1.1924567982824075, ""below_limit"": true}, {""generator"": ""BP"", ""ratio"": 1.1621284425783103, ""lo"": 1.1513730346281459, ""hi"": 1.1731592855942279, ""below_limit"": true}, {""generator"": ""BKL"", ""ratio"": 1.1524930865497358, ""lo"": 1.1404872046601389, ""hi"": 1.1642952261699173, ""below_limit"": true}], ""verdict"": ""negative"", ""failed"": [""slope|SQ|p_c=800"", ""slope|BKL|p_c=50"", ""slope|BKL|p_c=200"", ""slope|BKL|p_c=800""], ""incomplete"": []}","{""failures"": {""SQ|SN"": [0, 3000], ""SQ|TH"": [0, 3000], ""SQ|LTH"": [0, 3000], ""UKL|SN"": [0, 3000], ""UKL|TH"": [0, 3000], ""UKL|LTH"": [0, 3000], ""BP|SN"": [0, 3000], ""BP|TH"": [0, 3000], ""BP|LTH"": [0, 3000], ""BKL|SN"": [0, 3000], ""BKL|TH"": [0, 3000], ""BKL|LTH"": [0, 3000]}, ""pvalues"": {""SQ|SN"": 1.0, ""SQ|TH"": 1.0, ""SQ|LTH"": 1.0, ""UKL|SN"": 1.0, ""UKL|TH"": 1.0, ""UKL|LTH"": 1.0, ""BP|SN"": 1.0, ""BP|TH"": 1.0, ""BP|LTH"": 1.0, ""BKL|SN"": 1.0, ""BKL|TH"": 1.0, ""BKL|LTH"": 1.0}, ""rejected"": [], ""verdict"": ""H14-health: no departure from the prediction was detected"", ""bkl_zero_offset"": {""verdict"": ""pass"", ""expected"": 3000, ""replications"": 3000, ""infeasible_start"": 3000, ""mismatches"": [], ""missing"": []}}",[]
47,BKL,50,16000,SN,200,200,0.0,0.014867039231272054,"{""ok"": 200}",0.975,1.0,1.0,0.975,0.1182397747216353,1235.4070065272235,0.28239198715958247,0.28721498822156866,0.29058740119787485,1.0,0.0,195,0,0.00018994513891507273,0,"{""verdict"": ""no violation"", ""violations"": 0, ""checked"": 27448, ""violating_cells"": []}","{""slopes"": [{""generator"": ""SQ"", ""p_c"": 50, ""slope"": -0.37387744893943003, ""lo"": -0.38204560748021754, ""hi"": -0.3656656886490169, ""intersects"": true}, {""generator"": ""SQ"", ""p_c"": 200, ""slope"": -0.3630240734188334, ""lo"": -0.3700524449828918, ""hi"": -0.35598837640050307, ""intersects"": true}, {""generator"": ""SQ"", ""p_c"": 800, ""slope"": -0.3420416645418425, ""lo"": -0.3479978577657304, ""hi"": -0.3358800925209334, ""intersects"": false}, {""generator"": ""UKL"", ""p_c"": 50, ""slope"": -0.4568061703848367, ""lo"": -0.4652538888003753, ""hi"": -0.44842177415408196, ""intersects"": true}, {""generator"": ""UKL"", ""p_c"": 200, ""slope"": -0.4555670306078159, ""lo"": -0.46316886778399097, ""hi"": -0.447775703849196, ""intersects"": true}, {""generator"": ""UKL"", ""p_c"": 800, ""slope"": -0.46269340659628444, ""lo"": -0.46997582070031146, ""hi"": -0.4555881153024492, ""intersects"": true}, {""generator"": ""BP"", ""p_c"": 50, ""slope"": -0.39263053619822913, ""lo"": -0.40009686121742893, ""hi"": -0.3850923790781503, ""intersects"": true}, {""generator"": ""BP"", ""p_c"": 200, ""slope"": -0.3956786453174106, ""lo"": -0.40234794273824365, ""hi"": -0.3888287183068256, ""intersects"": true}, {""generator"": ""BP"", ""p_c"": 800, ""slope"": -0.3904151304230434, ""lo"": -0.3963248349564689, ""hi"": -0.3845194345684493, ""intersects"": true}, {""generator"": ""BKL"", ""p_c"": 50, ""slope"": -0.2716605165364226, ""lo"": -0.2782109477822056, ""hi"": -0.264790285226348, ""intersects"": false}, {""generator"": ""BKL"", ""p_c"": 200, ""slope"": -0.22858791151984645, ""lo"": -0.23406550695731218, ""hi"": -0.22319437726683475, ""intersects"": false}, {""generator"": ""BKL"", ""p_c"": 800, ""slope"": -0.18599097556953456, ""lo"": -0.19090654823264008, ""hi"": -0.1810761635318152, ""intersects"": false}], ""ratios"": [{""generator"": ""SQ"", ""ratio"": 1.1669286866466106, ""lo"": 1.1555528846250227, ""hi"": 1.1785271747931854, ""below_limit"": true}, {""generator"": ""UKL"", ""ratio"": 1.1783067953267283, ""lo"": 1.1647303012157761, ""hi"": 1.1924567982824075, ""below_limit"": true}, {""generator"": ""BP"", ""ratio"": 1.1621284425783103, ""lo"": 1.1513730346281459, ""hi"": 1.1731592855942279, ""below_limit"": true}, {""generator"": ""BKL"", ""ratio"": 1.1524930865497358, ""lo"": 1.1404872046601389, ""hi"": 1.1642952261699173, ""below_limit"": true}], ""verdict"": ""negative"", ""failed"": [""slope|SQ|p_c=800"", ""slope|BKL|p_c=50"", ""slope|BKL|p_c=200"", ""slope|BKL|p_c=800""], ""incomplete"": []}","{""failures"": {""SQ|SN"": [0, 3000], ""SQ|TH"": [0, 3000], ""SQ|LTH"": [0, 3000], ""UKL|SN"": [0, 3000], ""UKL|TH"": [0, 3000], ""UKL|LTH"": [0, 3000], ""BP|SN"": [0, 3000], ""BP|TH"": [0, 3000], ""BP|LTH"": [0, 3000], ""BKL|SN"": [0, 3000], ""BKL|TH"": [0, 3000], ""BKL|LTH"": [0, 3000]}, ""pvalues"": {""SQ|SN"": 1.0, ""SQ|TH"": 1.0, ""SQ|LTH"": 1.0, ""UKL|SN"": 1.0, ""UKL|TH"": 1.0, ""UKL|LTH"": 1.0, ""BP|SN"": 1.0, ""BP|TH"": 1.0, ""BP|LTH"": 1.0, ""BKL|SN"": 1.0, ""BKL|TH"": 1.0, ""BKL|LTH"": 1.0}, ""rejected"": [], ""verdict"": ""H14-health: no departure from the prediction was detected"", ""bkl_zero_offset"": {""verdict"": ""pass"", ""expected"": 3000, ""replications"": 3000, ""infeasible_start"": 3000, ""mismatches"": [], ""missing"": []}}",[]
47,BKL,50,16000,TH,200,200,0.0,0.014867039231272054,"{""ok"": 200}",1.0,1.0,1.0,1.0,2.4438982599885684,25534.63114030374,0.2898181179648142,0.28983564303551734,0.29058740119787485,0.0,0.0,200,0,9.144485111856634e-06,0,"{""verdict"": ""no violation"", ""violations"": 0, ""checked"": 27448, ""violating_cells"": []}","{""slopes"": [{""generator"": ""SQ"", ""p_c"": 50, ""slope"": -0.37387744893943003, ""lo"": -0.38204560748021754, ""hi"": -0.3656656886490169, ""intersects"": true}, {""generator"": ""SQ"", ""p_c"": 200, ""slope"": -0.3630240734188334, ""lo"": -0.3700524449828918, ""hi"": -0.35598837640050307, ""intersects"": true}, {""generator"": ""SQ"", ""p_c"": 800, ""slope"": -0.3420416645418425, ""lo"": -0.3479978577657304, ""hi"": -0.3358800925209334, ""intersects"": false}, {""generator"": ""UKL"", ""p_c"": 50, ""slope"": -0.4568061703848367, ""lo"": -0.4652538888003753, ""hi"": -0.44842177415408196, ""intersects"": true}, {""generator"": ""UKL"", ""p_c"": 200, ""slope"": -0.4555670306078159, ""lo"": -0.46316886778399097, ""hi"": -0.447775703849196, ""intersects"": true}, {""generator"": ""UKL"", ""p_c"": 800, ""slope"": -0.46269340659628444, ""lo"": -0.46997582070031146, ""hi"": -0.4555881153024492, ""intersects"": true}, {""generator"": ""BP"", ""p_c"": 50, ""slope"": -0.39263053619822913, ""lo"": -0.40009686121742893, ""hi"": -0.3850923790781503, ""intersects"": true}, {""generator"": ""BP"", ""p_c"": 200, ""slope"": -0.3956786453174106, ""lo"": -0.40234794273824365, ""hi"": -0.3888287183068256, ""intersects"": true}, {""generator"": ""BP"", ""p_c"": 800, ""slope"": -0.3904151304230434, ""lo"": -0.3963248349564689, ""hi"": -0.3845194345684493, ""intersects"": true}, {""generator"": ""BKL"", ""p_c"": 50, ""slope"": -0.2716605165364226, ""lo"": -0.2782109477822056, ""hi"": -0.264790285226348, ""intersects"": false}, {""generator"": ""BKL"", ""p_c"": 200, ""slope"": -0.22858791151984645, ""lo"": -0.23406550695731218, ""hi"": -0.22319437726683475, ""intersects"": false}, {""generator"": ""BKL"", ""p_c"": 800, ""slope"": -0.18599097556953456, ""lo"": -0.19090654823264008, ""hi"": -0.1810761635318152, ""intersects"": false}], ""ratios"": [{""generator"": ""SQ"", ""ratio"": 1.1669286866466106, ""lo"": 1.1555528846250227, ""hi"": 1.1785271747931854, ""below_limit"": true}, {""generator"": ""UKL"", ""ratio"": 1.1783067953267283, ""lo"": 1.1647303012157761, ""hi"": 1.1924567982824075, ""below_limit"": true}, {""generator"": ""BP"", ""ratio"": 1.1621284425783103, ""lo"": 1.1513730346281459, ""hi"": 1.1731592855942279, ""below_limit"": true}, {""generator"": ""BKL"", ""ratio"": 1.1524930865497358, ""lo"": 1.1404872046601389, ""hi"": 1.1642952261699173, ""below_limit"": true}], ""verdict"": ""negative"", ""failed"": [""slope|SQ|p_c=800"", ""slope|BKL|p_c=50"", ""slope|BKL|p_c=200"", ""slope|BKL|p_c=800""], ""incomplete"": []}","{""failures"": {""SQ|SN"": [0, 3000], ""SQ|TH"": [0, 3000], ""SQ|LTH"": [0, 3000], ""UKL|SN"": [0, 3000], ""UKL|TH"": [0, 3000], ""UKL|LTH"": [0, 3000], ""BP|SN"": [0, 3000], ""BP|TH"": [0, 3000], ""BP|LTH"": [0, 3000], ""BKL|SN"": [0, 3000], ""BKL|TH"": [0, 3000], ""BKL|LTH"": [0, 3000]}, ""pvalues"": {""SQ|SN"": 1.0, ""SQ|TH"": 1.0, ""SQ|LTH"": 1.0, ""UKL|SN"": 1.0, ""UKL|TH"": 1.0, ""UKL|LTH"": 1.0, ""BP|SN"": 1.0, ""BP|TH"": 1.0, ""BP|LTH"": 1.0, ""BKL|SN"": 1.0, ""BKL|TH"": 1.0, ""BKL|LTH"": 1.0}, ""rejected"": [], ""verdict"": ""H14-health: no departure from the prediction was detected"", ""bkl_zero_offset"": {""verdict"": ""pass"", ""expected"": 3000, ""replications"": 3000, ""infeasible_start"": 3000, ""mismatches"": [], ""missing"": []}}",[]
47,BKL,50,16000,LTH,200,200,0.0,0.014867039231272054,"{""ok"": 200}",0.995,1.0,1.0,0.995,0.12560347831320934,1312.345338255588,0.28583014857212163,0.28951041904192193,0.29058740119787485,0.0,0.0,199,0,0.00017847788643233773,0,"{""verdict"": ""no violation"", ""violations"": 0, ""checked"": 27448, ""violating_cells"": []}","{""slopes"": [{""generator"": ""SQ"", ""p_c"": 50, ""slope"": -0.37387744893943003, ""lo"": -0.38204560748021754, ""hi"": -0.3656656886490169, ""intersects"": true}, {""generator"": ""SQ"", ""p_c"": 200, ""slope"": -0.3630240734188334, ""lo"": -0.3700524449828918, ""hi"": -0.35598837640050307, ""intersects"": true}, {""generator"": ""SQ"", ""p_c"": 800, ""slope"": -0.3420416645418425, ""lo"": -0.3479978577657304, ""hi"": -0.3358800925209334, ""intersects"": false}, {""generator"": ""UKL"", ""p_c"": 50, ""slope"": -0.4568061703848367, ""lo"": -0.4652538888003753, ""hi"": -0.44842177415408196, ""intersects"": true}, {""generator"": ""UKL"", ""p_c"": 200, ""slope"": -0.4555670306078159, ""lo"": -0.46316886778399097, ""hi"": -0.447775703849196, ""intersects"": true}, {""generator"": ""UKL"", ""p_c"": 800, ""slope"": -0.46269340659628444, ""lo"": -0.46997582070031146, ""hi"": -0.4555881153024492, ""intersects"": true}, {""generator"": ""BP"", ""p_c"": 50, ""slope"": -0.39263053619822913, ""lo"": -0.40009686121742893, ""hi"": -0.3850923790781503, ""intersects"": true}, {""generator"": ""BP"", ""p_c"": 200, ""slope"": -0.3956786453174106, ""lo"": -0.40234794273824365, ""hi"": -0.3888287183068256, ""intersects"": true}, {""generator"": ""BP"", ""p_c"": 800, ""slope"": -0.3904151304230434, ""lo"": -0.3963248349564689, ""hi"": -0.3845194345684493, ""intersects"": true}, {""generator"": ""BKL"", ""p_c"": 50, ""slope"": -0.2716605165364226, ""lo"": -0.2782109477822056, ""hi"": -0.264790285226348, ""intersects"": false}, {""generator"": ""BKL"", ""p_c"": 200, ""slope"": -0.22858791151984645, ""lo"": -0.23406550695731218, ""hi"": -0.22319437726683475, ""intersects"": false}, {""generator"": ""BKL"", ""p_c"": 800, ""slope"": -0.18599097556953456, ""lo"": -0.19090654823264008, ""hi"": -0.1810761635318152, ""intersects"": false}], ""ratios"": [{""generator"": ""SQ"", ""ratio"": 1.1669286866466106, ""lo"": 1.1555528846250227, ""hi"": 1.1785271747931854, ""below_limit"": true}, {""generator"": ""UKL"", ""ratio"": 1.1783067953267283, ""lo"": 1.1647303012157761, ""hi"": 1.1924567982824075, ""below_limit"": true}, {""generator"": ""BP"", ""ratio"": 1.1621284425783103, ""lo"": 1.1513730346281459, ""hi"": 1.1731592855942279, ""below_limit"": true}, {""generator"": ""BKL"", ""ratio"": 1.1524930865497358, ""lo"": 1.1404872046601389, ""hi"": 1.1642952261699173, ""below_limit"": true}], ""verdict"": ""negative"", ""failed"": [""slope|SQ|p_c=800"", ""slope|BKL|p_c=50"", ""slope|BKL|p_c=200"", ""slope|BKL|p_c=800""], ""incomplete"": []}","{""failures"": {""SQ|SN"": [0, 3000], ""SQ|TH"": [0, 3000], ""SQ|LTH"": [0, 3000], ""UKL|SN"": [0, 3000], ""UKL|TH"": [0, 3000], ""UKL|LTH"": [0, 3000], ""BP|SN"": [0, 3000], ""BP|TH"": [0, 3000], ""BP|LTH"": [0, 3000], ""BKL|SN"": [0, 3000], ""BKL|TH"": [0, 3000], ""BKL|LTH"": [0, 3000]}, ""pvalues"": {""SQ|SN"": 1.0, ""SQ|TH"": 1.0, ""SQ|LTH"": 1.0, ""UKL|SN"": 1.0, ""UKL|TH"": 1.0, ""UKL|LTH"": 1.0, ""BP|SN"": 1.0, ""BP|TH"": 1.0, ""BP|LTH"": 1.0, ""BKL|SN"": 1.0, ""BKL|TH"": 1.0, ""BKL|LTH"": 1.0}, ""rejected"": [], ""verdict"": ""H14-health: no departure from the prediction was detected"", ""bkl_zero_offset"": {""verdict"": ""pass"", ""expected"": 3000, ""replications"": 3000, ""infeasible_start"": 3000, ""mismatches"": [], ""missing"": []}}",[]
48,BKL,50,32000,SN,200,200,0.0,0.014867039231272054,"{""ok"": 200}",0.985,1.0,1.0,0.985,0.08351540855699777,872.595716011795,0.2452145520186052,0.2454783366523346,0.2731983453361125,2.0,0.0,197,0,0.00024237321378093148,0,"{""verdict"": ""no violation"", ""violations"": 0, ""checked"": 27448, ""violating_cells"": []}","{""slopes"": [{""generator"": ""SQ"", ""p_c"": 50, ""slope"": -0.37387744893943003, ""lo"": -0.38204560748021754, ""hi"": -0.3656656886490169, ""intersects"": true}, {""generator"": ""SQ"", ""p_c"": 200, ""slope"": -0.3630240734188334, ""lo"": -0.3700524449828918, ""hi"": -0.35598837640050307, ""intersects"": true}, {""generator"": ""SQ"", ""p_c"": 800, ""slope"": -0.3420416645418425, ""lo"": -0.3479978577657304, ""hi"": -0.3358800925209334, ""intersects"": false}, {""generator"": ""UKL"", ""p_c"": 50, ""slope"": -0.4568061703848367, ""lo"": -0.4652538888003753, ""hi"": -0.44842177415408196, ""intersects"": true}, {""generator"": ""UKL"", ""p_c"": 200, ""slope"": -0.4555670306078159, ""lo"": -0.46316886778399097, ""hi"": -0.447775703849196, ""intersects"": true}, {""generator"": ""UKL"", ""p_c"": 800, ""slope"": -0.46269340659628444, ""lo"": -0.46997582070031146, ""hi"": -0.4555881153024492, ""intersects"": true}, {""generator"": ""BP"", ""p_c"": 50, ""slope"": -0.39263053619822913, ""lo"": -0.40009686121742893, ""hi"": -0.3850923790781503, ""intersects"": true}, {""generator"": ""BP"", ""p_c"": 200, ""slope"": -0.3956786453174106, ""lo"": -0.40234794273824365, ""hi"": -0.3888287183068256, ""intersects"": true}, {""generator"": ""BP"", ""p_c"": 800, ""slope"": -0.3904151304230434, ""lo"": -0.3963248349564689, ""hi"": -0.3845194345684493, ""intersects"": true}, {""generator"": ""BKL"", ""p_c"": 50, ""slope"": -0.2716605165364226, ""lo"": -0.2782109477822056, ""hi"": -0.264790285226348, ""intersects"": false}, {""generator"": ""BKL"", ""p_c"": 200, ""slope"": -0.22858791151984645, ""lo"": -0.23406550695731218, ""hi"": -0.22319437726683475, ""intersects"": false}, {""generator"": ""BKL"", ""p_c"": 800, ""slope"": -0.18599097556953456, ""lo"": -0.19090654823264008, ""hi"": -0.1810761635318152, ""intersects"": false}], ""ratios"": [{""generator"": ""SQ"", ""ratio"": 1.1669286866466106, ""lo"": 1.1555528846250227, ""hi"": 1.1785271747931854, ""below_limit"": true}, {""generator"": ""UKL"", ""ratio"": 1.1783067953267283, ""lo"": 1.1647303012157761, ""hi"": 1.1924567982824075, ""below_limit"": true}, {""generator"": ""BP"", ""ratio"": 1.1621284425783103, ""lo"": 1.1513730346281459, ""hi"": 1.1731592855942279, ""below_limit"": true}, {""generator"": ""BKL"", ""ratio"": 1.1524930865497358, ""lo"": 1.1404872046601389, ""hi"": 1.1642952261699173, ""below_limit"": true}], ""verdict"": ""negative"", ""failed"": [""slope|SQ|p_c=800"", ""slope|BKL|p_c=50"", ""slope|BKL|p_c=200"", ""slope|BKL|p_c=800""], ""incomplete"": []}","{""failures"": {""SQ|SN"": [0, 3000], ""SQ|TH"": [0, 3000], ""SQ|LTH"": [0, 3000], ""UKL|SN"": [0, 3000], ""UKL|TH"": [0, 3000], ""UKL|LTH"": [0, 3000], ""BP|SN"": [0, 3000], ""BP|TH"": [0, 3000], ""BP|LTH"": [0, 3000], ""BKL|SN"": [0, 3000], ""BKL|TH"": [0, 3000], ""BKL|LTH"": [0, 3000]}, ""pvalues"": {""SQ|SN"": 1.0, ""SQ|TH"": 1.0, ""SQ|LTH"": 1.0, ""UKL|SN"": 1.0, ""UKL|TH"": 1.0, ""UKL|LTH"": 1.0, ""BP|SN"": 1.0, ""BP|TH"": 1.0, ""BP|LTH"": 1.0, ""BKL|SN"": 1.0, ""BKL|TH"": 1.0, ""BKL|LTH"": 1.0}, ""rejected"": [], ""verdict"": ""H14-health: no departure from the prediction was detected"", ""bkl_zero_offset"": {""verdict"": ""pass"", ""expected"": 3000, ""replications"": 3000, ""infeasible_start"": 3000, ""mismatches"": [], ""missing"": []}}",[]
48,BKL,50,32000,TH,200,200,0.0,0.014867039231272054,"{""ok"": 200}",1.0,1.0,1.0,1.0,1.7280970321679208,18055.710834405956,0.2898181179648142,0.28983564303551734,0.29058740119787485,0.0,0.0,200,0,1.2932254866106502e-05,0,"{""verdict"": ""no violation"", ""violations"": 0, ""checked"": 27448, ""violating_cells"": []}","{""slopes"": [{""generator"": ""SQ"", ""p_c"": 50, ""slope"": -0.37387744893943003, ""lo"": -0.38204560748021754, ""hi"": -0.3656656886490169, ""intersects"": true}, {""generator"": ""SQ"", ""p_c"": 200, ""slope"": -0.3630240734188334, ""lo"": -0.3700524449828918, ""hi"": -0.35598837640050307, ""intersects"": true}, {""generator"": ""SQ"", ""p_c"": 800, ""slope"": -0.3420416645418425, ""lo"": -0.3479978577657304, ""hi"": -0.3358800925209334, ""intersects"": false}, {""generator"": ""UKL"", ""p_c"": 50, ""slope"": -0.4568061703848367, ""lo"": -0.4652538888003753, ""hi"": -0.44842177415408196, ""intersects"": true}, {""generator"": ""UKL"", ""p_c"": 200, ""slope"": -0.4555670306078159, ""lo"": -0.46316886778399097, ""hi"": -0.447775703849196, ""intersects"": true}, {""generator"": ""UKL"", ""p_c"": 800, ""slope"": -0.46269340659628444, ""lo"": -0.46997582070031146, ""hi"": -0.4555881153024492, ""intersects"": true}, {""generator"": ""BP"", ""p_c"": 50, ""slope"": -0.39263053619822913, ""lo"": -0.40009686121742893, ""hi"": -0.3850923790781503, ""intersects"": true}, {""generator"": ""BP"", ""p_c"": 200, ""slope"": -0.3956786453174106, ""lo"": -0.40234794273824365, ""hi"": -0.3888287183068256, ""intersects"": true}, {""generator"": ""BP"", ""p_c"": 800, ""slope"": -0.3904151304230434, ""lo"": -0.3963248349564689, ""hi"": -0.3845194345684493, ""intersects"": true}, {""generator"": ""BKL"", ""p_c"": 50, ""slope"": -0.2716605165364226, ""lo"": -0.2782109477822056, ""hi"": -0.264790285226348, ""intersects"": false}, {""generator"": ""BKL"", ""p_c"": 200, ""slope"": -0.22858791151984645, ""lo"": -0.23406550695731218, ""hi"": -0.22319437726683475, ""intersects"": false}, {""generator"": ""BKL"", ""p_c"": 800, ""slope"": -0.18599097556953456, ""lo"": -0.19090654823264008, ""hi"": -0.1810761635318152, ""intersects"": false}], ""ratios"": [{""generator"": ""SQ"", ""ratio"": 1.1669286866466106, ""lo"": 1.1555528846250227, ""hi"": 1.1785271747931854, ""below_limit"": true}, {""generator"": ""UKL"", ""ratio"": 1.1783067953267283, ""lo"": 1.1647303012157761, ""hi"": 1.1924567982824075, ""below_limit"": true}, {""generator"": ""BP"", ""ratio"": 1.1621284425783103, ""lo"": 1.1513730346281459, ""hi"": 1.1731592855942279, ""below_limit"": true}, {""generator"": ""BKL"", ""ratio"": 1.1524930865497358, ""lo"": 1.1404872046601389, ""hi"": 1.1642952261699173, ""below_limit"": true}], ""verdict"": ""negative"", ""failed"": [""slope|SQ|p_c=800"", ""slope|BKL|p_c=50"", ""slope|BKL|p_c=200"", ""slope|BKL|p_c=800""], ""incomplete"": []}","{""failures"": {""SQ|SN"": [0, 3000], ""SQ|TH"": [0, 3000], ""SQ|LTH"": [0, 3000], ""UKL|SN"": [0, 3000], ""UKL|TH"": [0, 3000], ""UKL|LTH"": [0, 3000], ""BP|SN"": [0, 3000], ""BP|TH"": [0, 3000], ""BP|LTH"": [0, 3000], ""BKL|SN"": [0, 3000], ""BKL|TH"": [0, 3000], ""BKL|LTH"": [0, 3000]}, ""pvalues"": {""SQ|SN"": 1.0, ""SQ|TH"": 1.0, ""SQ|LTH"": 1.0, ""UKL|SN"": 1.0, ""UKL|TH"": 1.0, ""UKL|LTH"": 1.0, ""BP|SN"": 1.0, ""BP|TH"": 1.0, ""BP|LTH"": 1.0, ""BKL|SN"": 1.0, ""BKL|TH"": 1.0, ""BKL|LTH"": 1.0}, ""rejected"": [], ""verdict"": ""H14-health: no departure from the prediction was detected"", ""bkl_zero_offset"": {""verdict"": ""pass"", ""expected"": 3000, ""replications"": 3000, ""infeasible_start"": 3000, ""mismatches"": [], ""missing"": []}}",[]
48,BKL,50,32000,LTH,200,200,0.0,0.014867039231272054,"{""ok"": 200}",1.0,1.0,1.0,1.0,0.08860964195397536,925.8218968492281,0.25342180463348013,0.2538737056586934,0.279610581802649,2.0,0.0,200,0,0.00023821693487029175,0,"{""verdict"": ""no violation"", ""violations"": 0, ""checked"": 27448, ""violating_cells"": []}","{""slopes"": [{""generator"": ""SQ"", ""p_c"": 50, ""slope"": -0.37387744893943003, ""lo"": -0.38204560748021754, ""hi"": -0.3656656886490169, ""intersects"": true}, {""generator"": ""SQ"", ""p_c"": 200, ""slope"": -0.3630240734188334, ""lo"": -0.3700524449828918, ""hi"": -0.35598837640050307, ""intersects"": true}, {""generator"": ""SQ"", ""p_c"": 800, ""slope"": -0.3420416645418425, ""lo"": -0.3479978577657304, ""hi"": -0.3358800925209334, ""intersects"": false}, {""generator"": ""UKL"", ""p_c"": 50, ""slope"": -0.4568061703848367, ""lo"": -0.4652538888003753, ""hi"": -0.44842177415408196, ""intersects"": true}, {""generator"": ""UKL"", ""p_c"": 200, ""slope"": -0.4555670306078159, ""lo"": -0.46316886778399097, ""hi"": -0.447775703849196, ""intersects"": true}, {""generator"": ""UKL"", ""p_c"": 800, ""slope"": -0.46269340659628444, ""lo"": -0.46997582070031146, ""hi"": -0.4555881153024492, ""intersects"": true}, {""generator"": ""BP"", ""p_c"": 50, ""slope"": -0.39263053619822913, ""lo"": -0.40009686121742893, ""hi"": -0.3850923790781503, ""intersects"": true}, {""generator"": ""BP"", ""p_c"": 200, ""slope"": -0.3956786453174106, ""lo"": -0.40234794273824365, ""hi"": -0.3888287183068256, ""intersects"": true}, {""generator"": ""BP"", ""p_c"": 800, ""slope"": -0.3904151304230434, ""lo"": -0.3963248349564689, ""hi"": -0.3845194345684493, ""intersects"": true}, {""generator"": ""BKL"", ""p_c"": 50, ""slope"": -0.2716605165364226, ""lo"": -0.2782109477822056, ""hi"": -0.264790285226348, ""intersects"": false}, {""generator"": ""BKL"", ""p_c"": 200, ""slope"": -0.22858791151984645, ""lo"": -0.23406550695731218, ""hi"": -0.22319437726683475, ""intersects"": false}, {""generator"": ""BKL"", ""p_c"": 800, ""slope"": -0.18599097556953456, ""lo"": -0.19090654823264008, ""hi"": -0.1810761635318152, ""intersects"": false}], ""ratios"": [{""generator"": ""SQ"", ""ratio"": 1.1669286866466106, ""lo"": 1.1555528846250227, ""hi"": 1.1785271747931854, ""below_limit"": true}, {""generator"": ""UKL"", ""ratio"": 1.1783067953267283, ""lo"": 1.1647303012157761, ""hi"": 1.1924567982824075, ""below_limit"": true}, {""generator"": ""BP"", ""ratio"": 1.1621284425783103, ""lo"": 1.1513730346281459, ""hi"": 1.1731592855942279, ""below_limit"": true}, {""generator"": ""BKL"", ""ratio"": 1.1524930865497358, ""lo"": 1.1404872046601389, ""hi"": 1.1642952261699173, ""below_limit"": true}], ""verdict"": ""negative"", ""failed"": [""slope|SQ|p_c=800"", ""slope|BKL|p_c=50"", ""slope|BKL|p_c=200"", ""slope|BKL|p_c=800""], ""incomplete"": []}","{""failures"": {""SQ|SN"": [0, 3000], ""SQ|TH"": [0, 3000], ""SQ|LTH"": [0, 3000], ""UKL|SN"": [0, 3000], ""UKL|TH"": [0, 3000], ""UKL|LTH"": [0, 3000], ""BP|SN"": [0, 3000], ""BP|TH"": [0, 3000], ""BP|LTH"": [0, 3000], ""BKL|SN"": [0, 3000], ""BKL|TH"": [0, 3000], ""BKL|LTH"": [0, 3000]}, ""pvalues"": {""SQ|SN"": 1.0, ""SQ|TH"": 1.0, ""SQ|LTH"": 1.0, ""UKL|SN"": 1.0, ""UKL|TH"": 1.0, ""UKL|LTH"": 1.0, ""BP|SN"": 1.0, ""BP|TH"": 1.0, ""BP|LTH"": 1.0, ""BKL|SN"": 1.0, ""BKL|TH"": 1.0, ""BKL|LTH"": 1.0}, ""rejected"": [], ""verdict"": ""H14-health: no departure from the prediction was detected"", ""bkl_zero_offset"": {""verdict"": ""pass"", ""expected"": 3000, ""replications"": 3000, ""infeasible_start"": 3000, ""mismatches"": [], ""missing"": []}}",[]
49,BKL,50,64000,SN,200,200,0.0,0.014867039231272054,"{""ok"": 200}",0.99,1.0,1.0,0.99,0.05901625436123055,616.6207125182916,0.19377441804703566,0.1932510735838669,0.22751702098860735,3.0,0.0,198,0,0.0002410103965496918,0,"{""verdict"": ""no violation"", ""violations"": 0, ""checked"": 27448, ""violating_cells"": []}","{""slopes"": [{""generator"": ""SQ"", ""p_c"": 50, ""slope"": -0.37387744893943003, ""lo"": -0.38204560748021754, ""hi"": -0.3656656886490169, ""intersects"": true}, {""generator"": ""SQ"", ""p_c"": 200, ""slope"": -0.3630240734188334, ""lo"": -0.3700524449828918, ""hi"": -0.35598837640050307, ""intersects"": true}, {""generator"": ""SQ"", ""p_c"": 800, ""slope"": -0.3420416645418425, ""lo"": -0.3479978577657304, ""hi"": -0.3358800925209334, ""intersects"": false}, {""generator"": ""UKL"", ""p_c"": 50, ""slope"": -0.4568061703848367, ""lo"": -0.4652538888003753, ""hi"": -0.44842177415408196, ""intersects"": true}, {""generator"": ""UKL"", ""p_c"": 200, ""slope"": -0.4555670306078159, ""lo"": -0.46316886778399097, ""hi"": -0.447775703849196, ""intersects"": true}, {""generator"": ""UKL"", ""p_c"": 800, ""slope"": -0.46269340659628444, ""lo"": -0.46997582070031146, ""hi"": -0.4555881153024492, ""intersects"": true}, {""generator"": ""BP"", ""p_c"": 50, ""slope"": -0.39263053619822913, ""lo"": -0.40009686121742893, ""hi"": -0.3850923790781503, ""intersects"": true}, {""generator"": ""BP"", ""p_c"": 200, ""slope"": -0.3956786453174106, ""lo"": -0.40234794273824365, ""hi"": -0.3888287183068256, ""intersects"": true}, {""generator"": ""BP"", ""p_c"": 800, ""slope"": -0.3904151304230434, ""lo"": -0.3963248349564689, ""hi"": -0.3845194345684493, ""intersects"": true}, {""generator"": ""BKL"", ""p_c"": 50, ""slope"": -0.2716605165364226, ""lo"": -0.2782109477822056, ""hi"": -0.264790285226348, ""intersects"": false}, {""generator"": ""BKL"", ""p_c"": 200, ""slope"": -0.22858791151984645, ""lo"": -0.23406550695731218, ""hi"": -0.22319437726683475, ""intersects"": false}, {""generator"": ""BKL"", ""p_c"": 800, ""slope"": -0.18599097556953456, ""lo"": -0.19090654823264008, ""hi"": -0.1810761635318152, ""intersects"": false}], ""ratios"": [{""generator"": ""SQ"", ""ratio"": 1.1669286866466106, ""lo"": 1.1555528846250227, ""hi"": 1.1785271747931854, ""below_limit"": true}, {""generator"": ""UKL"", ""ratio"": 1.1783067953267283, ""lo"": 1.1647303012157761, ""hi"": 1.1924567982824075, ""below_limit"": true}, {""generator"": ""BP"", ""ratio"": 1.1621284425783103, ""lo"": 1.1513730346281459, ""hi"": 1.1731592855942279, ""below_limit"": true}, {""generator"": ""BKL"", ""ratio"": 1.1524930865497358, ""lo"": 1.1404872046601389, ""hi"": 1.1642952261699173, ""below_limit"": true}], ""verdict"": ""negative"", ""failed"": [""slope|SQ|p_c=800"", ""slope|BKL|p_c=50"", ""slope|BKL|p_c=200"", ""slope|BKL|p_c=800""], ""incomplete"": []}","{""failures"": {""SQ|SN"": [0, 3000], ""SQ|TH"": [0, 3000], ""SQ|LTH"": [0, 3000], ""UKL|SN"": [0, 3000], ""UKL|TH"": [0, 3000], ""UKL|LTH"": [0, 3000], ""BP|SN"": [0, 3000], ""BP|TH"": [0, 3000], ""BP|LTH"": [0, 3000], ""BKL|SN"": [0, 3000], ""BKL|TH"": [0, 3000], ""BKL|LTH"": [0, 3000]}, ""pvalues"": {""SQ|SN"": 1.0, ""SQ|TH"": 1.0, ""SQ|LTH"": 1.0, ""UKL|SN"": 1.0, ""UKL|TH"": 1.0, ""UKL|LTH"": 1.0, ""BP|SN"": 1.0, ""BP|TH"": 1.0, ""BP|LTH"": 1.0, ""BKL|SN"": 1.0, ""BKL|TH"": 1.0, ""BKL|LTH"": 1.0}, ""rejected"": [], ""verdict"": ""H14-health: no departure from the prediction was detected"", ""bkl_zero_offset"": {""verdict"": ""pass"", ""expected"": 3000, ""replications"": 3000, ""infeasible_start"": 3000, ""mismatches"": [], ""missing"": []}}",[]
49,BKL,50,64000,TH,200,200,0.0,0.014867039231272054,"{""ok"": 200}",1.0,1.0,1.0,1.0,1.2219491299942842,12767.31557015187,0.2898181179648142,0.28983564303551734,0.29058740119787485,0.0,0.0,200,0,1.828897022371327e-05,0,"{""verdict"": ""no violation"", ""violations"": 0, ""checked"": 27448, ""violating_cells"": []}","{""slopes"": [{""generator"": ""SQ"", ""p_c"": 50, ""slope"": -0.37387744893943003, ""lo"": -0.38204560748021754, ""hi"": -0.3656656886490169, ""intersects"": true}, {""generator"": ""SQ"", ""p_c"": 200, ""slope"": -0.3630240734188334, ""lo"": -0.3700524449828918, ""hi"": -0.35598837640050307, ""intersects"": true}, {""generator"": ""SQ"", ""p_c"": 800, ""slope"": -0.3420416645418425, ""lo"": -0.3479978577657304, ""hi"": -0.3358800925209334, ""intersects"": false}, {""generator"": ""UKL"", ""p_c"": 50, ""slope"": -0.4568061703848367, ""lo"": -0.4652538888003753, ""hi"": -0.44842177415408196, ""intersects"": true}, {""generator"": ""UKL"", ""p_c"": 200, ""slope"": -0.4555670306078159, ""lo"": -0.46316886778399097, ""hi"": -0.447775703849196, ""intersects"": true}, {""generator"": ""UKL"", ""p_c"": 800, ""slope"": -0.46269340659628444, ""lo"": -0.46997582070031146, ""hi"": -0.4555881153024492, ""intersects"": true}, {""generator"": ""BP"", ""p_c"": 50, ""slope"": -0.39263053619822913, ""lo"": -0.40009686121742893, ""hi"": -0.3850923790781503, ""intersects"": true}, {""generator"": ""BP"", ""p_c"": 200, ""slope"": -0.3956786453174106, ""lo"": -0.40234794273824365, ""hi"": -0.3888287183068256, ""intersects"": true}, {""generator"": ""BP"", ""p_c"": 800, ""slope"": -0.3904151304230434, ""lo"": -0.3963248349564689, ""hi"": -0.3845194345684493, ""intersects"": true}, {""generator"": ""BKL"", ""p_c"": 50, ""slope"": -0.2716605165364226, ""lo"": -0.2782109477822056, ""hi"": -0.264790285226348, ""intersects"": false}, {""generator"": ""BKL"", ""p_c"": 200, ""slope"": -0.22858791151984645, ""lo"": -0.23406550695731218, ""hi"": -0.22319437726683475, ""intersects"": false}, {""generator"": ""BKL"", ""p_c"": 800, ""slope"": -0.18599097556953456, ""lo"": -0.19090654823264008, ""hi"": -0.1810761635318152, ""intersects"": false}], ""ratios"": [{""generator"": ""SQ"", ""ratio"": 1.1669286866466106, ""lo"": 1.1555528846250227, ""hi"": 1.1785271747931854, ""below_limit"": true}, {""generator"": ""UKL"", ""ratio"": 1.1783067953267283, ""lo"": 1.1647303012157761, ""hi"": 1.1924567982824075, ""below_limit"": true}, {""generator"": ""BP"", ""ratio"": 1.1621284425783103, ""lo"": 1.1513730346281459, ""hi"": 1.1731592855942279, ""below_limit"": true}, {""generator"": ""BKL"", ""ratio"": 1.1524930865497358, ""lo"": 1.1404872046601389, ""hi"": 1.1642952261699173, ""below_limit"": true}], ""verdict"": ""negative"", ""failed"": [""slope|SQ|p_c=800"", ""slope|BKL|p_c=50"", ""slope|BKL|p_c=200"", ""slope|BKL|p_c=800""], ""incomplete"": []}","{""failures"": {""SQ|SN"": [0, 3000], ""SQ|TH"": [0, 3000], ""SQ|LTH"": [0, 3000], ""UKL|SN"": [0, 3000], ""UKL|TH"": [0, 3000], ""UKL|LTH"": [0, 3000], ""BP|SN"": [0, 3000], ""BP|TH"": [0, 3000], ""BP|LTH"": [0, 3000], ""BKL|SN"": [0, 3000], ""BKL|TH"": [0, 3000], ""BKL|LTH"": [0, 3000]}, ""pvalues"": {""SQ|SN"": 1.0, ""SQ|TH"": 1.0, ""SQ|LTH"": 1.0, ""UKL|SN"": 1.0, ""UKL|TH"": 1.0, ""UKL|LTH"": 1.0, ""BP|SN"": 1.0, ""BP|TH"": 1.0, ""BP|LTH"": 1.0, ""BKL|SN"": 1.0, ""BKL|TH"": 1.0, ""BKL|LTH"": 1.0}, ""rejected"": [], ""verdict"": ""H14-health: no departure from the prediction was detected"", ""bkl_zero_offset"": {""verdict"": ""pass"", ""expected"": 3000, ""replications"": 3000, ""infeasible_start"": 3000, ""mismatches"": [], ""missing"": []}}",[]
49,BKL,50,64000,LTH,200,200,0.0,0.014867039231272054,"{""ok"": 200}",1.0,1.0,1.0,1.0,0.06267269998284251,654.8244265439633,0.20253644856056574,0.2021661706478101,0.23502046332012758,3.0,0.0,200,0,0.0002441862084783175,0,"{""verdict"": ""no violation"", ""violations"": 0, ""checked"": 27448, ""violating_cells"": []}","{""slopes"": [{""generator"": ""SQ"", ""p_c"": 50, ""slope"": -0.37387744893943003, ""lo"": -0.38204560748021754, ""hi"": -0.3656656886490169, ""intersects"": true}, {""generator"": ""SQ"", ""p_c"": 200, ""slope"": -0.3630240734188334, ""lo"": -0.3700524449828918, ""hi"": -0.35598837640050307, ""intersects"": true}, {""generator"": ""SQ"", ""p_c"": 800, ""slope"": -0.3420416645418425, ""lo"": -0.3479978577657304, ""hi"": -0.3358800925209334, ""intersects"": false}, {""generator"": ""UKL"", ""p_c"": 50, ""slope"": -0.4568061703848367, ""lo"": -0.4652538888003753, ""hi"": -0.44842177415408196, ""intersects"": true}, {""generator"": ""UKL"", ""p_c"": 200, ""slope"": -0.4555670306078159, ""lo"": -0.46316886778399097, ""hi"": -0.447775703849196, ""intersects"": true}, {""generator"": ""UKL"", ""p_c"": 800, ""slope"": -0.46269340659628444, ""lo"": -0.46997582070031146, ""hi"": -0.4555881153024492, ""intersects"": true}, {""generator"": ""BP"", ""p_c"": 50, ""slope"": -0.39263053619822913, ""lo"": -0.40009686121742893, ""hi"": -0.3850923790781503, ""intersects"": true}, {""generator"": ""BP"", ""p_c"": 200, ""slope"": -0.3956786453174106, ""lo"": -0.40234794273824365, ""hi"": -0.3888287183068256, ""intersects"": true}, {""generator"": ""BP"", ""p_c"": 800, ""slope"": -0.3904151304230434, ""lo"": -0.3963248349564689, ""hi"": -0.3845194345684493, ""intersects"": true}, {""generator"": ""BKL"", ""p_c"": 50, ""slope"": -0.2716605165364226, ""lo"": -0.2782109477822056, ""hi"": -0.264790285226348, ""intersects"": false}, {""generator"": ""BKL"", ""p_c"": 200, ""slope"": -0.22858791151984645, ""lo"": -0.23406550695731218, ""hi"": -0.22319437726683475, ""intersects"": false}, {""generator"": ""BKL"", ""p_c"": 800, ""slope"": -0.18599097556953456, ""lo"": -0.19090654823264008, ""hi"": -0.1810761635318152, ""intersects"": false}], ""ratios"": [{""generator"": ""SQ"", ""ratio"": 1.1669286866466106, ""lo"": 1.1555528846250227, ""hi"": 1.1785271747931854, ""below_limit"": true}, {""generator"": ""UKL"", ""ratio"": 1.1783067953267283, ""lo"": 1.1647303012157761, ""hi"": 1.1924567982824075, ""below_limit"": true}, {""generator"": ""BP"", ""ratio"": 1.1621284425783103, ""lo"": 1.1513730346281459, ""hi"": 1.1731592855942279, ""below_limit"": true}, {""generator"": ""BKL"", ""ratio"": 1.1524930865497358, ""lo"": 1.1404872046601389, ""hi"": 1.1642952261699173, ""below_limit"": true}], ""verdict"": ""negative"", ""failed"": [""slope|SQ|p_c=800"", ""slope|BKL|p_c=50"", ""slope|BKL|p_c=200"", ""slope|BKL|p_c=800""], ""incomplete"": []}","{""failures"": {""SQ|SN"": [0, 3000], ""SQ|TH"": [0, 3000], ""SQ|LTH"": [0, 3000], ""UKL|SN"": [0, 3000], ""UKL|TH"": [0, 3000], ""UKL|LTH"": [0, 3000], ""BP|SN"": [0, 3000], ""BP|TH"": [0, 3000], ""BP|LTH"": [0, 3000], ""BKL|SN"": [0, 3000], ""BKL|TH"": [0, 3000], ""BKL|LTH"": [0, 3000]}, ""pvalues"": {""SQ|SN"": 1.0, ""SQ|TH"": 1.0, ""SQ|LTH"": 1.0, ""UKL|SN"": 1.0, ""UKL|TH"": 1.0, ""UKL|LTH"": 1.0, ""BP|SN"": 1.0, ""BP|TH"": 1.0, ""BP|LTH"": 1.0, ""BKL|SN"": 1.0, ""BKL|TH"": 1.0, ""BKL|LTH"": 1.0}, ""rejected"": [], ""verdict"": ""H14-health: no departure from the prediction was detected"", ""bkl_zero_offset"": {""verdict"": ""pass"", ""expected"": 3000, ""replications"": 3000, ""infeasible_start"": 3000, ""mismatches"": [], ""missing"": []}}",[]
50,BKL,200,4000,SN,200,200,0.0,0.014867039231272054,"{""ok"": 200}",1.0,0.53,0.0,0.0,0.265466350427939,2773.677386378492,0.2898181179648142,0.28983564303551734,0.29058740119787485,0.0,0.0,0,0,,0,"{""verdict"": ""no violation"", ""violations"": 0, ""checked"": 27448, ""violating_cells"": []}","{""slopes"": [{""generator"": ""SQ"", ""p_c"": 50, ""slope"": -0.37387744893943003, ""lo"": -0.38204560748021754, ""hi"": -0.3656656886490169, ""intersects"": true}, {""generator"": ""SQ"", ""p_c"": 200, ""slope"": -0.3630240734188334, ""lo"": -0.3700524449828918, ""hi"": -0.35598837640050307, ""intersects"": true}, {""generator"": ""SQ"", ""p_c"": 800, ""slope"": -0.3420416645418425, ""lo"": -0.3479978577657304, ""hi"": -0.3358800925209334, ""intersects"": false}, {""generator"": ""UKL"", ""p_c"": 50, ""slope"": -0.4568061703848367, ""lo"": -0.4652538888003753, ""hi"": -0.44842177415408196, ""intersects"": true}, {""generator"": ""UKL"", ""p_c"": 200, ""slope"": -0.4555670306078159, ""lo"": -0.46316886778399097, ""hi"": -0.447775703849196, ""intersects"": true}, {""generator"": ""UKL"", ""p_c"": 800, ""slope"": -0.46269340659628444, ""lo"": -0.46997582070031146, ""hi"": -0.4555881153024492, ""intersects"": true}, {""generator"": ""BP"", ""p_c"": 50, ""slope"": -0.39263053619822913, ""lo"": -0.40009686121742893, ""hi"": -0.3850923790781503, ""intersects"": true}, {""generator"": ""BP"", ""p_c"": 200, ""slope"": -0.3956786453174106, ""lo"": -0.40234794273824365, ""hi"": -0.3888287183068256, ""intersects"": true}, {""generator"": ""BP"", ""p_c"": 800, ""slope"": -0.3904151304230434, ""lo"": -0.3963248349564689, ""hi"": -0.3845194345684493, ""intersects"": true}, {""generator"": ""BKL"", ""p_c"": 50, ""slope"": -0.2716605165364226, ""lo"": -0.2782109477822056, ""hi"": -0.264790285226348, ""intersects"": false}, {""generator"": ""BKL"", ""p_c"": 200, ""slope"": -0.22858791151984645, ""lo"": -0.23406550695731218, ""hi"": -0.22319437726683475, ""intersects"": false}, {""generator"": ""BKL"", ""p_c"": 800, ""slope"": -0.18599097556953456, ""lo"": -0.19090654823264008, ""hi"": -0.1810761635318152, ""intersects"": false}], ""ratios"": [{""generator"": ""SQ"", ""ratio"": 1.1669286866466106, ""lo"": 1.1555528846250227, ""hi"": 1.1785271747931854, ""below_limit"": true}, {""generator"": ""UKL"", ""ratio"": 1.1783067953267283, ""lo"": 1.1647303012157761, ""hi"": 1.1924567982824075, ""below_limit"": true}, {""generator"": ""BP"", ""ratio"": 1.1621284425783103, ""lo"": 1.1513730346281459, ""hi"": 1.1731592855942279, ""below_limit"": true}, {""generator"": ""BKL"", ""ratio"": 1.1524930865497358, ""lo"": 1.1404872046601389, ""hi"": 1.1642952261699173, ""below_limit"": true}], ""verdict"": ""negative"", ""failed"": [""slope|SQ|p_c=800"", ""slope|BKL|p_c=50"", ""slope|BKL|p_c=200"", ""slope|BKL|p_c=800""], ""incomplete"": []}","{""failures"": {""SQ|SN"": [0, 3000], ""SQ|TH"": [0, 3000], ""SQ|LTH"": [0, 3000], ""UKL|SN"": [0, 3000], ""UKL|TH"": [0, 3000], ""UKL|LTH"": [0, 3000], ""BP|SN"": [0, 3000], ""BP|TH"": [0, 3000], ""BP|LTH"": [0, 3000], ""BKL|SN"": [0, 3000], ""BKL|TH"": [0, 3000], ""BKL|LTH"": [0, 3000]}, ""pvalues"": {""SQ|SN"": 1.0, ""SQ|TH"": 1.0, ""SQ|LTH"": 1.0, ""UKL|SN"": 1.0, ""UKL|TH"": 1.0, ""UKL|LTH"": 1.0, ""BP|SN"": 1.0, ""BP|TH"": 1.0, ""BP|LTH"": 1.0, ""BKL|SN"": 1.0, ""BKL|TH"": 1.0, ""BKL|LTH"": 1.0}, ""rejected"": [], ""verdict"": ""H14-health: no departure from the prediction was detected"", ""bkl_zero_offset"": {""verdict"": ""pass"", ""expected"": 3000, ""replications"": 3000, ""infeasible_start"": 3000, ""mismatches"": [], ""missing"": []}}",[]
50,BKL,200,4000,TH,200,200,0.0,0.014867039231272054,"{""ok"": 200}",1.0,0.53,0.0,0.0,5.304144530839548,55419.39954181269,0.2898181179648142,0.28983564303551734,0.29058740119787485,0.0,0.0,0,0,,0,"{""verdict"": ""no violation"", ""violations"": 0, ""checked"": 27448, ""violating_cells"": []}","{""slopes"": [{""generator"": ""SQ"", ""p_c"": 50, ""slope"": -0.37387744893943003, ""lo"": -0.38204560748021754, ""hi"": -0.3656656886490169, ""intersects"": true}, {""generator"": ""SQ"", ""p_c"": 200, ""slope"": -0.3630240734188334, ""lo"": -0.3700524449828918, ""hi"": -0.35598837640050307, ""intersects"": true}, {""generator"": ""SQ"", ""p_c"": 800, ""slope"": -0.3420416645418425, ""lo"": -0.3479978577657304, ""hi"": -0.3358800925209334, ""intersects"": false}, {""generator"": ""UKL"", ""p_c"": 50, ""slope"": -0.4568061703848367, ""lo"": -0.4652538888003753, ""hi"": -0.44842177415408196, ""intersects"": true}, {""generator"": ""UKL"", ""p_c"": 200, ""slope"": -0.4555670306078159, ""lo"": -0.46316886778399097, ""hi"": -0.447775703849196, ""intersects"": true}, {""generator"": ""UKL"", ""p_c"": 800, ""slope"": -0.46269340659628444, ""lo"": -0.46997582070031146, ""hi"": -0.4555881153024492, ""intersects"": true}, {""generator"": ""BP"", ""p_c"": 50, ""slope"": -0.39263053619822913, ""lo"": -0.40009686121742893, ""hi"": -0.3850923790781503, ""intersects"": true}, {""generator"": ""BP"", ""p_c"": 200, ""slope"": -0.3956786453174106, ""lo"": -0.40234794273824365, ""hi"": -0.3888287183068256, ""intersects"": true}, {""generator"": ""BP"", ""p_c"": 800, ""slope"": -0.3904151304230434, ""lo"": -0.3963248349564689, ""hi"": -0.3845194345684493, ""intersects"": true}, {""generator"": ""BKL"", ""p_c"": 50, ""slope"": -0.2716605165364226, ""lo"": -0.2782109477822056, ""hi"": -0.264790285226348, ""intersects"": false}, {""generator"": ""BKL"", ""p_c"": 200, ""slope"": -0.22858791151984645, ""lo"": -0.23406550695731218, ""hi"": -0.22319437726683475, ""intersects"": false}, {""generator"": ""BKL"", ""p_c"": 800, ""slope"": -0.18599097556953456, ""lo"": -0.19090654823264008, ""hi"": -0.1810761635318152, ""intersects"": false}], ""ratios"": [{""generator"": ""SQ"", ""ratio"": 1.1669286866466106, ""lo"": 1.1555528846250227, ""hi"": 1.1785271747931854, ""below_limit"": true}, {""generator"": ""UKL"", ""ratio"": 1.1783067953267283, ""lo"": 1.1647303012157761, ""hi"": 1.1924567982824075, ""below_limit"": true}, {""generator"": ""BP"", ""ratio"": 1.1621284425783103, ""lo"": 1.1513730346281459, ""hi"": 1.1731592855942279, ""below_limit"": true}, {""generator"": ""BKL"", ""ratio"": 1.1524930865497358, ""lo"": 1.1404872046601389, ""hi"": 1.1642952261699173, ""below_limit"": true}], ""verdict"": ""negative"", ""failed"": [""slope|SQ|p_c=800"", ""slope|BKL|p_c=50"", ""slope|BKL|p_c=200"", ""slope|BKL|p_c=800""], ""incomplete"": []}","{""failures"": {""SQ|SN"": [0, 3000], ""SQ|TH"": [0, 3000], ""SQ|LTH"": [0, 3000], ""UKL|SN"": [0, 3000], ""UKL|TH"": [0, 3000], ""UKL|LTH"": [0, 3000], ""BP|SN"": [0, 3000], ""BP|TH"": [0, 3000], ""BP|LTH"": [0, 3000], ""BKL|SN"": [0, 3000], ""BKL|TH"": [0, 3000], ""BKL|LTH"": [0, 3000]}, ""pvalues"": {""SQ|SN"": 1.0, ""SQ|TH"": 1.0, ""SQ|LTH"": 1.0, ""UKL|SN"": 1.0, ""UKL|TH"": 1.0, ""UKL|LTH"": 1.0, ""BP|SN"": 1.0, ""BP|TH"": 1.0, ""BP|LTH"": 1.0, ""BKL|SN"": 1.0, ""BKL|TH"": 1.0, ""BKL|LTH"": 1.0}, ""rejected"": [], ""verdict"": ""H14-health: no departure from the prediction was detected"", ""bkl_zero_offset"": {""verdict"": ""pass"", ""expected"": 3000, ""replications"": 3000, ""infeasible_start"": 3000, ""mismatches"": [], ""missing"": []}}",[]
50,BKL,200,4000,LTH,200,200,0.0,0.014867039231272054,"{""ok"": 200}",1.0,0.53,0.0,0.0,0.27587217712606815,2882.400793893785,0.2898181179648142,0.28983564303551734,0.29058740119787485,0.0,0.0,0,0,,0,"{""verdict"": ""no violation"", ""violations"": 0, ""checked"": 27448, ""violating_cells"": []}","{""slopes"": [{""generator"": ""SQ"", ""p_c"": 50, ""slope"": -0.37387744893943003, ""lo"": -0.38204560748021754, ""hi"": -0.3656656886490169, ""intersects"": true}, {""generator"": ""SQ"", ""p_c"": 200, ""slope"": -0.3630240734188334, ""lo"": -0.3700524449828918, ""hi"": -0.35598837640050307, ""intersects"": true}, {""generator"": ""SQ"", ""p_c"": 800, ""slope"": -0.3420416645418425, ""lo"": -0.3479978577657304, ""hi"": -0.3358800925209334, ""intersects"": false}, {""generator"": ""UKL"", ""p_c"": 50, ""slope"": -0.4568061703848367, ""lo"": -0.4652538888003753, ""hi"": -0.44842177415408196, ""intersects"": true}, {""generator"": ""UKL"", ""p_c"": 200, ""slope"": -0.4555670306078159, ""lo"": -0.46316886778399097, ""hi"": -0.447775703849196, ""intersects"": true}, {""generator"": ""UKL"", ""p_c"": 800, ""slope"": -0.46269340659628444, ""lo"": -0.46997582070031146, ""hi"": -0.4555881153024492, ""intersects"": true}, {""generator"": ""BP"", ""p_c"": 50, ""slope"": -0.39263053619822913, ""lo"": -0.40009686121742893, ""hi"": -0.3850923790781503, ""intersects"": true}, {""generator"": ""BP"", ""p_c"": 200, ""slope"": -0.3956786453174106, ""lo"": -0.40234794273824365, ""hi"": -0.3888287183068256, ""intersects"": true}, {""generator"": ""BP"", ""p_c"": 800, ""slope"": -0.3904151304230434, ""lo"": -0.3963248349564689, ""hi"": -0.3845194345684493, ""intersects"": true}, {""generator"": ""BKL"", ""p_c"": 50, ""slope"": -0.2716605165364226, ""lo"": -0.2782109477822056, ""hi"": -0.264790285226348, ""intersects"": false}, {""generator"": ""BKL"", ""p_c"": 200, ""slope"": -0.22858791151984645, ""lo"": -0.23406550695731218, ""hi"": -0.22319437726683475, ""intersects"": false}, {""generator"": ""BKL"", ""p_c"": 800, ""slope"": -0.18599097556953456, ""lo"": -0.19090654823264008, ""hi"": -0.1810761635318152, ""intersects"": false}], ""ratios"": [{""generator"": ""SQ"", ""ratio"": 1.1669286866466106, ""lo"": 1.1555528846250227, ""hi"": 1.1785271747931854, ""below_limit"": true}, {""generator"": ""UKL"", ""ratio"": 1.1783067953267283, ""lo"": 1.1647303012157761, ""hi"": 1.1924567982824075, ""below_limit"": true}, {""generator"": ""BP"", ""ratio"": 1.1621284425783103, ""lo"": 1.1513730346281459, ""hi"": 1.1731592855942279, ""below_limit"": true}, {""generator"": ""BKL"", ""ratio"": 1.1524930865497358, ""lo"": 1.1404872046601389, ""hi"": 1.1642952261699173, ""below_limit"": true}], ""verdict"": ""negative"", ""failed"": [""slope|SQ|p_c=800"", ""slope|BKL|p_c=50"", ""slope|BKL|p_c=200"", ""slope|BKL|p_c=800""], ""incomplete"": []}","{""failures"": {""SQ|SN"": [0, 3000], ""SQ|TH"": [0, 3000], ""SQ|LTH"": [0, 3000], ""UKL|SN"": [0, 3000], ""UKL|TH"": [0, 3000], ""UKL|LTH"": [0, 3000], ""BP|SN"": [0, 3000], ""BP|TH"": [0, 3000], ""BP|LTH"": [0, 3000], ""BKL|SN"": [0, 3000], ""BKL|TH"": [0, 3000], ""BKL|LTH"": [0, 3000]}, ""pvalues"": {""SQ|SN"": 1.0, ""SQ|TH"": 1.0, ""SQ|LTH"": 1.0, ""UKL|SN"": 1.0, ""UKL|TH"": 1.0, ""UKL|LTH"": 1.0, ""BP|SN"": 1.0, ""BP|TH"": 1.0, ""BP|LTH"": 1.0, ""BKL|SN"": 1.0, ""BKL|TH"": 1.0, ""BKL|LTH"": 1.0}, ""rejected"": [], ""verdict"": ""H14-health: no departure from the prediction was detected"", ""bkl_zero_offset"": {""verdict"": ""pass"", ""expected"": 3000, ""replications"": 3000, ""infeasible_start"": 3000, ""mismatches"": [], ""missing"": []}}",[]
51,BKL,200,8000,SN,200,200,0.0,0.014867039231272054,"{""ok"": 200}",0.99,1.0,1.0,0.99,0.18646203048650134,1948.2149679042504,0.2898181179648142,0.28983564303551734,0.29058740119787485,0.0,0.0,198,0,0.00012048826391260243,0,"{""verdict"": ""no violation"", ""violations"": 0, ""checked"": 27448, ""violating_cells"": []}","{""slopes"": [{""generator"": ""SQ"", ""p_c"": 50, ""slope"": -0.37387744893943003, ""lo"": -0.38204560748021754, ""hi"": -0.3656656886490169, ""intersects"": true}, {""generator"": ""SQ"", ""p_c"": 200, ""slope"": -0.3630240734188334, ""lo"": -0.3700524449828918, ""hi"": -0.35598837640050307, ""intersects"": true}, {""generator"": ""SQ"", ""p_c"": 800, ""slope"": -0.3420416645418425, ""lo"": -0.3479978577657304, ""hi"": -0.3358800925209334, ""intersects"": false}, {""generator"": ""UKL"", ""p_c"": 50, ""slope"": -0.4568061703848367, ""lo"": -0.4652538888003753, ""hi"": -0.44842177415408196, ""intersects"": true}, {""generator"": ""UKL"", ""p_c"": 200, ""slope"": -0.4555670306078159, ""lo"": -0.46316886778399097, ""hi"": -0.447775703849196, ""intersects"": true}, {""generator"": ""UKL"", ""p_c"": 800, ""slope"": -0.46269340659628444, ""lo"": -0.46997582070031146, ""hi"": -0.4555881153024492, ""intersects"": true}, {""generator"": ""BP"", ""p_c"": 50, ""slope"": -0.39263053619822913, ""lo"": -0.40009686121742893, ""hi"": -0.3850923790781503, ""intersects"": true}, {""generator"": ""BP"", ""p_c"": 200, ""slope"": -0.3956786453174106, ""lo"": -0.40234794273824365, ""hi"": -0.3888287183068256, ""intersects"": true}, {""generator"": ""BP"", ""p_c"": 800, ""slope"": -0.3904151304230434, ""lo"": -0.3963248349564689, ""hi"": -0.3845194345684493, ""intersects"": true}, {""generator"": ""BKL"", ""p_c"": 50, ""slope"": -0.2716605165364226, ""lo"": -0.2782109477822056, ""hi"": -0.264790285226348, ""intersects"": false}, {""generator"": ""BKL"", ""p_c"": 200, ""slope"": -0.22858791151984645, ""lo"": -0.23406550695731218, ""hi"": -0.22319437726683475, ""intersects"": false}, {""generator"": ""BKL"", ""p_c"": 800, ""slope"": -0.18599097556953456, ""lo"": -0.19090654823264008, ""hi"": -0.1810761635318152, ""intersects"": false}], ""ratios"": [{""generator"": ""SQ"", ""ratio"": 1.1669286866466106, ""lo"": 1.1555528846250227, ""hi"": 1.1785271747931854, ""below_limit"": true}, {""generator"": ""UKL"", ""ratio"": 1.1783067953267283, ""lo"": 1.1647303012157761, ""hi"": 1.1924567982824075, ""below_limit"": true}, {""generator"": ""BP"", ""ratio"": 1.1621284425783103, ""lo"": 1.1513730346281459, ""hi"": 1.1731592855942279, ""below_limit"": true}, {""generator"": ""BKL"", ""ratio"": 1.1524930865497358, ""lo"": 1.1404872046601389, ""hi"": 1.1642952261699173, ""below_limit"": true}], ""verdict"": ""negative"", ""failed"": [""slope|SQ|p_c=800"", ""slope|BKL|p_c=50"", ""slope|BKL|p_c=200"", ""slope|BKL|p_c=800""], ""incomplete"": []}","{""failures"": {""SQ|SN"": [0, 3000], ""SQ|TH"": [0, 3000], ""SQ|LTH"": [0, 3000], ""UKL|SN"": [0, 3000], ""UKL|TH"": [0, 3000], ""UKL|LTH"": [0, 3000], ""BP|SN"": [0, 3000], ""BP|TH"": [0, 3000], ""BP|LTH"": [0, 3000], ""BKL|SN"": [0, 3000], ""BKL|TH"": [0, 3000], ""BKL|LTH"": [0, 3000]}, ""pvalues"": {""SQ|SN"": 1.0, ""SQ|TH"": 1.0, ""SQ|LTH"": 1.0, ""UKL|SN"": 1.0, ""UKL|TH"": 1.0, ""UKL|LTH"": 1.0, ""BP|SN"": 1.0, ""BP|TH"": 1.0, ""BP|LTH"": 1.0, ""BKL|SN"": 1.0, ""BKL|TH"": 1.0, ""BKL|LTH"": 1.0}, ""rejected"": [], ""verdict"": ""H14-health: no departure from the prediction was detected"", ""bkl_zero_offset"": {""verdict"": ""pass"", ""expected"": 3000, ""replications"": 3000, ""infeasible_start"": 3000, ""mismatches"": [], ""missing"": []}}",[]
51,BKL,200,8000,TH,200,200,0.0,0.014867039231272054,"{""ok"": 200}",1.0,1.0,1.0,1.0,3.7505965661501834,39187.433225302404,0.2898181179648142,0.28983564303551734,0.29058740119787485,0.0,0.0,200,0,5.9585697526239655e-06,0,"{""verdict"": ""no violation"", ""violations"": 0, ""checked"": 27448, ""violating_cells"": []}","{""slopes"": [{""generator"": ""SQ"", ""p_c"": 50, ""slope"": -0.37387744893943003, ""lo"": -0.38204560748021754, ""hi"": -0.3656656886490169, ""intersects"": true}, {""generator"": ""SQ"", ""p_c"": 200, ""slope"": -0.3630240734188334, ""lo"": -0.3700524449828918, ""hi"": -0.35598837640050307, ""intersects"": true}, {""generator"": ""SQ"", ""p_c"": 800, ""slope"": -0.3420416645418425, ""lo"": -0.3479978577657304, ""hi"": -0.3358800925209334, ""intersects"": false}, {""generator"": ""UKL"", ""p_c"": 50, ""slope"": -0.4568061703848367, ""lo"": -0.4652538888003753, ""hi"": -0.44842177415408196, ""intersects"": true}, {""generator"": ""UKL"", ""p_c"": 200, ""slope"": -0.4555670306078159, ""lo"": -0.46316886778399097, ""hi"": -0.447775703849196, ""intersects"": true}, {""generator"": ""UKL"", ""p_c"": 800, ""slope"": -0.46269340659628444, ""lo"": -0.46997582070031146, ""hi"": -0.4555881153024492, ""intersects"": true}, {""generator"": ""BP"", ""p_c"": 50, ""slope"": -0.39263053619822913, ""lo"": -0.40009686121742893, ""hi"": -0.3850923790781503, ""intersects"": true}, {""generator"": ""BP"", ""p_c"": 200, ""slope"": -0.3956786453174106, ""lo"": -0.40234794273824365, ""hi"": -0.3888287183068256, ""intersects"": true}, {""generator"": ""BP"", ""p_c"": 800, ""slope"": -0.3904151304230434, ""lo"": -0.3963248349564689, ""hi"": -0.3845194345684493, ""intersects"": true}, {""generator"": ""BKL"", ""p_c"": 50, ""slope"": -0.2716605165364226, ""lo"": -0.2782109477822056, ""hi"": -0.264790285226348, ""intersects"": false}, {""generator"": ""BKL"", ""p_c"": 200, ""slope"": -0.22858791151984645, ""lo"": -0.23406550695731218, ""hi"": -0.22319437726683475, ""intersects"": false}, {""generator"": ""BKL"", ""p_c"": 800, ""slope"": -0.18599097556953456, ""lo"": -0.19090654823264008, ""hi"": -0.1810761635318152, ""intersects"": false}], ""ratios"": [{""generator"": ""SQ"", ""ratio"": 1.1669286866466106, ""lo"": 1.1555528846250227, ""hi"": 1.1785271747931854, ""below_limit"": true}, {""generator"": ""UKL"", ""ratio"": 1.1783067953267283, ""lo"": 1.1647303012157761, ""hi"": 1.1924567982824075, ""below_limit"": true}, {""generator"": ""BP"", ""ratio"": 1.1621284425783103, ""lo"": 1.1513730346281459, ""hi"": 1.1731592855942279, ""below_limit"": true}, {""generator"": ""BKL"", ""ratio"": 1.1524930865497358, ""lo"": 1.1404872046601389, ""hi"": 1.1642952261699173, ""below_limit"": true}], ""verdict"": ""negative"", ""failed"": [""slope|SQ|p_c=800"", ""slope|BKL|p_c=50"", ""slope|BKL|p_c=200"", ""slope|BKL|p_c=800""], ""incomplete"": []}","{""failures"": {""SQ|SN"": [0, 3000], ""SQ|TH"": [0, 3000], ""SQ|LTH"": [0, 3000], ""UKL|SN"": [0, 3000], ""UKL|TH"": [0, 3000], ""UKL|LTH"": [0, 3000], ""BP|SN"": [0, 3000], ""BP|TH"": [0, 3000], ""BP|LTH"": [0, 3000], ""BKL|SN"": [0, 3000], ""BKL|TH"": [0, 3000], ""BKL|LTH"": [0, 3000]}, ""pvalues"": {""SQ|SN"": 1.0, ""SQ|TH"": 1.0, ""SQ|LTH"": 1.0, ""UKL|SN"": 1.0, ""UKL|TH"": 1.0, ""UKL|LTH"": 1.0, ""BP|SN"": 1.0, ""BP|TH"": 1.0, ""BP|LTH"": 1.0, ""BKL|SN"": 1.0, ""BKL|TH"": 1.0, ""BKL|LTH"": 1.0}, ""rejected"": [], ""verdict"": ""H14-health: no departure from the prediction was detected"", ""bkl_zero_offset"": {""verdict"": ""pass"", ""expected"": 3000, ""replications"": 3000, ""infeasible_start"": 3000, ""mismatches"": [], ""missing"": []}}",[]
51,BKL,200,8000,LTH,200,200,0.0,0.014867039231272054,"{""ok"": 200}",0.995,1.0,1.0,0.995,0.19397305463548228,2026.692551963351,0.2898181179648142,0.28983564303551734,0.29058740119787485,0.0,0.0,199,0,0.0001155730081805241,0,"{""verdict"": ""no violation"", ""violations"": 0, ""checked"": 27448, ""violating_cells"": []}","{""slopes"": [{""generator"": ""SQ"", ""p_c"": 50, ""slope"": -0.37387744893943003, ""lo"": -0.38204560748021754, ""hi"": -0.3656656886490169, ""intersects"": true}, {""generator"": ""SQ"", ""p_c"": 200, ""slope"": -0.3630240734188334, ""lo"": -0.3700524449828918, ""hi"": -0.35598837640050307, ""intersects"": true}, {""generator"": ""SQ"", ""p_c"": 800, ""slope"": -0.3420416645418425, ""lo"": -0.3479978577657304, ""hi"": -0.3358800925209334, ""intersects"": false}, {""generator"": ""UKL"", ""p_c"": 50, ""slope"": -0.4568061703848367, ""lo"": -0.4652538888003753, ""hi"": -0.44842177415408196, ""intersects"": true}, {""generator"": ""UKL"", ""p_c"": 200, ""slope"": -0.4555670306078159, ""lo"": -0.46316886778399097, ""hi"": -0.447775703849196, ""intersects"": true}, {""generator"": ""UKL"", ""p_c"": 800, ""slope"": -0.46269340659628444, ""lo"": -0.46997582070031146, ""hi"": -0.4555881153024492, ""intersects"": true}, {""generator"": ""BP"", ""p_c"": 50, ""slope"": -0.39263053619822913, ""lo"": -0.40009686121742893, ""hi"": -0.3850923790781503, ""intersects"": true}, {""generator"": ""BP"", ""p_c"": 200, ""slope"": -0.3956786453174106, ""lo"": -0.40234794273824365, ""hi"": -0.3888287183068256, ""intersects"": true}, {""generator"": ""BP"", ""p_c"": 800, ""slope"": -0.3904151304230434, ""lo"": -0.3963248349564689, ""hi"": -0.3845194345684493, ""intersects"": true}, {""generator"": ""BKL"", ""p_c"": 50, ""slope"": -0.2716605165364226, ""lo"": -0.2782109477822056, ""hi"": -0.264790285226348, ""intersects"": false}, {""generator"": ""BKL"", ""p_c"": 200, ""slope"": -0.22858791151984645, ""lo"": -0.23406550695731218, ""hi"": -0.22319437726683475, ""intersects"": false}, {""generator"": ""BKL"", ""p_c"": 800, ""slope"": -0.18599097556953456, ""lo"": -0.19090654823264008, ""hi"": -0.1810761635318152, ""intersects"": false}], ""ratios"": [{""generator"": ""SQ"", ""ratio"": 1.1669286866466106, ""lo"": 1.1555528846250227, ""hi"": 1.1785271747931854, ""below_limit"": true}, {""generator"": ""UKL"", ""ratio"": 1.1783067953267283, ""lo"": 1.1647303012157761, ""hi"": 1.1924567982824075, ""below_limit"": true}, {""generator"": ""BP"", ""ratio"": 1.1621284425783103, ""lo"": 1.1513730346281459, ""hi"": 1.1731592855942279, ""below_limit"": true}, {""generator"": ""BKL"", ""ratio"": 1.1524930865497358, ""lo"": 1.1404872046601389, ""hi"": 1.1642952261699173, ""below_limit"": true}], ""verdict"": ""negative"", ""failed"": [""slope|SQ|p_c=800"", ""slope|BKL|p_c=50"", ""slope|BKL|p_c=200"", ""slope|BKL|p_c=800""], ""incomplete"": []}","{""failures"": {""SQ|SN"": [0, 3000], ""SQ|TH"": [0, 3000], ""SQ|LTH"": [0, 3000], ""UKL|SN"": [0, 3000], ""UKL|TH"": [0, 3000], ""UKL|LTH"": [0, 3000], ""BP|SN"": [0, 3000], ""BP|TH"": [0, 3000], ""BP|LTH"": [0, 3000], ""BKL|SN"": [0, 3000], ""BKL|TH"": [0, 3000], ""BKL|LTH"": [0, 3000]}, ""pvalues"": {""SQ|SN"": 1.0, ""SQ|TH"": 1.0, ""SQ|LTH"": 1.0, ""UKL|SN"": 1.0, ""UKL|TH"": 1.0, ""UKL|LTH"": 1.0, ""BP|SN"": 1.0, ""BP|TH"": 1.0, ""BP|LTH"": 1.0, ""BKL|SN"": 1.0, ""BKL|TH"": 1.0, ""BKL|LTH"": 1.0}, ""rejected"": [], ""verdict"": ""H14-health: no departure from the prediction was detected"", ""bkl_zero_offset"": {""verdict"": ""pass"", ""expected"": 3000, ""replications"": 3000, ""infeasible_start"": 3000, ""mismatches"": [], ""missing"": []}}",[]
52,BKL,200,16000,SN,200,200,0.0,0.014867039231272054,"{""ok"": 200}",0.99,1.0,1.0,0.99,0.13132407706436072,1372.1159847689235,0.28776279232351654,0.28969603822834955,0.29058740119787485,0.0,0.0,198,0,0.00017072077129466113,0,"{""verdict"": ""no violation"", ""violations"": 0, ""checked"": 27448, ""violating_cells"": []}","{""slopes"": [{""generator"": ""SQ"", ""p_c"": 50, ""slope"": -0.37387744893943003, ""lo"": -0.38204560748021754, ""hi"": -0.3656656886490169, ""intersects"": true}, {""generator"": ""SQ"", ""p_c"": 200, ""slope"": -0.3630240734188334, ""lo"": -0.3700524449828918, ""hi"": -0.35598837640050307, ""intersects"": true}, {""generator"": ""SQ"", ""p_c"": 800, ""slope"": -0.3420416645418425, ""lo"": -0.3479978577657304, ""hi"": -0.3358800925209334, ""intersects"": false}, {""generator"": ""UKL"", ""p_c"": 50, ""slope"": -0.4568061703848367, ""lo"": -0.4652538888003753, ""hi"": -0.44842177415408196, ""intersects"": true}, {""generator"": ""UKL"", ""p_c"": 200, ""slope"": -0.4555670306078159, ""lo"": -0.46316886778399097, ""hi"": -0.447775703849196, ""intersects"": true}, {""generator"": ""UKL"", ""p_c"": 800, ""slope"": -0.46269340659628444, ""lo"": -0.46997582070031146, ""hi"": -0.4555881153024492, ""intersects"": true}, {""generator"": ""BP"", ""p_c"": 50, ""slope"": -0.39263053619822913, ""lo"": -0.40009686121742893, ""hi"": -0.3850923790781503, ""intersects"": true}, {""generator"": ""BP"", ""p_c"": 200, ""slope"": -0.3956786453174106, ""lo"": -0.40234794273824365, ""hi"": -0.3888287183068256, ""intersects"": true}, {""generator"": ""BP"", ""p_c"": 800, ""slope"": -0.3904151304230434, ""lo"": -0.3963248349564689, ""hi"": -0.3845194345684493, ""intersects"": true}, {""generator"": ""BKL"", ""p_c"": 50, ""slope"": -0.2716605165364226, ""lo"": -0.2782109477822056, ""hi"": -0.264790285226348, ""intersects"": false}, {""generator"": ""BKL"", ""p_c"": 200, ""slope"": -0.22858791151984645, ""lo"": -0.23406550695731218, ""hi"": -0.22319437726683475, ""intersects"": false}, {""generator"": ""BKL"", ""p_c"": 800, ""slope"": -0.18599097556953456, ""lo"": -0.19090654823264008, ""hi"": -0.1810761635318152, ""intersects"": false}], ""ratios"": [{""generator"": ""SQ"", ""ratio"": 1.1669286866466106, ""lo"": 1.1555528846250227, ""hi"": 1.1785271747931854, ""below_limit"": true}, {""generator"": ""UKL"", ""ratio"": 1.1783067953267283, ""lo"": 1.1647303012157761, ""hi"": 1.1924567982824075, ""below_limit"": true}, {""generator"": ""BP"", ""ratio"": 1.1621284425783103, ""lo"": 1.1513730346281459, ""hi"": 1.1731592855942279, ""below_limit"": true}, {""generator"": ""BKL"", ""ratio"": 1.1524930865497358, ""lo"": 1.1404872046601389, ""hi"": 1.1642952261699173, ""below_limit"": true}], ""verdict"": ""negative"", ""failed"": [""slope|SQ|p_c=800"", ""slope|BKL|p_c=50"", ""slope|BKL|p_c=200"", ""slope|BKL|p_c=800""], ""incomplete"": []}","{""failures"": {""SQ|SN"": [0, 3000], ""SQ|TH"": [0, 3000], ""SQ|LTH"": [0, 3000], ""UKL|SN"": [0, 3000], ""UKL|TH"": [0, 3000], ""UKL|LTH"": [0, 3000], ""BP|SN"": [0, 3000], ""BP|TH"": [0, 3000], ""BP|LTH"": [0, 3000], ""BKL|SN"": [0, 3000], ""BKL|TH"": [0, 3000], ""BKL|LTH"": [0, 3000]}, ""pvalues"": {""SQ|SN"": 1.0, ""SQ|TH"": 1.0, ""SQ|LTH"": 1.0, ""UKL|SN"": 1.0, ""UKL|TH"": 1.0, ""UKL|LTH"": 1.0, ""BP|SN"": 1.0, ""BP|TH"": 1.0, ""BP|LTH"": 1.0, ""BKL|SN"": 1.0, ""BKL|TH"": 1.0, ""BKL|LTH"": 1.0}, ""rejected"": [], ""verdict"": ""H14-health: no departure from the prediction was detected"", ""bkl_zero_offset"": {""verdict"": ""pass"", ""expected"": 3000, ""replications"": 3000, ""infeasible_start"": 3000, ""mismatches"": [], ""missing"": []}}",[]
52,BKL,200,16000,TH,200,200,0.0,0.014867039231272054,"{""ok"": 200}",1.0,1.0,1.0,1.0,2.652072265419774,27709.699770906343,0.2898181179648142,0.28983564303551734,0.29058740119787485,0.0,0.0,200,0,8.426690156506912e-06,0,"{""verdict"": ""no violation"", ""violations"": 0, ""checked"": 27448, ""violating_cells"": []}","{""slopes"": [{""generator"": ""SQ"", ""p_c"": 50, ""slope"": -0.37387744893943003, ""lo"": -0.38204560748021754, ""hi"": -0.3656656886490169, ""intersects"": true}, {""generator"": ""SQ"", ""p_c"": 200, ""slope"": -0.3630240734188334, ""lo"": -0.3700524449828918, ""hi"": -0.35598837640050307, ""intersects"": true}, {""generator"": ""SQ"", ""p_c"": 800, ""slope"": -0.3420416645418425, ""lo"": -0.3479978577657304, ""hi"": -0.3358800925209334, ""intersects"": false}, {""generator"": ""UKL"", ""p_c"": 50, ""slope"": -0.4568061703848367, ""lo"": -0.4652538888003753, ""hi"": -0.44842177415408196, ""intersects"": true}, {""generator"": ""UKL"", ""p_c"": 200, ""slope"": -0.4555670306078159, ""lo"": -0.46316886778399097, ""hi"": -0.447775703849196, ""intersects"": true}, {""generator"": ""UKL"", ""p_c"": 800, ""slope"": -0.46269340659628444, ""lo"": -0.46997582070031146, ""hi"": -0.4555881153024492, ""intersects"": true}, {""generator"": ""BP"", ""p_c"": 50, ""slope"": -0.39263053619822913, ""lo"": -0.40009686121742893, ""hi"": -0.3850923790781503, ""intersects"": true}, {""generator"": ""BP"", ""p_c"": 200, ""slope"": -0.3956786453174106, ""lo"": -0.40234794273824365, ""hi"": -0.3888287183068256, ""intersects"": true}, {""generator"": ""BP"", ""p_c"": 800, ""slope"": -0.3904151304230434, ""lo"": -0.3963248349564689, ""hi"": -0.3845194345684493, ""intersects"": true}, {""generator"": ""BKL"", ""p_c"": 50, ""slope"": -0.2716605165364226, ""lo"": -0.2782109477822056, ""hi"": -0.264790285226348, ""intersects"": false}, {""generator"": ""BKL"", ""p_c"": 200, ""slope"": -0.22858791151984645, ""lo"": -0.23406550695731218, ""hi"": -0.22319437726683475, ""intersects"": false}, {""generator"": ""BKL"", ""p_c"": 800, ""slope"": -0.18599097556953456, ""lo"": -0.19090654823264008, ""hi"": -0.1810761635318152, ""intersects"": false}], ""ratios"": [{""generator"": ""SQ"", ""ratio"": 1.1669286866466106, ""lo"": 1.1555528846250227, ""hi"": 1.1785271747931854, ""below_limit"": true}, {""generator"": ""UKL"", ""ratio"": 1.1783067953267283, ""lo"": 1.1647303012157761, ""hi"": 1.1924567982824075, ""below_limit"": true}, {""generator"": ""BP"", ""ratio"": 1.1621284425783103, ""lo"": 1.1513730346281459, ""hi"": 1.1731592855942279, ""below_limit"": true}, {""generator"": ""BKL"", ""ratio"": 1.1524930865497358, ""lo"": 1.1404872046601389, ""hi"": 1.1642952261699173, ""below_limit"": true}], ""verdict"": ""negative"", ""failed"": [""slope|SQ|p_c=800"", ""slope|BKL|p_c=50"", ""slope|BKL|p_c=200"", ""slope|BKL|p_c=800""], ""incomplete"": []}","{""failures"": {""SQ|SN"": [0, 3000], ""SQ|TH"": [0, 3000], ""SQ|LTH"": [0, 3000], ""UKL|SN"": [0, 3000], ""UKL|TH"": [0, 3000], ""UKL|LTH"": [0, 3000], ""BP|SN"": [0, 3000], ""BP|TH"": [0, 3000], ""BP|LTH"": [0, 3000], ""BKL|SN"": [0, 3000], ""BKL|TH"": [0, 3000], ""BKL|LTH"": [0, 3000]}, ""pvalues"": {""SQ|SN"": 1.0, ""SQ|TH"": 1.0, ""SQ|LTH"": 1.0, ""UKL|SN"": 1.0, ""UKL|TH"": 1.0, ""UKL|LTH"": 1.0, ""BP|SN"": 1.0, ""BP|TH"": 1.0, ""BP|LTH"": 1.0, ""BKL|SN"": 1.0, ""BKL|TH"": 1.0, ""BKL|LTH"": 1.0}, ""rejected"": [], ""verdict"": ""H14-health: no departure from the prediction was detected"", ""bkl_zero_offset"": {""verdict"": ""pass"", ""expected"": 3000, ""replications"": 3000, ""infeasible_start"": 3000, ""mismatches"": [], ""missing"": []}}",[]
52,BKL,200,16000,LTH,200,200,0.0,0.014867039231272054,"{""ok"": 200}",0.995,1.0,1.0,0.995,0.1365446227625599,1426.6619169532032,0.2887499512805572,0.2897913896388594,0.29058740119787485,0.0,0.0,199,0,0.00016405880992650793,0,"{""verdict"": ""no violation"", ""violations"": 0, ""checked"": 27448, ""violating_cells"": []}","{""slopes"": [{""generator"": ""SQ"", ""p_c"": 50, ""slope"": -0.37387744893943003, ""lo"": -0.38204560748021754, ""hi"": -0.3656656886490169, ""intersects"": true}, {""generator"": ""SQ"", ""p_c"": 200, ""slope"": -0.3630240734188334, ""lo"": -0.3700524449828918, ""hi"": -0.35598837640050307, ""intersects"": true}, {""generator"": ""SQ"", ""p_c"": 800, ""slope"": -0.3420416645418425, ""lo"": -0.3479978577657304, ""hi"": -0.3358800925209334, ""intersects"": false}, {""generator"": ""UKL"", ""p_c"": 50, ""slope"": -0.4568061703848367, ""lo"": -0.4652538888003753, ""hi"": -0.44842177415408196, ""intersects"": true}, {""generator"": ""UKL"", ""p_c"": 200, ""slope"": -0.4555670306078159, ""lo"": -0.46316886778399097, ""hi"": -0.447775703849196, ""intersects"": true}, {""generator"": ""UKL"", ""p_c"": 800, ""slope"": -0.46269340659628444, ""lo"": -0.46997582070031146, ""hi"": -0.4555881153024492, ""intersects"": true}, {""generator"": ""BP"", ""p_c"": 50, ""slope"": -0.39263053619822913, ""lo"": -0.40009686121742893, ""hi"": -0.3850923790781503, ""intersects"": true}, {""generator"": ""BP"", ""p_c"": 200, ""slope"": -0.3956786453174106, ""lo"": -0.40234794273824365, ""hi"": -0.3888287183068256, ""intersects"": true}, {""generator"": ""BP"", ""p_c"": 800, ""slope"": -0.3904151304230434, ""lo"": -0.3963248349564689, ""hi"": -0.3845194345684493, ""intersects"": true}, {""generator"": ""BKL"", ""p_c"": 50, ""slope"": -0.2716605165364226, ""lo"": -0.2782109477822056, ""hi"": -0.264790285226348, ""intersects"": false}, {""generator"": ""BKL"", ""p_c"": 200, ""slope"": -0.22858791151984645, ""lo"": -0.23406550695731218, ""hi"": -0.22319437726683475, ""intersects"": false}, {""generator"": ""BKL"", ""p_c"": 800, ""slope"": -0.18599097556953456, ""lo"": -0.19090654823264008, ""hi"": -0.1810761635318152, ""intersects"": false}], ""ratios"": [{""generator"": ""SQ"", ""ratio"": 1.1669286866466106, ""lo"": 1.1555528846250227, ""hi"": 1.1785271747931854, ""below_limit"": true}, {""generator"": ""UKL"", ""ratio"": 1.1783067953267283, ""lo"": 1.1647303012157761, ""hi"": 1.1924567982824075, ""below_limit"": true}, {""generator"": ""BP"", ""ratio"": 1.1621284425783103, ""lo"": 1.1513730346281459, ""hi"": 1.1731592855942279, ""below_limit"": true}, {""generator"": ""BKL"", ""ratio"": 1.1524930865497358, ""lo"": 1.1404872046601389, ""hi"": 1.1642952261699173, ""below_limit"": true}], ""verdict"": ""negative"", ""failed"": [""slope|SQ|p_c=800"", ""slope|BKL|p_c=50"", ""slope|BKL|p_c=200"", ""slope|BKL|p_c=800""], ""incomplete"": []}","{""failures"": {""SQ|SN"": [0, 3000], ""SQ|TH"": [0, 3000], ""SQ|LTH"": [0, 3000], ""UKL|SN"": [0, 3000], ""UKL|TH"": [0, 3000], ""UKL|LTH"": [0, 3000], ""BP|SN"": [0, 3000], ""BP|TH"": [0, 3000], ""BP|LTH"": [0, 3000], ""BKL|SN"": [0, 3000], ""BKL|TH"": [0, 3000], ""BKL|LTH"": [0, 3000]}, ""pvalues"": {""SQ|SN"": 1.0, ""SQ|TH"": 1.0, ""SQ|LTH"": 1.0, ""UKL|SN"": 1.0, ""UKL|TH"": 1.0, ""UKL|LTH"": 1.0, ""BP|SN"": 1.0, ""BP|TH"": 1.0, ""BP|LTH"": 1.0, ""BKL|SN"": 1.0, ""BKL|TH"": 1.0, ""BKL|LTH"": 1.0}, ""rejected"": [], ""verdict"": ""H14-health: no departure from the prediction was detected"", ""bkl_zero_offset"": {""verdict"": ""pass"", ""expected"": 3000, ""replications"": 3000, ""infeasible_start"": 3000, ""mismatches"": [], ""missing"": []}}",[]
53,BKL,200,32000,SN,200,200,0.0,0.014867039231272054,"{""ok"": 200}",0.985,1.0,1.0,0.985,0.09268125444216416,968.3634071626079,0.2591762417262025,0.25954415935147723,0.28821105637142,2.0,0.0,197,0,0.00023763516285302665,0,"{""verdict"": ""no violation"", ""violations"": 0, ""checked"": 27448, ""violating_cells"": []}","{""slopes"": [{""generator"": ""SQ"", ""p_c"": 50, ""slope"": -0.37387744893943003, ""lo"": -0.38204560748021754, ""hi"": -0.3656656886490169, ""intersects"": true}, {""generator"": ""SQ"", ""p_c"": 200, ""slope"": -0.3630240734188334, ""lo"": -0.3700524449828918, ""hi"": -0.35598837640050307, ""intersects"": true}, {""generator"": ""SQ"", ""p_c"": 800, ""slope"": -0.3420416645418425, ""lo"": -0.3479978577657304, ""hi"": -0.3358800925209334, ""intersects"": false}, {""generator"": ""UKL"", ""p_c"": 50, ""slope"": -0.4568061703848367, ""lo"": -0.4652538888003753, ""hi"": -0.44842177415408196, ""intersects"": true}, {""generator"": ""UKL"", ""p_c"": 200, ""slope"": -0.4555670306078159, ""lo"": -0.46316886778399097, ""hi"": -0.447775703849196, ""intersects"": true}, {""generator"": ""UKL"", ""p_c"": 800, ""slope"": -0.46269340659628444, ""lo"": -0.46997582070031146, ""hi"": -0.4555881153024492, ""intersects"": true}, {""generator"": ""BP"", ""p_c"": 50, ""slope"": -0.39263053619822913, ""lo"": -0.40009686121742893, ""hi"": -0.3850923790781503, ""intersects"": true}, {""generator"": ""BP"", ""p_c"": 200, ""slope"": -0.3956786453174106, ""lo"": -0.40234794273824365, ""hi"": -0.3888287183068256, ""intersects"": true}, {""generator"": ""BP"", ""p_c"": 800, ""slope"": -0.3904151304230434, ""lo"": -0.3963248349564689, ""hi"": -0.3845194345684493, ""intersects"": true}, {""generator"": ""BKL"", ""p_c"": 50, ""slope"": -0.2716605165364226, ""lo"": -0.2782109477822056, ""hi"": -0.264790285226348, ""intersects"": false}, {""generator"": ""BKL"", ""p_c"": 200, ""slope"": -0.22858791151984645, ""lo"": -0.23406550695731218, ""hi"": -0.22319437726683475, ""intersects"": false}, {""generator"": ""BKL"", ""p_c"": 800, ""slope"": -0.18599097556953456, ""lo"": -0.19090654823264008, ""hi"": -0.1810761635318152, ""intersects"": false}], ""ratios"": [{""generator"": ""SQ"", ""ratio"": 1.1669286866466106, ""lo"": 1.1555528846250227, ""hi"": 1.1785271747931854, ""below_limit"": true}, {""generator"": ""UKL"", ""ratio"": 1.1783067953267283, ""lo"": 1.1647303012157761, ""hi"": 1.1924567982824075, ""below_limit"": true}, {""generator"": ""BP"", ""ratio"": 1.1621284425783103, ""lo"": 1.1513730346281459, ""hi"": 1.1731592855942279, ""below_limit"": true}, {""generator"": ""BKL"", ""ratio"": 1.1524930865497358, ""lo"": 1.1404872046601389, ""hi"": 1.1642952261699173, ""below_limit"": true}], ""verdict"": ""negative"", ""failed"": [""slope|SQ|p_c=800"", ""slope|BKL|p_c=50"", ""slope|BKL|p_c=200"", ""slope|BKL|p_c=800""], ""incomplete"": []}","{""failures"": {""SQ|SN"": [0, 3000], ""SQ|TH"": [0, 3000], ""SQ|LTH"": [0, 3000], ""UKL|SN"": [0, 3000], ""UKL|TH"": [0, 3000], ""UKL|LTH"": [0, 3000], ""BP|SN"": [0, 3000], ""BP|TH"": [0, 3000], ""BP|LTH"": [0, 3000], ""BKL|SN"": [0, 3000], ""BKL|TH"": [0, 3000], ""BKL|LTH"": [0, 3000]}, ""pvalues"": {""SQ|SN"": 1.0, ""SQ|TH"": 1.0, ""SQ|LTH"": 1.0, ""UKL|SN"": 1.0, ""UKL|TH"": 1.0, ""UKL|LTH"": 1.0, ""BP|SN"": 1.0, ""BP|TH"": 1.0, ""BP|LTH"": 1.0, ""BKL|SN"": 1.0, ""BKL|TH"": 1.0, ""BKL|LTH"": 1.0}, ""rejected"": [], ""verdict"": ""H14-health: no departure from the prediction was detected"", ""bkl_zero_offset"": {""verdict"": ""pass"", ""expected"": 3000, ""replications"": 3000, ""infeasible_start"": 3000, ""mismatches"": [], ""missing"": []}}",[]
53,BKL,200,32000,TH,200,200,0.0,0.014867039231272054,"{""ok"": 200}",1.0,1.0,1.0,1.0,1.8752982830750917,19593.716612651202,0.2898181179648142,0.28983564303551734,0.29058740119787485,0.0,0.0,200,0,1.1917139505247931e-05,0,"{""verdict"": ""no violation"", ""violations"": 0, ""checked"": 27448, ""violating_cells"": []}","{""slopes"": [{""generator"": ""SQ"", ""p_c"": 50, ""slope"": -0.37387744893943003, ""lo"": -0.38204560748021754, ""hi"": -0.3656656886490169, ""intersects"": true}, {""generator"": ""SQ"", ""p_c"": 200, ""slope"": -0.3630240734188334, ""lo"": -0.3700524449828918, ""hi"": -0.35598837640050307, ""intersects"": true}, {""generator"": ""SQ"", ""p_c"": 800, ""slope"": -0.3420416645418425, ""lo"": -0.3479978577657304, ""hi"": -0.3358800925209334, ""intersects"": false}, {""generator"": ""UKL"", ""p_c"": 50, ""slope"": -0.4568061703848367, ""lo"": -0.4652538888003753, ""hi"": -0.44842177415408196, ""intersects"": true}, {""generator"": ""UKL"", ""p_c"": 200, ""slope"": -0.4555670306078159, ""lo"": -0.46316886778399097, ""hi"": -0.447775703849196, ""intersects"": true}, {""generator"": ""UKL"", ""p_c"": 800, ""slope"": -0.46269340659628444, ""lo"": -0.46997582070031146, ""hi"": -0.4555881153024492, ""intersects"": true}, {""generator"": ""BP"", ""p_c"": 50, ""slope"": -0.39263053619822913, ""lo"": -0.40009686121742893, ""hi"": -0.3850923790781503, ""intersects"": true}, {""generator"": ""BP"", ""p_c"": 200, ""slope"": -0.3956786453174106, ""lo"": -0.40234794273824365, ""hi"": -0.3888287183068256, ""intersects"": true}, {""generator"": ""BP"", ""p_c"": 800, ""slope"": -0.3904151304230434, ""lo"": -0.3963248349564689, ""hi"": -0.3845194345684493, ""intersects"": true}, {""generator"": ""BKL"", ""p_c"": 50, ""slope"": -0.2716605165364226, ""lo"": -0.2782109477822056, ""hi"": -0.264790285226348, ""intersects"": false}, {""generator"": ""BKL"", ""p_c"": 200, ""slope"": -0.22858791151984645, ""lo"": -0.23406550695731218, ""hi"": -0.22319437726683475, ""intersects"": false}, {""generator"": ""BKL"", ""p_c"": 800, ""slope"": -0.18599097556953456, ""lo"": -0.19090654823264008, ""hi"": -0.1810761635318152, ""intersects"": false}], ""ratios"": [{""generator"": ""SQ"", ""ratio"": 1.1669286866466106, ""lo"": 1.1555528846250227, ""hi"": 1.1785271747931854, ""below_limit"": true}, {""generator"": ""UKL"", ""ratio"": 1.1783067953267283, ""lo"": 1.1647303012157761, ""hi"": 1.1924567982824075, ""below_limit"": true}, {""generator"": ""BP"", ""ratio"": 1.1621284425783103, ""lo"": 1.1513730346281459, ""hi"": 1.1731592855942279, ""below_limit"": true}, {""generator"": ""BKL"", ""ratio"": 1.1524930865497358, ""lo"": 1.1404872046601389, ""hi"": 1.1642952261699173, ""below_limit"": true}], ""verdict"": ""negative"", ""failed"": [""slope|SQ|p_c=800"", ""slope|BKL|p_c=50"", ""slope|BKL|p_c=200"", ""slope|BKL|p_c=800""], ""incomplete"": []}","{""failures"": {""SQ|SN"": [0, 3000], ""SQ|TH"": [0, 3000], ""SQ|LTH"": [0, 3000], ""UKL|SN"": [0, 3000], ""UKL|TH"": [0, 3000], ""UKL|LTH"": [0, 3000], ""BP|SN"": [0, 3000], ""BP|TH"": [0, 3000], ""BP|LTH"": [0, 3000], ""BKL|SN"": [0, 3000], ""BKL|TH"": [0, 3000], ""BKL|LTH"": [0, 3000]}, ""pvalues"": {""SQ|SN"": 1.0, ""SQ|TH"": 1.0, ""SQ|LTH"": 1.0, ""UKL|SN"": 1.0, ""UKL|TH"": 1.0, ""UKL|LTH"": 1.0, ""BP|SN"": 1.0, ""BP|TH"": 1.0, ""BP|LTH"": 1.0, ""BKL|SN"": 1.0, ""BKL|TH"": 1.0, ""BKL|LTH"": 1.0}, ""rejected"": [], ""verdict"": ""H14-health: no departure from the prediction was detected"", ""bkl_zero_offset"": {""verdict"": ""pass"", ""expected"": 3000, ""replications"": 3000, ""infeasible_start"": 3000, ""mismatches"": [], ""missing"": []}}",[]
53,BKL,200,32000,LTH,200,200,0.0,0.014867039231272054,"{""ok"": 200}",0.99,1.0,1.0,0.99,0.09626102944768444,1005.7660420544823,0.26411668668615795,0.26460526926359257,0.29020214760067586,2.0,0.0,198,0,0.0002319224700656281,0,"{""verdict"": ""no violation"", ""violations"": 0, ""checked"": 27448, ""violating_cells"": []}","{""slopes"": [{""generator"": ""SQ"", ""p_c"": 50, ""slope"": -0.37387744893943003, ""lo"": -0.38204560748021754, ""hi"": -0.3656656886490169, ""intersects"": true}, {""generator"": ""SQ"", ""p_c"": 200, ""slope"": -0.3630240734188334, ""lo"": -0.3700524449828918, ""hi"": -0.35598837640050307, ""intersects"": true}, {""generator"": ""SQ"", ""p_c"": 800, ""slope"": -0.3420416645418425, ""lo"": -0.3479978577657304, ""hi"": -0.3358800925209334, ""intersects"": false}, {""generator"": ""UKL"", ""p_c"": 50, ""slope"": -0.4568061703848367, ""lo"": -0.4652538888003753, ""hi"": -0.44842177415408196, ""intersects"": true}, {""generator"": ""UKL"", ""p_c"": 200, ""slope"": -0.4555670306078159, ""lo"": -0.46316886778399097, ""hi"": -0.447775703849196, ""intersects"": true}, {""generator"": ""UKL"", ""p_c"": 800, ""slope"": -0.46269340659628444, ""lo"": -0.46997582070031146, ""hi"": -0.4555881153024492, ""intersects"": true}, {""generator"": ""BP"", ""p_c"": 50, ""slope"": -0.39263053619822913, ""lo"": -0.40009686121742893, ""hi"": -0.3850923790781503, ""intersects"": true}, {""generator"": ""BP"", ""p_c"": 200, ""slope"": -0.3956786453174106, ""lo"": -0.40234794273824365, ""hi"": -0.3888287183068256, ""intersects"": true}, {""generator"": ""BP"", ""p_c"": 800, ""slope"": -0.3904151304230434, ""lo"": -0.3963248349564689, ""hi"": -0.3845194345684493, ""intersects"": true}, {""generator"": ""BKL"", ""p_c"": 50, ""slope"": -0.2716605165364226, ""lo"": -0.2782109477822056, ""hi"": -0.264790285226348, ""intersects"": false}, {""generator"": ""BKL"", ""p_c"": 200, ""slope"": -0.22858791151984645, ""lo"": -0.23406550695731218, ""hi"": -0.22319437726683475, ""intersects"": false}, {""generator"": ""BKL"", ""p_c"": 800, ""slope"": -0.18599097556953456, ""lo"": -0.19090654823264008, ""hi"": -0.1810761635318152, ""intersects"": false}], ""ratios"": [{""generator"": ""SQ"", ""ratio"": 1.1669286866466106, ""lo"": 1.1555528846250227, ""hi"": 1.1785271747931854, ""below_limit"": true}, {""generator"": ""UKL"", ""ratio"": 1.1783067953267283, ""lo"": 1.1647303012157761, ""hi"": 1.1924567982824075, ""below_limit"": true}, {""generator"": ""BP"", ""ratio"": 1.1621284425783103, ""lo"": 1.1513730346281459, ""hi"": 1.1731592855942279, ""below_limit"": true}, {""generator"": ""BKL"", ""ratio"": 1.1524930865497358, ""lo"": 1.1404872046601389, ""hi"": 1.1642952261699173, ""below_limit"": true}], ""verdict"": ""negative"", ""failed"": [""slope|SQ|p_c=800"", ""slope|BKL|p_c=50"", ""slope|BKL|p_c=200"", ""slope|BKL|p_c=800""], ""incomplete"": []}","{""failures"": {""SQ|SN"": [0, 3000], ""SQ|TH"": [0, 3000], ""SQ|LTH"": [0, 3000], ""UKL|SN"": [0, 3000], ""UKL|TH"": [0, 3000], ""UKL|LTH"": [0, 3000], ""BP|SN"": [0, 3000], ""BP|TH"": [0, 3000], ""BP|LTH"": [0, 3000], ""BKL|SN"": [0, 3000], ""BKL|TH"": [0, 3000], ""BKL|LTH"": [0, 3000]}, ""pvalues"": {""SQ|SN"": 1.0, ""SQ|TH"": 1.0, ""SQ|LTH"": 1.0, ""UKL|SN"": 1.0, ""UKL|TH"": 1.0, ""UKL|LTH"": 1.0, ""BP|SN"": 1.0, ""BP|TH"": 1.0, ""BP|LTH"": 1.0, ""BKL|SN"": 1.0, ""BKL|TH"": 1.0, ""BKL|LTH"": 1.0}, ""rejected"": [], ""verdict"": ""H14-health: no departure from the prediction was detected"", ""bkl_zero_offset"": {""verdict"": ""pass"", ""expected"": 3000, ""replications"": 3000, ""infeasible_start"": 3000, ""mismatches"": [], ""missing"": []}}",[]
54,BKL,200,64000,SN,200,200,0.0,0.014867039231272054,"{""ok"": 200}",0.98,1.0,1.0,0.98,0.06552264064224103,684.6015186189154,0.20960951978442324,0.2097246335380638,0.24024656775990386,3.0,0.0,196,0,0.00024367263550082198,0,"{""verdict"": ""no violation"", ""violations"": 0, ""checked"": 27448, ""violating_cells"": []}","{""slopes"": [{""generator"": ""SQ"", ""p_c"": 50, ""slope"": -0.37387744893943003, ""lo"": -0.38204560748021754, ""hi"": -0.3656656886490169, ""intersects"": true}, {""generator"": ""SQ"", ""p_c"": 200, ""slope"": -0.3630240734188334, ""lo"": -0.3700524449828918, ""hi"": -0.35598837640050307, ""intersects"": true}, {""generator"": ""SQ"", ""p_c"": 800, ""slope"": -0.3420416645418425, ""lo"": -0.3479978577657304, ""hi"": -0.3358800925209334, ""intersects"": false}, {""generator"": ""UKL"", ""p_c"": 50, ""slope"": -0.4568061703848367, ""lo"": -0.4652538888003753, ""hi"": -0.44842177415408196, ""intersects"": true}, {""generator"": ""UKL"", ""p_c"": 200, ""slope"": -0.4555670306078159, ""lo"": -0.46316886778399097, ""hi"": -0.447775703849196, ""intersects"": true}, {""generator"": ""UKL"", ""p_c"": 800, ""slope"": -0.46269340659628444, ""lo"": -0.46997582070031146, ""hi"": -0.4555881153024492, ""intersects"": true}, {""generator"": ""BP"", ""p_c"": 50, ""slope"": -0.39263053619822913, ""lo"": -0.40009686121742893, ""hi"": -0.3850923790781503, ""intersects"": true}, {""generator"": ""BP"", ""p_c"": 200, ""slope"": -0.3956786453174106, ""lo"": -0.40234794273824365, ""hi"": -0.3888287183068256, ""intersects"": true}, {""generator"": ""BP"", ""p_c"": 800, ""slope"": -0.3904151304230434, ""lo"": -0.3963248349564689, ""hi"": -0.3845194345684493, ""intersects"": true}, {""generator"": ""BKL"", ""p_c"": 50, ""slope"": -0.2716605165364226, ""lo"": -0.2782109477822056, ""hi"": -0.264790285226348, ""intersects"": false}, {""generator"": ""BKL"", ""p_c"": 200, ""slope"": -0.22858791151984645, ""lo"": -0.23406550695731218, ""hi"": -0.22319437726683475, ""intersects"": false}, {""generator"": ""BKL"", ""p_c"": 800, ""slope"": -0.18599097556953456, ""lo"": -0.19090654823264008, ""hi"": -0.1810761635318152, ""intersects"": false}], ""ratios"": [{""generator"": ""SQ"", ""ratio"": 1.1669286866466106, ""lo"": 1.1555528846250227, ""hi"": 1.1785271747931854, ""below_limit"": true}, {""generator"": ""UKL"", ""ratio"": 1.1783067953267283, ""lo"": 1.1647303012157761, ""hi"": 1.1924567982824075, ""below_limit"": true}, {""generator"": ""BP"", ""ratio"": 1.1621284425783103, ""lo"": 1.1513730346281459, ""hi"": 1.1731592855942279, ""below_limit"": true}, {""generator"": ""BKL"", ""ratio"": 1.1524930865497358, ""lo"": 1.1404872046601389, ""hi"": 1.1642952261699173, ""below_limit"": true}], ""verdict"": ""negative"", ""failed"": [""slope|SQ|p_c=800"", ""slope|BKL|p_c=50"", ""slope|BKL|p_c=200"", ""slope|BKL|p_c=800""], ""incomplete"": []}","{""failures"": {""SQ|SN"": [0, 3000], ""SQ|TH"": [0, 3000], ""SQ|LTH"": [0, 3000], ""UKL|SN"": [0, 3000], ""UKL|TH"": [0, 3000], ""UKL|LTH"": [0, 3000], ""BP|SN"": [0, 3000], ""BP|TH"": [0, 3000], ""BP|LTH"": [0, 3000], ""BKL|SN"": [0, 3000], ""BKL|TH"": [0, 3000], ""BKL|LTH"": [0, 3000]}, ""pvalues"": {""SQ|SN"": 1.0, ""SQ|TH"": 1.0, ""SQ|LTH"": 1.0, ""UKL|SN"": 1.0, ""UKL|TH"": 1.0, ""UKL|LTH"": 1.0, ""BP|SN"": 1.0, ""BP|TH"": 1.0, ""BP|LTH"": 1.0, ""BKL|SN"": 1.0, ""BKL|TH"": 1.0, ""BKL|LTH"": 1.0}, ""rejected"": [], ""verdict"": ""H14-health: no departure from the prediction was detected"", ""bkl_zero_offset"": {""verdict"": ""pass"", ""expected"": 3000, ""replications"": 3000, ""infeasible_start"": 3000, ""mismatches"": [], ""missing"": []}}",[]
54,BKL,200,64000,TH,200,200,0.0,0.014867039231272054,"{""ok"": 200}",1.0,1.0,1.0,1.0,1.326036132709887,13854.849885453172,0.2898181179648142,0.28983564303551734,0.29058740119787485,0.0,0.0,200,0,1.6853380313013825e-05,0,"{""verdict"": ""no violation"", ""violations"": 0, ""checked"": 27448, ""violating_cells"": []}","{""slopes"": [{""generator"": ""SQ"", ""p_c"": 50, ""slope"": -0.37387744893943003, ""lo"": -0.38204560748021754, ""hi"": -0.3656656886490169, ""intersects"": true}, {""generator"": ""SQ"", ""p_c"": 200, ""slope"": -0.3630240734188334, ""lo"": -0.3700524449828918, ""hi"": -0.35598837640050307, ""intersects"": true}, {""generator"": ""SQ"", ""p_c"": 800, ""slope"": -0.3420416645418425, ""lo"": -0.3479978577657304, ""hi"": -0.3358800925209334, ""intersects"": false}, {""generator"": ""UKL"", ""p_c"": 50, ""slope"": -0.4568061703848367, ""lo"": -0.4652538888003753, ""hi"": -0.44842177415408196, ""intersects"": true}, {""generator"": ""UKL"", ""p_c"": 200, ""slope"": -0.4555670306078159, ""lo"": -0.46316886778399097, ""hi"": -0.447775703849196, ""intersects"": true}, {""generator"": ""UKL"", ""p_c"": 800, ""slope"": -0.46269340659628444, ""lo"": -0.46997582070031146, ""hi"": -0.4555881153024492, ""intersects"": true}, {""generator"": ""BP"", ""p_c"": 50, ""slope"": -0.39263053619822913, ""lo"": -0.40009686121742893, ""hi"": -0.3850923790781503, ""intersects"": true}, {""generator"": ""BP"", ""p_c"": 200, ""slope"": -0.3956786453174106, ""lo"": -0.40234794273824365, ""hi"": -0.3888287183068256, ""intersects"": true}, {""generator"": ""BP"", ""p_c"": 800, ""slope"": -0.3904151304230434, ""lo"": -0.3963248349564689, ""hi"": -0.3845194345684493, ""intersects"": true}, {""generator"": ""BKL"", ""p_c"": 50, ""slope"": -0.2716605165364226, ""lo"": -0.2782109477822056, ""hi"": -0.264790285226348, ""intersects"": false}, {""generator"": ""BKL"", ""p_c"": 200, ""slope"": -0.22858791151984645, ""lo"": -0.23406550695731218, ""hi"": -0.22319437726683475, ""intersects"": false}, {""generator"": ""BKL"", ""p_c"": 800, ""slope"": -0.18599097556953456, ""lo"": -0.19090654823264008, ""hi"": -0.1810761635318152, ""intersects"": false}], ""ratios"": [{""generator"": ""SQ"", ""ratio"": 1.1669286866466106, ""lo"": 1.1555528846250227, ""hi"": 1.1785271747931854, ""below_limit"": true}, {""generator"": ""UKL"", ""ratio"": 1.1783067953267283, ""lo"": 1.1647303012157761, ""hi"": 1.1924567982824075, ""below_limit"": true}, {""generator"": ""BP"", ""ratio"": 1.1621284425783103, ""lo"": 1.1513730346281459, ""hi"": 1.1731592855942279, ""below_limit"": true}, {""generator"": ""BKL"", ""ratio"": 1.1524930865497358, ""lo"": 1.1404872046601389, ""hi"": 1.1642952261699173, ""below_limit"": true}], ""verdict"": ""negative"", ""failed"": [""slope|SQ|p_c=800"", ""slope|BKL|p_c=50"", ""slope|BKL|p_c=200"", ""slope|BKL|p_c=800""], ""incomplete"": []}","{""failures"": {""SQ|SN"": [0, 3000], ""SQ|TH"": [0, 3000], ""SQ|LTH"": [0, 3000], ""UKL|SN"": [0, 3000], ""UKL|TH"": [0, 3000], ""UKL|LTH"": [0, 3000], ""BP|SN"": [0, 3000], ""BP|TH"": [0, 3000], ""BP|LTH"": [0, 3000], ""BKL|SN"": [0, 3000], ""BKL|TH"": [0, 3000], ""BKL|LTH"": [0, 3000]}, ""pvalues"": {""SQ|SN"": 1.0, ""SQ|TH"": 1.0, ""SQ|LTH"": 1.0, ""UKL|SN"": 1.0, ""UKL|TH"": 1.0, ""UKL|LTH"": 1.0, ""BP|SN"": 1.0, ""BP|TH"": 1.0, ""BP|LTH"": 1.0, ""BKL|SN"": 1.0, ""BKL|TH"": 1.0, ""BKL|LTH"": 1.0}, ""rejected"": [], ""verdict"": ""H14-health: no departure from the prediction was detected"", ""bkl_zero_offset"": {""verdict"": ""pass"", ""expected"": 3000, ""replications"": 3000, ""infeasible_start"": 3000, ""mismatches"": [], ""missing"": []}}",[]
54,BKL,200,64000,LTH,200,200,0.0,0.014867039231272054,"{""ok"": 200}",0.98,1.0,1.0,0.98,0.0680099023842401,710.5892252968656,0.21525465454483828,0.21534025530361128,0.24539822293132374,3.0,0.0,196,0,0.0002460587807710188,0,"{""verdict"": ""no violation"", ""violations"": 0, ""checked"": 27448, ""violating_cells"": []}","{""slopes"": [{""generator"": ""SQ"", ""p_c"": 50, ""slope"": -0.37387744893943003, ""lo"": -0.38204560748021754, ""hi"": -0.3656656886490169, ""intersects"": true}, {""generator"": ""SQ"", ""p_c"": 200, ""slope"": -0.3630240734188334, ""lo"": -0.3700524449828918, ""hi"": -0.35598837640050307, ""intersects"": true}, {""generator"": ""SQ"", ""p_c"": 800, ""slope"": -0.3420416645418425, ""lo"": -0.3479978577657304, ""hi"": -0.3358800925209334, ""intersects"": false}, {""generator"": ""UKL"", ""p_c"": 50, ""slope"": -0.4568061703848367, ""lo"": -0.4652538888003753, ""hi"": -0.44842177415408196, ""intersects"": true}, {""generator"": ""UKL"", ""p_c"": 200, ""slope"": -0.4555670306078159, ""lo"": -0.46316886778399097, ""hi"": -0.447775703849196, ""intersects"": true}, {""generator"": ""UKL"", ""p_c"": 800, ""slope"": -0.46269340659628444, ""lo"": -0.46997582070031146, ""hi"": -0.4555881153024492, ""intersects"": true}, {""generator"": ""BP"", ""p_c"": 50, ""slope"": -0.39263053619822913, ""lo"": -0.40009686121742893, ""hi"": -0.3850923790781503, ""intersects"": true}, {""generator"": ""BP"", ""p_c"": 200, ""slope"": -0.3956786453174106, ""lo"": -0.40234794273824365, ""hi"": -0.3888287183068256, ""intersects"": true}, {""generator"": ""BP"", ""p_c"": 800, ""slope"": -0.3904151304230434, ""lo"": -0.3963248349564689, ""hi"": -0.3845194345684493, ""intersects"": true}, {""generator"": ""BKL"", ""p_c"": 50, ""slope"": -0.2716605165364226, ""lo"": -0.2782109477822056, ""hi"": -0.264790285226348, ""intersects"": false}, {""generator"": ""BKL"", ""p_c"": 200, ""slope"": -0.22858791151984645, ""lo"": -0.23406550695731218, ""hi"": -0.22319437726683475, ""intersects"": false}, {""generator"": ""BKL"", ""p_c"": 800, ""slope"": -0.18599097556953456, ""lo"": -0.19090654823264008, ""hi"": -0.1810761635318152, ""intersects"": false}], ""ratios"": [{""generator"": ""SQ"", ""ratio"": 1.1669286866466106, ""lo"": 1.1555528846250227, ""hi"": 1.1785271747931854, ""below_limit"": true}, {""generator"": ""UKL"", ""ratio"": 1.1783067953267283, ""lo"": 1.1647303012157761, ""hi"": 1.1924567982824075, ""below_limit"": true}, {""generator"": ""BP"", ""ratio"": 1.1621284425783103, ""lo"": 1.1513730346281459, ""hi"": 1.1731592855942279, ""below_limit"": true}, {""generator"": ""BKL"", ""ratio"": 1.1524930865497358, ""lo"": 1.1404872046601389, ""hi"": 1.1642952261699173, ""below_limit"": true}], ""verdict"": ""negative"", ""failed"": [""slope|SQ|p_c=800"", ""slope|BKL|p_c=50"", ""slope|BKL|p_c=200"", ""slope|BKL|p_c=800""], ""incomplete"": []}","{""failures"": {""SQ|SN"": [0, 3000], ""SQ|TH"": [0, 3000], ""SQ|LTH"": [0, 3000], ""UKL|SN"": [0, 3000], ""UKL|TH"": [0, 3000], ""UKL|LTH"": [0, 3000], ""BP|SN"": [0, 3000], ""BP|TH"": [0, 3000], ""BP|LTH"": [0, 3000], ""BKL|SN"": [0, 3000], ""BKL|TH"": [0, 3000], ""BKL|LTH"": [0, 3000]}, ""pvalues"": {""SQ|SN"": 1.0, ""SQ|TH"": 1.0, ""SQ|LTH"": 1.0, ""UKL|SN"": 1.0, ""UKL|TH"": 1.0, ""UKL|LTH"": 1.0, ""BP|SN"": 1.0, ""BP|TH"": 1.0, ""BP|LTH"": 1.0, ""BKL|SN"": 1.0, ""BKL|TH"": 1.0, ""BKL|LTH"": 1.0}, ""rejected"": [], ""verdict"": ""H14-health: no departure from the prediction was detected"", ""bkl_zero_offset"": {""verdict"": ""pass"", ""expected"": 3000, ""replications"": 3000, ""infeasible_start"": 3000, ""mismatches"": [], ""missing"": []}}",[]
55,BKL,800,4000,SN,200,200,0.0,0.014867039231272054,"{""ok"": 200}",1.0,0.0,0.0,0.0,0.29068575655301365,3037.177812531383,0.2898181179648142,0.28983564303551734,0.29058740119787485,0.0,0.0,0,0,,0,"{""verdict"": ""no violation"", ""violations"": 0, ""checked"": 27448, ""violating_cells"": []}","{""slopes"": [{""generator"": ""SQ"", ""p_c"": 50, ""slope"": -0.37387744893943003, ""lo"": -0.38204560748021754, ""hi"": -0.3656656886490169, ""intersects"": true}, {""generator"": ""SQ"", ""p_c"": 200, ""slope"": -0.3630240734188334, ""lo"": -0.3700524449828918, ""hi"": -0.35598837640050307, ""intersects"": true}, {""generator"": ""SQ"", ""p_c"": 800, ""slope"": -0.3420416645418425, ""lo"": -0.3479978577657304, ""hi"": -0.3358800925209334, ""intersects"": false}, {""generator"": ""UKL"", ""p_c"": 50, ""slope"": -0.4568061703848367, ""lo"": -0.4652538888003753, ""hi"": -0.44842177415408196, ""intersects"": true}, {""generator"": ""UKL"", ""p_c"": 200, ""slope"": -0.4555670306078159, ""lo"": -0.46316886778399097, ""hi"": -0.447775703849196, ""intersects"": true}, {""generator"": ""UKL"", ""p_c"": 800, ""slope"": -0.46269340659628444, ""lo"": -0.46997582070031146, ""hi"": -0.4555881153024492, ""intersects"": true}, {""generator"": ""BP"", ""p_c"": 50, ""slope"": -0.39263053619822913, ""lo"": -0.40009686121742893, ""hi"": -0.3850923790781503, ""intersects"": true}, {""generator"": ""BP"", ""p_c"": 200, ""slope"": -0.3956786453174106, ""lo"": -0.40234794273824365, ""hi"": -0.3888287183068256, ""intersects"": true}, {""generator"": ""BP"", ""p_c"": 800, ""slope"": -0.3904151304230434, ""lo"": -0.3963248349564689, ""hi"": -0.3845194345684493, ""intersects"": true}, {""generator"": ""BKL"", ""p_c"": 50, ""slope"": -0.2716605165364226, ""lo"": -0.2782109477822056, ""hi"": -0.264790285226348, ""intersects"": false}, {""generator"": ""BKL"", ""p_c"": 200, ""slope"": -0.22858791151984645, ""lo"": -0.23406550695731218, ""hi"": -0.22319437726683475, ""intersects"": false}, {""generator"": ""BKL"", ""p_c"": 800, ""slope"": -0.18599097556953456, ""lo"": -0.19090654823264008, ""hi"": -0.1810761635318152, ""intersects"": false}], ""ratios"": [{""generator"": ""SQ"", ""ratio"": 1.1669286866466106, ""lo"": 1.1555528846250227, ""hi"": 1.1785271747931854, ""below_limit"": true}, {""generator"": ""UKL"", ""ratio"": 1.1783067953267283, ""lo"": 1.1647303012157761, ""hi"": 1.1924567982824075, ""below_limit"": true}, {""generator"": ""BP"", ""ratio"": 1.1621284425783103, ""lo"": 1.1513730346281459, ""hi"": 1.1731592855942279, ""below_limit"": true}, {""generator"": ""BKL"", ""ratio"": 1.1524930865497358, ""lo"": 1.1404872046601389, ""hi"": 1.1642952261699173, ""below_limit"": true}], ""verdict"": ""negative"", ""failed"": [""slope|SQ|p_c=800"", ""slope|BKL|p_c=50"", ""slope|BKL|p_c=200"", ""slope|BKL|p_c=800""], ""incomplete"": []}","{""failures"": {""SQ|SN"": [0, 3000], ""SQ|TH"": [0, 3000], ""SQ|LTH"": [0, 3000], ""UKL|SN"": [0, 3000], ""UKL|TH"": [0, 3000], ""UKL|LTH"": [0, 3000], ""BP|SN"": [0, 3000], ""BP|TH"": [0, 3000], ""BP|LTH"": [0, 3000], ""BKL|SN"": [0, 3000], ""BKL|TH"": [0, 3000], ""BKL|LTH"": [0, 3000]}, ""pvalues"": {""SQ|SN"": 1.0, ""SQ|TH"": 1.0, ""SQ|LTH"": 1.0, ""UKL|SN"": 1.0, ""UKL|TH"": 1.0, ""UKL|LTH"": 1.0, ""BP|SN"": 1.0, ""BP|TH"": 1.0, ""BP|LTH"": 1.0, ""BKL|SN"": 1.0, ""BKL|TH"": 1.0, ""BKL|LTH"": 1.0}, ""rejected"": [], ""verdict"": ""H14-health: no departure from the prediction was detected"", ""bkl_zero_offset"": {""verdict"": ""pass"", ""expected"": 3000, ""replications"": 3000, ""infeasible_start"": 3000, ""mismatches"": [], ""missing"": []}}",[]
55,BKL,800,4000,TH,200,200,0.0,0.014867039231272054,"{""ok"": 200}",1.0,0.0,0.0,0.0,5.696100843343655,59514.68453250326,0.2898181179648142,0.28983564303551734,0.29058740119787485,0.0,0.0,0,0,,0,"{""verdict"": ""no violation"", ""violations"": 0, ""checked"": 27448, ""violating_cells"": []}","{""slopes"": [{""generator"": ""SQ"", ""p_c"": 50, ""slope"": -0.37387744893943003, ""lo"": -0.38204560748021754, ""hi"": -0.3656656886490169, ""intersects"": true}, {""generator"": ""SQ"", ""p_c"": 200, ""slope"": -0.3630240734188334, ""lo"": -0.3700524449828918, ""hi"": -0.35598837640050307, ""intersects"": true}, {""generator"": ""SQ"", ""p_c"": 800, ""slope"": -0.3420416645418425, ""lo"": -0.3479978577657304, ""hi"": -0.3358800925209334, ""intersects"": false}, {""generator"": ""UKL"", ""p_c"": 50, ""slope"": -0.4568061703848367, ""lo"": -0.4652538888003753, ""hi"": -0.44842177415408196, ""intersects"": true}, {""generator"": ""UKL"", ""p_c"": 200, ""slope"": -0.4555670306078159, ""lo"": -0.46316886778399097, ""hi"": -0.447775703849196, ""intersects"": true}, {""generator"": ""UKL"", ""p_c"": 800, ""slope"": -0.46269340659628444, ""lo"": -0.46997582070031146, ""hi"": -0.4555881153024492, ""intersects"": true}, {""generator"": ""BP"", ""p_c"": 50, ""slope"": -0.39263053619822913, ""lo"": -0.40009686121742893, ""hi"": -0.3850923790781503, ""intersects"": true}, {""generator"": ""BP"", ""p_c"": 200, ""slope"": -0.3956786453174106, ""lo"": -0.40234794273824365, ""hi"": -0.3888287183068256, ""intersects"": true}, {""generator"": ""BP"", ""p_c"": 800, ""slope"": -0.3904151304230434, ""lo"": -0.3963248349564689, ""hi"": -0.3845194345684493, ""intersects"": true}, {""generator"": ""BKL"", ""p_c"": 50, ""slope"": -0.2716605165364226, ""lo"": -0.2782109477822056, ""hi"": -0.264790285226348, ""intersects"": false}, {""generator"": ""BKL"", ""p_c"": 200, ""slope"": -0.22858791151984645, ""lo"": -0.23406550695731218, ""hi"": -0.22319437726683475, ""intersects"": false}, {""generator"": ""BKL"", ""p_c"": 800, ""slope"": -0.18599097556953456, ""lo"": -0.19090654823264008, ""hi"": -0.1810761635318152, ""intersects"": false}], ""ratios"": [{""generator"": ""SQ"", ""ratio"": 1.1669286866466106, ""lo"": 1.1555528846250227, ""hi"": 1.1785271747931854, ""below_limit"": true}, {""generator"": ""UKL"", ""ratio"": 1.1783067953267283, ""lo"": 1.1647303012157761, ""hi"": 1.1924567982824075, ""below_limit"": true}, {""generator"": ""BP"", ""ratio"": 1.1621284425783103, ""lo"": 1.1513730346281459, ""hi"": 1.1731592855942279, ""below_limit"": true}, {""generator"": ""BKL"", ""ratio"": 1.1524930865497358, ""lo"": 1.1404872046601389, ""hi"": 1.1642952261699173, ""below_limit"": true}], ""verdict"": ""negative"", ""failed"": [""slope|SQ|p_c=800"", ""slope|BKL|p_c=50"", ""slope|BKL|p_c=200"", ""slope|BKL|p_c=800""], ""incomplete"": []}","{""failures"": {""SQ|SN"": [0, 3000], ""SQ|TH"": [0, 3000], ""SQ|LTH"": [0, 3000], ""UKL|SN"": [0, 3000], ""UKL|TH"": [0, 3000], ""UKL|LTH"": [0, 3000], ""BP|SN"": [0, 3000], ""BP|TH"": [0, 3000], ""BP|LTH"": [0, 3000], ""BKL|SN"": [0, 3000], ""BKL|TH"": [0, 3000], ""BKL|LTH"": [0, 3000]}, ""pvalues"": {""SQ|SN"": 1.0, ""SQ|TH"": 1.0, ""SQ|LTH"": 1.0, ""UKL|SN"": 1.0, ""UKL|TH"": 1.0, ""UKL|LTH"": 1.0, ""BP|SN"": 1.0, ""BP|TH"": 1.0, ""BP|LTH"": 1.0, ""BKL|SN"": 1.0, ""BKL|TH"": 1.0, ""BKL|LTH"": 1.0}, ""rejected"": [], ""verdict"": ""H14-health: no departure from the prediction was detected"", ""bkl_zero_offset"": {""verdict"": ""pass"", ""expected"": 3000, ""replications"": 3000, ""infeasible_start"": 3000, ""mismatches"": [], ""missing"": []}}",[]
55,BKL,800,4000,LTH,200,200,0.0,0.014867039231272054,"{""ok"": 200}",1.0,0.0,0.0,0.0,0.29705702320693805,3103.7468455259227,0.2898181179648142,0.28983564303551734,0.29058740119787485,0.0,0.0,0,0,,0,"{""verdict"": ""no violation"", ""violations"": 0, ""checked"": 27448, ""violating_cells"": []}","{""slopes"": [{""generator"": ""SQ"", ""p_c"": 50, ""slope"": -0.37387744893943003, ""lo"": -0.38204560748021754, ""hi"": -0.3656656886490169, ""intersects"": true}, {""generator"": ""SQ"", ""p_c"": 200, ""slope"": -0.3630240734188334, ""lo"": -0.3700524449828918, ""hi"": -0.35598837640050307, ""intersects"": true}, {""generator"": ""SQ"", ""p_c"": 800, ""slope"": -0.3420416645418425, ""lo"": -0.3479978577657304, ""hi"": -0.3358800925209334, ""intersects"": false}, {""generator"": ""UKL"", ""p_c"": 50, ""slope"": -0.4568061703848367, ""lo"": -0.4652538888003753, ""hi"": -0.44842177415408196, ""intersects"": true}, {""generator"": ""UKL"", ""p_c"": 200, ""slope"": -0.4555670306078159, ""lo"": -0.46316886778399097, ""hi"": -0.447775703849196, ""intersects"": true}, {""generator"": ""UKL"", ""p_c"": 800, ""slope"": -0.46269340659628444, ""lo"": -0.46997582070031146, ""hi"": -0.4555881153024492, ""intersects"": true}, {""generator"": ""BP"", ""p_c"": 50, ""slope"": -0.39263053619822913, ""lo"": -0.40009686121742893, ""hi"": -0.3850923790781503, ""intersects"": true}, {""generator"": ""BP"", ""p_c"": 200, ""slope"": -0.3956786453174106, ""lo"": -0.40234794273824365, ""hi"": -0.3888287183068256, ""intersects"": true}, {""generator"": ""BP"", ""p_c"": 800, ""slope"": -0.3904151304230434, ""lo"": -0.3963248349564689, ""hi"": -0.3845194345684493, ""intersects"": true}, {""generator"": ""BKL"", ""p_c"": 50, ""slope"": -0.2716605165364226, ""lo"": -0.2782109477822056, ""hi"": -0.264790285226348, ""intersects"": false}, {""generator"": ""BKL"", ""p_c"": 200, ""slope"": -0.22858791151984645, ""lo"": -0.23406550695731218, ""hi"": -0.22319437726683475, ""intersects"": false}, {""generator"": ""BKL"", ""p_c"": 800, ""slope"": -0.18599097556953456, ""lo"": -0.19090654823264008, ""hi"": -0.1810761635318152, ""intersects"": false}], ""ratios"": [{""generator"": ""SQ"", ""ratio"": 1.1669286866466106, ""lo"": 1.1555528846250227, ""hi"": 1.1785271747931854, ""below_limit"": true}, {""generator"": ""UKL"", ""ratio"": 1.1783067953267283, ""lo"": 1.1647303012157761, ""hi"": 1.1924567982824075, ""below_limit"": true}, {""generator"": ""BP"", ""ratio"": 1.1621284425783103, ""lo"": 1.1513730346281459, ""hi"": 1.1731592855942279, ""below_limit"": true}, {""generator"": ""BKL"", ""ratio"": 1.1524930865497358, ""lo"": 1.1404872046601389, ""hi"": 1.1642952261699173, ""below_limit"": true}], ""verdict"": ""negative"", ""failed"": [""slope|SQ|p_c=800"", ""slope|BKL|p_c=50"", ""slope|BKL|p_c=200"", ""slope|BKL|p_c=800""], ""incomplete"": []}","{""failures"": {""SQ|SN"": [0, 3000], ""SQ|TH"": [0, 3000], ""SQ|LTH"": [0, 3000], ""UKL|SN"": [0, 3000], ""UKL|TH"": [0, 3000], ""UKL|LTH"": [0, 3000], ""BP|SN"": [0, 3000], ""BP|TH"": [0, 3000], ""BP|LTH"": [0, 3000], ""BKL|SN"": [0, 3000], ""BKL|TH"": [0, 3000], ""BKL|LTH"": [0, 3000]}, ""pvalues"": {""SQ|SN"": 1.0, ""SQ|TH"": 1.0, ""SQ|LTH"": 1.0, ""UKL|SN"": 1.0, ""UKL|TH"": 1.0, ""UKL|LTH"": 1.0, ""BP|SN"": 1.0, ""BP|TH"": 1.0, ""BP|LTH"": 1.0, ""BKL|SN"": 1.0, ""BKL|TH"": 1.0, ""BKL|LTH"": 1.0}, ""rejected"": [], ""verdict"": ""H14-health: no departure from the prediction was detected"", ""bkl_zero_offset"": {""verdict"": ""pass"", ""expected"": 3000, ""replications"": 3000, ""infeasible_start"": 3000, ""mismatches"": [], ""missing"": []}}",[]
56,BKL,800,8000,SN,200,200,0.0,0.014867039231272054,"{""ok"": 200}",0.995,0.0,0.0,0.0,0.2041301254463514,2132.8168783592873,0.2898181179648142,0.28983564303551734,0.29058740119787485,0.0,0.0,0,0,,0,"{""verdict"": ""no violation"", ""violations"": 0, ""checked"": 27448, ""violating_cells"": []}","{""slopes"": [{""generator"": ""SQ"", ""p_c"": 50, ""slope"": -0.37387744893943003, ""lo"": -0.38204560748021754, ""hi"": -0.3656656886490169, ""intersects"": true}, {""generator"": ""SQ"", ""p_c"": 200, ""slope"": -0.3630240734188334, ""lo"": -0.3700524449828918, ""hi"": -0.35598837640050307, ""intersects"": true}, {""generator"": ""SQ"", ""p_c"": 800, ""slope"": -0.3420416645418425, ""lo"": -0.3479978577657304, ""hi"": -0.3358800925209334, ""intersects"": false}, {""generator"": ""UKL"", ""p_c"": 50, ""slope"": -0.4568061703848367, ""lo"": -0.4652538888003753, ""hi"": -0.44842177415408196, ""intersects"": true}, {""generator"": ""UKL"", ""p_c"": 200, ""slope"": -0.4555670306078159, ""lo"": -0.46316886778399097, ""hi"": -0.447775703849196, ""intersects"": true}, {""generator"": ""UKL"", ""p_c"": 800, ""slope"": -0.46269340659628444, ""lo"": -0.46997582070031146, ""hi"": -0.4555881153024492, ""intersects"": true}, {""generator"": ""BP"", ""p_c"": 50, ""slope"": -0.39263053619822913, ""lo"": -0.40009686121742893, ""hi"": -0.3850923790781503, ""intersects"": true}, {""generator"": ""BP"", ""p_c"": 200, ""slope"": -0.3956786453174106, ""lo"": -0.40234794273824365, ""hi"": -0.3888287183068256, ""intersects"": true}, {""generator"": ""BP"", ""p_c"": 800, ""slope"": -0.3904151304230434, ""lo"": -0.3963248349564689, ""hi"": -0.3845194345684493, ""intersects"": true}, {""generator"": ""BKL"", ""p_c"": 50, ""slope"": -0.2716605165364226, ""lo"": -0.2782109477822056, ""hi"": -0.264790285226348, ""intersects"": false}, {""generator"": ""BKL"", ""p_c"": 200, ""slope"": -0.22858791151984645, ""lo"": -0.23406550695731218, ""hi"": -0.22319437726683475, ""intersects"": false}, {""generator"": ""BKL"", ""p_c"": 800, ""slope"": -0.18599097556953456, ""lo"": -0.19090654823264008, ""hi"": -0.1810761635318152, ""intersects"": false}], ""ratios"": [{""generator"": ""SQ"", ""ratio"": 1.1669286866466106, ""lo"": 1.1555528846250227, ""hi"": 1.1785271747931854, ""below_limit"": true}, {""generator"": ""UKL"", ""ratio"": 1.1783067953267283, ""lo"": 1.1647303012157761, ""hi"": 1.1924567982824075, ""below_limit"": true}, {""generator"": ""BP"", ""ratio"": 1.1621284425783103, ""lo"": 1.1513730346281459, ""hi"": 1.1731592855942279, ""below_limit"": true}, {""generator"": ""BKL"", ""ratio"": 1.1524930865497358, ""lo"": 1.1404872046601389, ""hi"": 1.1642952261699173, ""below_limit"": true}], ""verdict"": ""negative"", ""failed"": [""slope|SQ|p_c=800"", ""slope|BKL|p_c=50"", ""slope|BKL|p_c=200"", ""slope|BKL|p_c=800""], ""incomplete"": []}","{""failures"": {""SQ|SN"": [0, 3000], ""SQ|TH"": [0, 3000], ""SQ|LTH"": [0, 3000], ""UKL|SN"": [0, 3000], ""UKL|TH"": [0, 3000], ""UKL|LTH"": [0, 3000], ""BP|SN"": [0, 3000], ""BP|TH"": [0, 3000], ""BP|LTH"": [0, 3000], ""BKL|SN"": [0, 3000], ""BKL|TH"": [0, 3000], ""BKL|LTH"": [0, 3000]}, ""pvalues"": {""SQ|SN"": 1.0, ""SQ|TH"": 1.0, ""SQ|LTH"": 1.0, ""UKL|SN"": 1.0, ""UKL|TH"": 1.0, ""UKL|LTH"": 1.0, ""BP|SN"": 1.0, ""BP|TH"": 1.0, ""BP|LTH"": 1.0, ""BKL|SN"": 1.0, ""BKL|TH"": 1.0, ""BKL|LTH"": 1.0}, ""rejected"": [], ""verdict"": ""H14-health: no departure from the prediction was detected"", ""bkl_zero_offset"": {""verdict"": ""pass"", ""expected"": 3000, ""replications"": 3000, ""infeasible_start"": 3000, ""mismatches"": [], ""missing"": []}}",[]
56,BKL,800,8000,TH,200,200,0.0,0.014867039231272054,"{""ok"": 200}",1.0,0.0,0.0,0.0,4.0277515326507105,42083.23701311118,0.2898181179648142,0.28983564303551734,0.29058740119787485,0.0,0.0,0,0,,0,"{""verdict"": ""no violation"", ""violations"": 0, ""checked"": 27448, ""violating_cells"": []}","{""slopes"": [{""generator"": ""SQ"", ""p_c"": 50, ""slope"": -0.37387744893943003, ""lo"": -0.38204560748021754, ""hi"": -0.3656656886490169, ""intersects"": true}, {""generator"": ""SQ"", ""p_c"": 200, ""slope"": -0.3630240734188334, ""lo"": -0.3700524449828918, ""hi"": -0.35598837640050307, ""intersects"": true}, {""generator"": ""SQ"", ""p_c"": 800, ""slope"": -0.3420416645418425, ""lo"": -0.3479978577657304, ""hi"": -0.3358800925209334, ""intersects"": false}, {""generator"": ""UKL"", ""p_c"": 50, ""slope"": -0.4568061703848367, ""lo"": -0.4652538888003753, ""hi"": -0.44842177415408196, ""intersects"": true}, {""generator"": ""UKL"", ""p_c"": 200, ""slope"": -0.4555670306078159, ""lo"": -0.46316886778399097, ""hi"": -0.447775703849196, ""intersects"": true}, {""generator"": ""UKL"", ""p_c"": 800, ""slope"": -0.46269340659628444, ""lo"": -0.46997582070031146, ""hi"": -0.4555881153024492, ""intersects"": true}, {""generator"": ""BP"", ""p_c"": 50, ""slope"": -0.39263053619822913, ""lo"": -0.40009686121742893, ""hi"": -0.3850923790781503, ""intersects"": true}, {""generator"": ""BP"", ""p_c"": 200, ""slope"": -0.3956786453174106, ""lo"": -0.40234794273824365, ""hi"": -0.3888287183068256, ""intersects"": true}, {""generator"": ""BP"", ""p_c"": 800, ""slope"": -0.3904151304230434, ""lo"": -0.3963248349564689, ""hi"": -0.3845194345684493, ""intersects"": true}, {""generator"": ""BKL"", ""p_c"": 50, ""slope"": -0.2716605165364226, ""lo"": -0.2782109477822056, ""hi"": -0.264790285226348, ""intersects"": false}, {""generator"": ""BKL"", ""p_c"": 200, ""slope"": -0.22858791151984645, ""lo"": -0.23406550695731218, ""hi"": -0.22319437726683475, ""intersects"": false}, {""generator"": ""BKL"", ""p_c"": 800, ""slope"": -0.18599097556953456, ""lo"": -0.19090654823264008, ""hi"": -0.1810761635318152, ""intersects"": false}], ""ratios"": [{""generator"": ""SQ"", ""ratio"": 1.1669286866466106, ""lo"": 1.1555528846250227, ""hi"": 1.1785271747931854, ""below_limit"": true}, {""generator"": ""UKL"", ""ratio"": 1.1783067953267283, ""lo"": 1.1647303012157761, ""hi"": 1.1924567982824075, ""below_limit"": true}, {""generator"": ""BP"", ""ratio"": 1.1621284425783103, ""lo"": 1.1513730346281459, ""hi"": 1.1731592855942279, ""below_limit"": true}, {""generator"": ""BKL"", ""ratio"": 1.1524930865497358, ""lo"": 1.1404872046601389, ""hi"": 1.1642952261699173, ""below_limit"": true}], ""verdict"": ""negative"", ""failed"": [""slope|SQ|p_c=800"", ""slope|BKL|p_c=50"", ""slope|BKL|p_c=200"", ""slope|BKL|p_c=800""], ""incomplete"": []}","{""failures"": {""SQ|SN"": [0, 3000], ""SQ|TH"": [0, 3000], ""SQ|LTH"": [0, 3000], ""UKL|SN"": [0, 3000], ""UKL|TH"": [0, 3000], ""UKL|LTH"": [0, 3000], ""BP|SN"": [0, 3000], ""BP|TH"": [0, 3000], ""BP|LTH"": [0, 3000], ""BKL|SN"": [0, 3000], ""BKL|TH"": [0, 3000], ""BKL|LTH"": [0, 3000]}, ""pvalues"": {""SQ|SN"": 1.0, ""SQ|TH"": 1.0, ""SQ|LTH"": 1.0, ""UKL|SN"": 1.0, ""UKL|TH"": 1.0, ""UKL|LTH"": 1.0, ""BP|SN"": 1.0, ""BP|TH"": 1.0, ""BP|LTH"": 1.0, ""BKL|SN"": 1.0, ""BKL|TH"": 1.0, ""BKL|LTH"": 1.0}, ""rejected"": [], ""verdict"": ""H14-health: no departure from the prediction was detected"", ""bkl_zero_offset"": {""verdict"": ""pass"", ""expected"": 3000, ""replications"": 3000, ""infeasible_start"": 3000, ""mismatches"": [], ""missing"": []}}",[]
56,BKL,800,8000,LTH,200,200,0.0,0.014867039231272054,"{""ok"": 200}",0.995,0.0,0.0,0.0,0.2087335632406288,2180.9150696705565,0.2898181179648142,0.28983564303551734,0.29058740119787485,0.0,0.0,0,0,,0,"{""verdict"": ""no violation"", ""violations"": 0, ""checked"": 27448, ""violating_cells"": []}","{""slopes"": [{""generator"": ""SQ"", ""p_c"": 50, ""slope"": -0.37387744893943003, ""lo"": -0.38204560748021754, ""hi"": -0.3656656886490169, ""intersects"": true}, {""generator"": ""SQ"", ""p_c"": 200, ""slope"": -0.3630240734188334, ""lo"": -0.3700524449828918, ""hi"": -0.35598837640050307, ""intersects"": true}, {""generator"": ""SQ"", ""p_c"": 800, ""slope"": -0.3420416645418425, ""lo"": -0.3479978577657304, ""hi"": -0.3358800925209334, ""intersects"": false}, {""generator"": ""UKL"", ""p_c"": 50, ""slope"": -0.4568061703848367, ""lo"": -0.4652538888003753, ""hi"": -0.44842177415408196, ""intersects"": true}, {""generator"": ""UKL"", ""p_c"": 200, ""slope"": -0.4555670306078159, ""lo"": -0.46316886778399097, ""hi"": -0.447775703849196, ""intersects"": true}, {""generator"": ""UKL"", ""p_c"": 800, ""slope"": -0.46269340659628444, ""lo"": -0.46997582070031146, ""hi"": -0.4555881153024492, ""intersects"": true}, {""generator"": ""BP"", ""p_c"": 50, ""slope"": -0.39263053619822913, ""lo"": -0.40009686121742893, ""hi"": -0.3850923790781503, ""intersects"": true}, {""generator"": ""BP"", ""p_c"": 200, ""slope"": -0.3956786453174106, ""lo"": -0.40234794273824365, ""hi"": -0.3888287183068256, ""intersects"": true}, {""generator"": ""BP"", ""p_c"": 800, ""slope"": -0.3904151304230434, ""lo"": -0.3963248349564689, ""hi"": -0.3845194345684493, ""intersects"": true}, {""generator"": ""BKL"", ""p_c"": 50, ""slope"": -0.2716605165364226, ""lo"": -0.2782109477822056, ""hi"": -0.264790285226348, ""intersects"": false}, {""generator"": ""BKL"", ""p_c"": 200, ""slope"": -0.22858791151984645, ""lo"": -0.23406550695731218, ""hi"": -0.22319437726683475, ""intersects"": false}, {""generator"": ""BKL"", ""p_c"": 800, ""slope"": -0.18599097556953456, ""lo"": -0.19090654823264008, ""hi"": -0.1810761635318152, ""intersects"": false}], ""ratios"": [{""generator"": ""SQ"", ""ratio"": 1.1669286866466106, ""lo"": 1.1555528846250227, ""hi"": 1.1785271747931854, ""below_limit"": true}, {""generator"": ""UKL"", ""ratio"": 1.1783067953267283, ""lo"": 1.1647303012157761, ""hi"": 1.1924567982824075, ""below_limit"": true}, {""generator"": ""BP"", ""ratio"": 1.1621284425783103, ""lo"": 1.1513730346281459, ""hi"": 1.1731592855942279, ""below_limit"": true}, {""generator"": ""BKL"", ""ratio"": 1.1524930865497358, ""lo"": 1.1404872046601389, ""hi"": 1.1642952261699173, ""below_limit"": true}], ""verdict"": ""negative"", ""failed"": [""slope|SQ|p_c=800"", ""slope|BKL|p_c=50"", ""slope|BKL|p_c=200"", ""slope|BKL|p_c=800""], ""incomplete"": []}","{""failures"": {""SQ|SN"": [0, 3000], ""SQ|TH"": [0, 3000], ""SQ|LTH"": [0, 3000], ""UKL|SN"": [0, 3000], ""UKL|TH"": [0, 3000], ""UKL|LTH"": [0, 3000], ""BP|SN"": [0, 3000], ""BP|TH"": [0, 3000], ""BP|LTH"": [0, 3000], ""BKL|SN"": [0, 3000], ""BKL|TH"": [0, 3000], ""BKL|LTH"": [0, 3000]}, ""pvalues"": {""SQ|SN"": 1.0, ""SQ|TH"": 1.0, ""SQ|LTH"": 1.0, ""UKL|SN"": 1.0, ""UKL|TH"": 1.0, ""UKL|LTH"": 1.0, ""BP|SN"": 1.0, ""BP|TH"": 1.0, ""BP|LTH"": 1.0, ""BKL|SN"": 1.0, ""BKL|TH"": 1.0, ""BKL|LTH"": 1.0}, ""rejected"": [], ""verdict"": ""H14-health: no departure from the prediction was detected"", ""bkl_zero_offset"": {""verdict"": ""pass"", ""expected"": 3000, ""replications"": 3000, ""infeasible_start"": 3000, ""mismatches"": [], ""missing"": []}}",[]
57,BKL,800,16000,SN,200,200,0.0,0.014867039231272054,"{""ok"": 200}",1.0,0.295,0.0,0.0,0.1436446629863055,1500.8454094343965,0.2890097506420019,0.2897913896388594,0.29058740119787485,0.0,0.0,0,0,,0,"{""verdict"": ""no violation"", ""violations"": 0, ""checked"": 27448, ""violating_cells"": []}","{""slopes"": [{""generator"": ""SQ"", ""p_c"": 50, ""slope"": -0.37387744893943003, ""lo"": -0.38204560748021754, ""hi"": -0.3656656886490169, ""intersects"": true}, {""generator"": ""SQ"", ""p_c"": 200, ""slope"": -0.3630240734188334, ""lo"": -0.3700524449828918, ""hi"": -0.35598837640050307, ""intersects"": true}, {""generator"": ""SQ"", ""p_c"": 800, ""slope"": -0.3420416645418425, ""lo"": -0.3479978577657304, ""hi"": -0.3358800925209334, ""intersects"": false}, {""generator"": ""UKL"", ""p_c"": 50, ""slope"": -0.4568061703848367, ""lo"": -0.4652538888003753, ""hi"": -0.44842177415408196, ""intersects"": true}, {""generator"": ""UKL"", ""p_c"": 200, ""slope"": -0.4555670306078159, ""lo"": -0.46316886778399097, ""hi"": -0.447775703849196, ""intersects"": true}, {""generator"": ""UKL"", ""p_c"": 800, ""slope"": -0.46269340659628444, ""lo"": -0.46997582070031146, ""hi"": -0.4555881153024492, ""intersects"": true}, {""generator"": ""BP"", ""p_c"": 50, ""slope"": -0.39263053619822913, ""lo"": -0.40009686121742893, ""hi"": -0.3850923790781503, ""intersects"": true}, {""generator"": ""BP"", ""p_c"": 200, ""slope"": -0.3956786453174106, ""lo"": -0.40234794273824365, ""hi"": -0.3888287183068256, ""intersects"": true}, {""generator"": ""BP"", ""p_c"": 800, ""slope"": -0.3904151304230434, ""lo"": -0.3963248349564689, ""hi"": -0.3845194345684493, ""intersects"": true}, {""generator"": ""BKL"", ""p_c"": 50, ""slope"": -0.2716605165364226, ""lo"": -0.2782109477822056, ""hi"": -0.264790285226348, ""intersects"": false}, {""generator"": ""BKL"", ""p_c"": 200, ""slope"": -0.22858791151984645, ""lo"": -0.23406550695731218, ""hi"": -0.22319437726683475, ""intersects"": false}, {""generator"": ""BKL"", ""p_c"": 800, ""slope"": -0.18599097556953456, ""lo"": -0.19090654823264008, ""hi"": -0.1810761635318152, ""intersects"": false}], ""ratios"": [{""generator"": ""SQ"", ""ratio"": 1.1669286866466106, ""lo"": 1.1555528846250227, ""hi"": 1.1785271747931854, ""below_limit"": true}, {""generator"": ""UKL"", ""ratio"": 1.1783067953267283, ""lo"": 1.1647303012157761, ""hi"": 1.1924567982824075, ""below_limit"": true}, {""generator"": ""BP"", ""ratio"": 1.1621284425783103, ""lo"": 1.1513730346281459, ""hi"": 1.1731592855942279, ""below_limit"": true}, {""generator"": ""BKL"", ""ratio"": 1.1524930865497358, ""lo"": 1.1404872046601389, ""hi"": 1.1642952261699173, ""below_limit"": true}], ""verdict"": ""negative"", ""failed"": [""slope|SQ|p_c=800"", ""slope|BKL|p_c=50"", ""slope|BKL|p_c=200"", ""slope|BKL|p_c=800""], ""incomplete"": []}","{""failures"": {""SQ|SN"": [0, 3000], ""SQ|TH"": [0, 3000], ""SQ|LTH"": [0, 3000], ""UKL|SN"": [0, 3000], ""UKL|TH"": [0, 3000], ""UKL|LTH"": [0, 3000], ""BP|SN"": [0, 3000], ""BP|TH"": [0, 3000], ""BP|LTH"": [0, 3000], ""BKL|SN"": [0, 3000], ""BKL|TH"": [0, 3000], ""BKL|LTH"": [0, 3000]}, ""pvalues"": {""SQ|SN"": 1.0, ""SQ|TH"": 1.0, ""SQ|LTH"": 1.0, ""UKL|SN"": 1.0, ""UKL|TH"": 1.0, ""UKL|LTH"": 1.0, ""BP|SN"": 1.0, ""BP|TH"": 1.0, ""BP|LTH"": 1.0, ""BKL|SN"": 1.0, ""BKL|TH"": 1.0, ""BKL|LTH"": 1.0}, ""rejected"": [], ""verdict"": ""H14-health: no departure from the prediction was detected"", ""bkl_zero_offset"": {""verdict"": ""pass"", ""expected"": 3000, ""replications"": 3000, ""infeasible_start"": 3000, ""mismatches"": [], ""missing"": []}}",[]
57,BKL,800,16000,TH,200,200,0.0,0.014867039231272054,"{""ok"": 200}",1.0,0.295,0.0,0.0,2.8480504216718274,29757.34226625163,0.2898181179648142,0.28983564303551734,0.29058740119787485,0.0,0.0,0,0,,0,"{""verdict"": ""no violation"", ""violations"": 0, ""checked"": 27448, ""violating_cells"": []}","{""slopes"": [{""generator"": ""SQ"", ""p_c"": 50, ""slope"": -0.37387744893943003, ""lo"": -0.38204560748021754, ""hi"": -0.3656656886490169, ""intersects"": true}, {""generator"": ""SQ"", ""p_c"": 200, ""slope"": -0.3630240734188334, ""lo"": -0.3700524449828918, ""hi"": -0.35598837640050307, ""intersects"": true}, {""generator"": ""SQ"", ""p_c"": 800, ""slope"": -0.3420416645418425, ""lo"": -0.3479978577657304, ""hi"": -0.3358800925209334, ""intersects"": false}, {""generator"": ""UKL"", ""p_c"": 50, ""slope"": -0.4568061703848367, ""lo"": -0.4652538888003753, ""hi"": -0.44842177415408196, ""intersects"": true}, {""generator"": ""UKL"", ""p_c"": 200, ""slope"": -0.4555670306078159, ""lo"": -0.46316886778399097, ""hi"": -0.447775703849196, ""intersects"": true}, {""generator"": ""UKL"", ""p_c"": 800, ""slope"": -0.46269340659628444, ""lo"": -0.46997582070031146, ""hi"": -0.4555881153024492, ""intersects"": true}, {""generator"": ""BP"", ""p_c"": 50, ""slope"": -0.39263053619822913, ""lo"": -0.40009686121742893, ""hi"": -0.3850923790781503, ""intersects"": true}, {""generator"": ""BP"", ""p_c"": 200, ""slope"": -0.3956786453174106, ""lo"": -0.40234794273824365, ""hi"": -0.3888287183068256, ""intersects"": true}, {""generator"": ""BP"", ""p_c"": 800, ""slope"": -0.3904151304230434, ""lo"": -0.3963248349564689, ""hi"": -0.3845194345684493, ""intersects"": true}, {""generator"": ""BKL"", ""p_c"": 50, ""slope"": -0.2716605165364226, ""lo"": -0.2782109477822056, ""hi"": -0.264790285226348, ""intersects"": false}, {""generator"": ""BKL"", ""p_c"": 200, ""slope"": -0.22858791151984645, ""lo"": -0.23406550695731218, ""hi"": -0.22319437726683475, ""intersects"": false}, {""generator"": ""BKL"", ""p_c"": 800, ""slope"": -0.18599097556953456, ""lo"": -0.19090654823264008, ""hi"": -0.1810761635318152, ""intersects"": false}], ""ratios"": [{""generator"": ""SQ"", ""ratio"": 1.1669286866466106, ""lo"": 1.1555528846250227, ""hi"": 1.1785271747931854, ""below_limit"": true}, {""generator"": ""UKL"", ""ratio"": 1.1783067953267283, ""lo"": 1.1647303012157761, ""hi"": 1.1924567982824075, ""below_limit"": true}, {""generator"": ""BP"", ""ratio"": 1.1621284425783103, ""lo"": 1.1513730346281459, ""hi"": 1.1731592855942279, ""below_limit"": true}, {""generator"": ""BKL"", ""ratio"": 1.1524930865497358, ""lo"": 1.1404872046601389, ""hi"": 1.1642952261699173, ""below_limit"": true}], ""verdict"": ""negative"", ""failed"": [""slope|SQ|p_c=800"", ""slope|BKL|p_c=50"", ""slope|BKL|p_c=200"", ""slope|BKL|p_c=800""], ""incomplete"": []}","{""failures"": {""SQ|SN"": [0, 3000], ""SQ|TH"": [0, 3000], ""SQ|LTH"": [0, 3000], ""UKL|SN"": [0, 3000], ""UKL|TH"": [0, 3000], ""UKL|LTH"": [0, 3000], ""BP|SN"": [0, 3000], ""BP|TH"": [0, 3000], ""BP|LTH"": [0, 3000], ""BKL|SN"": [0, 3000], ""BKL|TH"": [0, 3000], ""BKL|LTH"": [0, 3000]}, ""pvalues"": {""SQ|SN"": 1.0, ""SQ|TH"": 1.0, ""SQ|LTH"": 1.0, ""UKL|SN"": 1.0, ""UKL|TH"": 1.0, ""UKL|LTH"": 1.0, ""BP|SN"": 1.0, ""BP|TH"": 1.0, ""BP|LTH"": 1.0, ""BKL|SN"": 1.0, ""BKL|TH"": 1.0, ""BKL|LTH"": 1.0}, ""rejected"": [], ""verdict"": ""H14-health: no departure from the prediction was detected"", ""bkl_zero_offset"": {""verdict"": ""pass"", ""expected"": 3000, ""replications"": 3000, ""infeasible_start"": 3000, ""mismatches"": [], ""missing"": []}}",[]
57,BKL,800,16000,LTH,200,200,0.0,0.014867039231272054,"{""ok"": 200}",1.0,0.295,0.0,0.0,0.14688120577191952,1534.6618442481977,0.2892338648797614,0.2898109235229986,0.29058740119787485,0.0,0.0,0,0,,0,"{""verdict"": ""no violation"", ""violations"": 0, ""checked"": 27448, ""violating_cells"": []}","{""slopes"": [{""generator"": ""SQ"", ""p_c"": 50, ""slope"": -0.37387744893943003, ""lo"": -0.38204560748021754, ""hi"": -0.3656656886490169, ""intersects"": true}, {""generator"": ""SQ"", ""p_c"": 200, ""slope"": -0.3630240734188334, ""lo"": -0.3700524449828918, ""hi"": -0.35598837640050307, ""intersects"": true}, {""generator"": ""SQ"", ""p_c"": 800, ""slope"": -0.3420416645418425, ""lo"": -0.3479978577657304, ""hi"": -0.3358800925209334, ""intersects"": false}, {""generator"": ""UKL"", ""p_c"": 50, ""slope"": -0.4568061703848367, ""lo"": -0.4652538888003753, ""hi"": -0.44842177415408196, ""intersects"": true}, {""generator"": ""UKL"", ""p_c"": 200, ""slope"": -0.4555670306078159, ""lo"": -0.46316886778399097, ""hi"": -0.447775703849196, ""intersects"": true}, {""generator"": ""UKL"", ""p_c"": 800, ""slope"": -0.46269340659628444, ""lo"": -0.46997582070031146, ""hi"": -0.4555881153024492, ""intersects"": true}, {""generator"": ""BP"", ""p_c"": 50, ""slope"": -0.39263053619822913, ""lo"": -0.40009686121742893, ""hi"": -0.3850923790781503, ""intersects"": true}, {""generator"": ""BP"", ""p_c"": 200, ""slope"": -0.3956786453174106, ""lo"": -0.40234794273824365, ""hi"": -0.3888287183068256, ""intersects"": true}, {""generator"": ""BP"", ""p_c"": 800, ""slope"": -0.3904151304230434, ""lo"": -0.3963248349564689, ""hi"": -0.3845194345684493, ""intersects"": true}, {""generator"": ""BKL"", ""p_c"": 50, ""slope"": -0.2716605165364226, ""lo"": -0.2782109477822056, ""hi"": -0.264790285226348, ""intersects"": false}, {""generator"": ""BKL"", ""p_c"": 200, ""slope"": -0.22858791151984645, ""lo"": -0.23406550695731218, ""hi"": -0.22319437726683475, ""intersects"": false}, {""generator"": ""BKL"", ""p_c"": 800, ""slope"": -0.18599097556953456, ""lo"": -0.19090654823264008, ""hi"": -0.1810761635318152, ""intersects"": false}], ""ratios"": [{""generator"": ""SQ"", ""ratio"": 1.1669286866466106, ""lo"": 1.1555528846250227, ""hi"": 1.1785271747931854, ""below_limit"": true}, {""generator"": ""UKL"", ""ratio"": 1.1783067953267283, ""lo"": 1.1647303012157761, ""hi"": 1.1924567982824075, ""below_limit"": true}, {""generator"": ""BP"", ""ratio"": 1.1621284425783103, ""lo"": 1.1513730346281459, ""hi"": 1.1731592855942279, ""below_limit"": true}, {""generator"": ""BKL"", ""ratio"": 1.1524930865497358, ""lo"": 1.1404872046601389, ""hi"": 1.1642952261699173, ""below_limit"": true}], ""verdict"": ""negative"", ""failed"": [""slope|SQ|p_c=800"", ""slope|BKL|p_c=50"", ""slope|BKL|p_c=200"", ""slope|BKL|p_c=800""], ""incomplete"": []}","{""failures"": {""SQ|SN"": [0, 3000], ""SQ|TH"": [0, 3000], ""SQ|LTH"": [0, 3000], ""UKL|SN"": [0, 3000], ""UKL|TH"": [0, 3000], ""UKL|LTH"": [0, 3000], ""BP|SN"": [0, 3000], ""BP|TH"": [0, 3000], ""BP|LTH"": [0, 3000], ""BKL|SN"": [0, 3000], ""BKL|TH"": [0, 3000], ""BKL|LTH"": [0, 3000]}, ""pvalues"": {""SQ|SN"": 1.0, ""SQ|TH"": 1.0, ""SQ|LTH"": 1.0, ""UKL|SN"": 1.0, ""UKL|TH"": 1.0, ""UKL|LTH"": 1.0, ""BP|SN"": 1.0, ""BP|TH"": 1.0, ""BP|LTH"": 1.0, ""BKL|SN"": 1.0, ""BKL|TH"": 1.0, ""BKL|LTH"": 1.0}, ""rejected"": [], ""verdict"": ""H14-health: no departure from the prediction was detected"", ""bkl_zero_offset"": {""verdict"": ""pass"", ""expected"": 3000, ""replications"": 3000, ""infeasible_start"": 3000, ""mismatches"": [], ""missing"": []}}",[]
58,BKL,800,32000,SN,200,200,0.0,0.014867039231272054,"{""ok"": 200}",1.0,1.0,1.0,1.0,0.10131788968800214,1058.6017361906138,0.2694550563404642,0.26949948757388986,0.29011548644286744,1.0,0.0,200,0,0.00022005384234654324,0,"{""verdict"": ""no violation"", ""violations"": 0, ""checked"": 27448, ""violating_cells"": []}","{""slopes"": [{""generator"": ""SQ"", ""p_c"": 50, ""slope"": -0.37387744893943003, ""lo"": -0.38204560748021754, ""hi"": -0.3656656886490169, ""intersects"": true}, {""generator"": ""SQ"", ""p_c"": 200, ""slope"": -0.3630240734188334, ""lo"": -0.3700524449828918, ""hi"": -0.35598837640050307, ""intersects"": true}, {""generator"": ""SQ"", ""p_c"": 800, ""slope"": -0.3420416645418425, ""lo"": -0.3479978577657304, ""hi"": -0.3358800925209334, ""intersects"": false}, {""generator"": ""UKL"", ""p_c"": 50, ""slope"": -0.4568061703848367, ""lo"": -0.4652538888003753, ""hi"": -0.44842177415408196, ""intersects"": true}, {""generator"": ""UKL"", ""p_c"": 200, ""slope"": -0.4555670306078159, ""lo"": -0.46316886778399097, ""hi"": -0.447775703849196, ""intersects"": true}, {""generator"": ""UKL"", ""p_c"": 800, ""slope"": -0.46269340659628444, ""lo"": -0.46997582070031146, ""hi"": -0.4555881153024492, ""intersects"": true}, {""generator"": ""BP"", ""p_c"": 50, ""slope"": -0.39263053619822913, ""lo"": -0.40009686121742893, ""hi"": -0.3850923790781503, ""intersects"": true}, {""generator"": ""BP"", ""p_c"": 200, ""slope"": -0.3956786453174106, ""lo"": -0.40234794273824365, ""hi"": -0.3888287183068256, ""intersects"": true}, {""generator"": ""BP"", ""p_c"": 800, ""slope"": -0.3904151304230434, ""lo"": -0.3963248349564689, ""hi"": -0.3845194345684493, ""intersects"": true}, {""generator"": ""BKL"", ""p_c"": 50, ""slope"": -0.2716605165364226, ""lo"": -0.2782109477822056, ""hi"": -0.264790285226348, ""intersects"": false}, {""generator"": ""BKL"", ""p_c"": 200, ""slope"": -0.22858791151984645, ""lo"": -0.23406550695731218, ""hi"": -0.22319437726683475, ""intersects"": false}, {""generator"": ""BKL"", ""p_c"": 800, ""slope"": -0.18599097556953456, ""lo"": -0.19090654823264008, ""hi"": -0.1810761635318152, ""intersects"": false}], ""ratios"": [{""generator"": ""SQ"", ""ratio"": 1.1669286866466106, ""lo"": 1.1555528846250227, ""hi"": 1.1785271747931854, ""below_limit"": true}, {""generator"": ""UKL"", ""ratio"": 1.1783067953267283, ""lo"": 1.1647303012157761, ""hi"": 1.1924567982824075, ""below_limit"": true}, {""generator"": ""BP"", ""ratio"": 1.1621284425783103, ""lo"": 1.1513730346281459, ""hi"": 1.1731592855942279, ""below_limit"": true}, {""generator"": ""BKL"", ""ratio"": 1.1524930865497358, ""lo"": 1.1404872046601389, ""hi"": 1.1642952261699173, ""below_limit"": true}], ""verdict"": ""negative"", ""failed"": [""slope|SQ|p_c=800"", ""slope|BKL|p_c=50"", ""slope|BKL|p_c=200"", ""slope|BKL|p_c=800""], ""incomplete"": []}","{""failures"": {""SQ|SN"": [0, 3000], ""SQ|TH"": [0, 3000], ""SQ|LTH"": [0, 3000], ""UKL|SN"": [0, 3000], ""UKL|TH"": [0, 3000], ""UKL|LTH"": [0, 3000], ""BP|SN"": [0, 3000], ""BP|TH"": [0, 3000], ""BP|LTH"": [0, 3000], ""BKL|SN"": [0, 3000], ""BKL|TH"": [0, 3000], ""BKL|LTH"": [0, 3000]}, ""pvalues"": {""SQ|SN"": 1.0, ""SQ|TH"": 1.0, ""SQ|LTH"": 1.0, ""UKL|SN"": 1.0, ""UKL|TH"": 1.0, ""UKL|LTH"": 1.0, ""BP|SN"": 1.0, ""BP|TH"": 1.0, ""BP|LTH"": 1.0, ""BKL|SN"": 1.0, ""BKL|TH"": 1.0, ""BKL|LTH"": 1.0}, ""rejected"": [], ""verdict"": ""H14-health: no departure from the prediction was detected"", ""bkl_zero_offset"": {""verdict"": ""pass"", ""expected"": 3000, ""replications"": 3000, ""infeasible_start"": 3000, ""mismatches"": [], ""missing"": []}}",[]
58,BKL,800,32000,TH,200,200,0.0,0.014867039231272054,"{""ok"": 200}",1.0,1.0,1.0,1.0,2.0138757663253553,21041.61850655559,0.2898181179648142,0.28983564303551734,0.29058740119787485,0.0,0.0,200,0,1.1097105207306665e-05,0,"{""verdict"": ""no violation"", ""violations"": 0, ""checked"": 27448, ""violating_cells"": []}","{""slopes"": [{""generator"": ""SQ"", ""p_c"": 50, ""slope"": -0.37387744893943003, ""lo"": -0.38204560748021754, ""hi"": -0.3656656886490169, ""intersects"": true}, {""generator"": ""SQ"", ""p_c"": 200, ""slope"": -0.3630240734188334, ""lo"": -0.3700524449828918, ""hi"": -0.35598837640050307, ""intersects"": true}, {""generator"": ""SQ"", ""p_c"": 800, ""slope"": -0.3420416645418425, ""lo"": -0.3479978577657304, ""hi"": -0.3358800925209334, ""intersects"": false}, {""generator"": ""UKL"", ""p_c"": 50, ""slope"": -0.4568061703848367, ""lo"": -0.4652538888003753, ""hi"": -0.44842177415408196, ""intersects"": true}, {""generator"": ""UKL"", ""p_c"": 200, ""slope"": -0.4555670306078159, ""lo"": -0.46316886778399097, ""hi"": -0.447775703849196, ""intersects"": true}, {""generator"": ""UKL"", ""p_c"": 800, ""slope"": -0.46269340659628444, ""lo"": -0.46997582070031146, ""hi"": -0.4555881153024492, ""intersects"": true}, {""generator"": ""BP"", ""p_c"": 50, ""slope"": -0.39263053619822913, ""lo"": -0.40009686121742893, ""hi"": -0.3850923790781503, ""intersects"": true}, {""generator"": ""BP"", ""p_c"": 200, ""slope"": -0.3956786453174106, ""lo"": -0.40234794273824365, ""hi"": -0.3888287183068256, ""intersects"": true}, {""generator"": ""BP"", ""p_c"": 800, ""slope"": -0.3904151304230434, ""lo"": -0.3963248349564689, ""hi"": -0.3845194345684493, ""intersects"": true}, {""generator"": ""BKL"", ""p_c"": 50, ""slope"": -0.2716605165364226, ""lo"": -0.2782109477822056, ""hi"": -0.264790285226348, ""intersects"": false}, {""generator"": ""BKL"", ""p_c"": 200, ""slope"": -0.22858791151984645, ""lo"": -0.23406550695731218, ""hi"": -0.22319437726683475, ""intersects"": false}, {""generator"": ""BKL"", ""p_c"": 800, ""slope"": -0.18599097556953456, ""lo"": -0.19090654823264008, ""hi"": -0.1810761635318152, ""intersects"": false}], ""ratios"": [{""generator"": ""SQ"", ""ratio"": 1.1669286866466106, ""lo"": 1.1555528846250227, ""hi"": 1.1785271747931854, ""below_limit"": true}, {""generator"": ""UKL"", ""ratio"": 1.1783067953267283, ""lo"": 1.1647303012157761, ""hi"": 1.1924567982824075, ""below_limit"": true}, {""generator"": ""BP"", ""ratio"": 1.1621284425783103, ""lo"": 1.1513730346281459, ""hi"": 1.1731592855942279, ""below_limit"": true}, {""generator"": ""BKL"", ""ratio"": 1.1524930865497358, ""lo"": 1.1404872046601389, ""hi"": 1.1642952261699173, ""below_limit"": true}], ""verdict"": ""negative"", ""failed"": [""slope|SQ|p_c=800"", ""slope|BKL|p_c=50"", ""slope|BKL|p_c=200"", ""slope|BKL|p_c=800""], ""incomplete"": []}","{""failures"": {""SQ|SN"": [0, 3000], ""SQ|TH"": [0, 3000], ""SQ|LTH"": [0, 3000], ""UKL|SN"": [0, 3000], ""UKL|TH"": [0, 3000], ""UKL|LTH"": [0, 3000], ""BP|SN"": [0, 3000], ""BP|TH"": [0, 3000], ""BP|LTH"": [0, 3000], ""BKL|SN"": [0, 3000], ""BKL|TH"": [0, 3000], ""BKL|LTH"": [0, 3000]}, ""pvalues"": {""SQ|SN"": 1.0, ""SQ|TH"": 1.0, ""SQ|LTH"": 1.0, ""UKL|SN"": 1.0, ""UKL|TH"": 1.0, ""UKL|LTH"": 1.0, ""BP|SN"": 1.0, ""BP|TH"": 1.0, ""BP|LTH"": 1.0, ""BKL|SN"": 1.0, ""BKL|TH"": 1.0, ""BKL|LTH"": 1.0}, ""rejected"": [], ""verdict"": ""H14-health: no departure from the prediction was detected"", ""bkl_zero_offset"": {""verdict"": ""pass"", ""expected"": 3000, ""replications"": 3000, ""infeasible_start"": 3000, ""mismatches"": [], ""missing"": []}}",[]
58,BKL,800,32000,LTH,200,200,0.0,0.014867039231272054,"{""ok"": 200}",1.0,1.0,1.0,1.0,0.10349702068927305,1081.3699942784583,0.27170105977375814,0.2718510247103746,0.2901346991124077,1.0,0.0,200,0,0.00021574989552269457,0,"{""verdict"": ""no violation"", ""violations"": 0, ""checked"": 27448, ""violating_cells"": []}","{""slopes"": [{""generator"": ""SQ"", ""p_c"": 50, ""slope"": -0.37387744893943003, ""lo"": -0.38204560748021754, ""hi"": -0.3656656886490169, ""intersects"": true}, {""generator"": ""SQ"", ""p_c"": 200, ""slope"": -0.3630240734188334, ""lo"": -0.3700524449828918, ""hi"": -0.35598837640050307, ""intersects"": true}, {""generator"": ""SQ"", ""p_c"": 800, ""slope"": -0.3420416645418425, ""lo"": -0.3479978577657304, ""hi"": -0.3358800925209334, ""intersects"": false}, {""generator"": ""UKL"", ""p_c"": 50, ""slope"": -0.4568061703848367, ""lo"": -0.4652538888003753, ""hi"": -0.44842177415408196, ""intersects"": true}, {""generator"": ""UKL"", ""p_c"": 200, ""slope"": -0.4555670306078159, ""lo"": -0.46316886778399097, ""hi"": -0.447775703849196, ""intersects"": true}, {""generator"": ""UKL"", ""p_c"": 800, ""slope"": -0.46269340659628444, ""lo"": -0.46997582070031146, ""hi"": -0.4555881153024492, ""intersects"": true}, {""generator"": ""BP"", ""p_c"": 50, ""slope"": -0.39263053619822913, ""lo"": -0.40009686121742893, ""hi"": -0.3850923790781503, ""intersects"": true}, {""generator"": ""BP"", ""p_c"": 200, ""slope"": -0.3956786453174106, ""lo"": -0.40234794273824365, ""hi"": -0.3888287183068256, ""intersects"": true}, {""generator"": ""BP"", ""p_c"": 800, ""slope"": -0.3904151304230434, ""lo"": -0.3963248349564689, ""hi"": -0.3845194345684493, ""intersects"": true}, {""generator"": ""BKL"", ""p_c"": 50, ""slope"": -0.2716605165364226, ""lo"": -0.2782109477822056, ""hi"": -0.264790285226348, ""intersects"": false}, {""generator"": ""BKL"", ""p_c"": 200, ""slope"": -0.22858791151984645, ""lo"": -0.23406550695731218, ""hi"": -0.22319437726683475, ""intersects"": false}, {""generator"": ""BKL"", ""p_c"": 800, ""slope"": -0.18599097556953456, ""lo"": -0.19090654823264008, ""hi"": -0.1810761635318152, ""intersects"": false}], ""ratios"": [{""generator"": ""SQ"", ""ratio"": 1.1669286866466106, ""lo"": 1.1555528846250227, ""hi"": 1.1785271747931854, ""below_limit"": true}, {""generator"": ""UKL"", ""ratio"": 1.1783067953267283, ""lo"": 1.1647303012157761, ""hi"": 1.1924567982824075, ""below_limit"": true}, {""generator"": ""BP"", ""ratio"": 1.1621284425783103, ""lo"": 1.1513730346281459, ""hi"": 1.1731592855942279, ""below_limit"": true}, {""generator"": ""BKL"", ""ratio"": 1.1524930865497358, ""lo"": 1.1404872046601389, ""hi"": 1.1642952261699173, ""below_limit"": true}], ""verdict"": ""negative"", ""failed"": [""slope|SQ|p_c=800"", ""slope|BKL|p_c=50"", ""slope|BKL|p_c=200"", ""slope|BKL|p_c=800""], ""incomplete"": []}","{""failures"": {""SQ|SN"": [0, 3000], ""SQ|TH"": [0, 3000], ""SQ|LTH"": [0, 3000], ""UKL|SN"": [0, 3000], ""UKL|TH"": [0, 3000], ""UKL|LTH"": [0, 3000], ""BP|SN"": [0, 3000], ""BP|TH"": [0, 3000], ""BP|LTH"": [0, 3000], ""BKL|SN"": [0, 3000], ""BKL|TH"": [0, 3000], ""BKL|LTH"": [0, 3000]}, ""pvalues"": {""SQ|SN"": 1.0, ""SQ|TH"": 1.0, ""SQ|LTH"": 1.0, ""UKL|SN"": 1.0, ""UKL|TH"": 1.0, ""UKL|LTH"": 1.0, ""BP|SN"": 1.0, ""BP|TH"": 1.0, ""BP|LTH"": 1.0, ""BKL|SN"": 1.0, ""BKL|TH"": 1.0, ""BKL|LTH"": 1.0}, ""rejected"": [], ""verdict"": ""H14-health: no departure from the prediction was detected"", ""bkl_zero_offset"": {""verdict"": ""pass"", ""expected"": 3000, ""replications"": 3000, ""infeasible_start"": 3000, ""mismatches"": [], ""missing"": []}}",[]
59,BKL,800,64000,SN,200,200,0.0,0.014867039231272054,"{""ok"": 200}",0.995,1.0,1.0,0.995,0.07157327379781121,747.820470210419,0.22332367714940696,0.22360042272223862,0.24977416458531126,3.0,0.0,199,0,0.0002412200243278692,0,"{""verdict"": ""no violation"", ""violations"": 0, ""checked"": 27448, ""violating_cells"": []}","{""slopes"": [{""generator"": ""SQ"", ""p_c"": 50, ""slope"": -0.37387744893943003, ""lo"": -0.38204560748021754, ""hi"": -0.3656656886490169, ""intersects"": true}, {""generator"": ""SQ"", ""p_c"": 200, ""slope"": -0.3630240734188334, ""lo"": -0.3700524449828918, ""hi"": -0.35598837640050307, ""intersects"": true}, {""generator"": ""SQ"", ""p_c"": 800, ""slope"": -0.3420416645418425, ""lo"": -0.3479978577657304, ""hi"": -0.3358800925209334, ""intersects"": false}, {""generator"": ""UKL"", ""p_c"": 50, ""slope"": -0.4568061703848367, ""lo"": -0.4652538888003753, ""hi"": -0.44842177415408196, ""intersects"": true}, {""generator"": ""UKL"", ""p_c"": 200, ""slope"": -0.4555670306078159, ""lo"": -0.46316886778399097, ""hi"": -0.447775703849196, ""intersects"": true}, {""generator"": ""UKL"", ""p_c"": 800, ""slope"": -0.46269340659628444, ""lo"": -0.46997582070031146, ""hi"": -0.4555881153024492, ""intersects"": true}, {""generator"": ""BP"", ""p_c"": 50, ""slope"": -0.39263053619822913, ""lo"": -0.40009686121742893, ""hi"": -0.3850923790781503, ""intersects"": true}, {""generator"": ""BP"", ""p_c"": 200, ""slope"": -0.3956786453174106, ""lo"": -0.40234794273824365, ""hi"": -0.3888287183068256, ""intersects"": true}, {""generator"": ""BP"", ""p_c"": 800, ""slope"": -0.3904151304230434, ""lo"": -0.3963248349564689, ""hi"": -0.3845194345684493, ""intersects"": true}, {""generator"": ""BKL"", ""p_c"": 50, ""slope"": -0.2716605165364226, ""lo"": -0.2782109477822056, ""hi"": -0.264790285226348, ""intersects"": false}, {""generator"": ""BKL"", ""p_c"": 200, ""slope"": -0.22858791151984645, ""lo"": -0.23406550695731218, ""hi"": -0.22319437726683475, ""intersects"": false}, {""generator"": ""BKL"", ""p_c"": 800, ""slope"": -0.18599097556953456, ""lo"": -0.19090654823264008, ""hi"": -0.1810761635318152, ""intersects"": false}], ""ratios"": [{""generator"": ""SQ"", ""ratio"": 1.1669286866466106, ""lo"": 1.1555528846250227, ""hi"": 1.1785271747931854, ""below_limit"": true}, {""generator"": ""UKL"", ""ratio"": 1.1783067953267283, ""lo"": 1.1647303012157761, ""hi"": 1.1924567982824075, ""below_limit"": true}, {""generator"": ""BP"", ""ratio"": 1.1621284425783103, ""lo"": 1.1513730346281459, ""hi"": 1.1731592855942279, ""below_limit"": true}, {""generator"": ""BKL"", ""ratio"": 1.1524930865497358, ""lo"": 1.1404872046601389, ""hi"": 1.1642952261699173, ""below_limit"": true}], ""verdict"": ""negative"", ""failed"": [""slope|SQ|p_c=800"", ""slope|BKL|p_c=50"", ""slope|BKL|p_c=200"", ""slope|BKL|p_c=800""], ""incomplete"": []}","{""failures"": {""SQ|SN"": [0, 3000], ""SQ|TH"": [0, 3000], ""SQ|LTH"": [0, 3000], ""UKL|SN"": [0, 3000], ""UKL|TH"": [0, 3000], ""UKL|LTH"": [0, 3000], ""BP|SN"": [0, 3000], ""BP|TH"": [0, 3000], ""BP|LTH"": [0, 3000], ""BKL|SN"": [0, 3000], ""BKL|TH"": [0, 3000], ""BKL|LTH"": [0, 3000]}, ""pvalues"": {""SQ|SN"": 1.0, ""SQ|TH"": 1.0, ""SQ|LTH"": 1.0, ""UKL|SN"": 1.0, ""UKL|TH"": 1.0, ""UKL|LTH"": 1.0, ""BP|SN"": 1.0, ""BP|TH"": 1.0, ""BP|LTH"": 1.0, ""BKL|SN"": 1.0, ""BKL|TH"": 1.0, ""BKL|LTH"": 1.0}, ""rejected"": [], ""verdict"": ""H14-health: no departure from the prediction was detected"", ""bkl_zero_offset"": {""verdict"": ""pass"", ""expected"": 3000, ""replications"": 3000, ""infeasible_start"": 3000, ""mismatches"": [], ""missing"": []}}",[]
59,BKL,800,64000,TH,200,200,0.0,0.014867039231272054,"{""ok"": 200}",1.0,1.0,1.0,1.0,1.4240252108359137,14878.671133125816,0.2898181179648142,0.28983564303551734,0.29058740119787485,0.0,0.0,200,0,1.5693676687254178e-05,0,"{""verdict"": ""no violation"", ""violations"": 0, ""checked"": 27448, ""violating_cells"": []}","{""slopes"": [{""generator"": ""SQ"", ""p_c"": 50, ""slope"": -0.37387744893943003, ""lo"": -0.38204560748021754, ""hi"": -0.3656656886490169, ""intersects"": true}, {""generator"": ""SQ"", ""p_c"": 200, ""slope"": -0.3630240734188334, ""lo"": -0.3700524449828918, ""hi"": -0.35598837640050307, ""intersects"": true}, {""generator"": ""SQ"", ""p_c"": 800, ""slope"": -0.3420416645418425, ""lo"": -0.3479978577657304, ""hi"": -0.3358800925209334, ""intersects"": false}, {""generator"": ""UKL"", ""p_c"": 50, ""slope"": -0.4568061703848367, ""lo"": -0.4652538888003753, ""hi"": -0.44842177415408196, ""intersects"": true}, {""generator"": ""UKL"", ""p_c"": 200, ""slope"": -0.4555670306078159, ""lo"": -0.46316886778399097, ""hi"": -0.447775703849196, ""intersects"": true}, {""generator"": ""UKL"", ""p_c"": 800, ""slope"": -0.46269340659628444, ""lo"": -0.46997582070031146, ""hi"": -0.4555881153024492, ""intersects"": true}, {""generator"": ""BP"", ""p_c"": 50, ""slope"": -0.39263053619822913, ""lo"": -0.40009686121742893, ""hi"": -0.3850923790781503, ""intersects"": true}, {""generator"": ""BP"", ""p_c"": 200, ""slope"": -0.3956786453174106, ""lo"": -0.40234794273824365, ""hi"": -0.3888287183068256, ""intersects"": true}, {""generator"": ""BP"", ""p_c"": 800, ""slope"": -0.3904151304230434, ""lo"": -0.3963248349564689, ""hi"": -0.3845194345684493, ""intersects"": true}, {""generator"": ""BKL"", ""p_c"": 50, ""slope"": -0.2716605165364226, ""lo"": -0.2782109477822056, ""hi"": -0.264790285226348, ""intersects"": false}, {""generator"": ""BKL"", ""p_c"": 200, ""slope"": -0.22858791151984645, ""lo"": -0.23406550695731218, ""hi"": -0.22319437726683475, ""intersects"": false}, {""generator"": ""BKL"", ""p_c"": 800, ""slope"": -0.18599097556953456, ""lo"": -0.19090654823264008, ""hi"": -0.1810761635318152, ""intersects"": false}], ""ratios"": [{""generator"": ""SQ"", ""ratio"": 1.1669286866466106, ""lo"": 1.1555528846250227, ""hi"": 1.1785271747931854, ""below_limit"": true}, {""generator"": ""UKL"", ""ratio"": 1.1783067953267283, ""lo"": 1.1647303012157761, ""hi"": 1.1924567982824075, ""below_limit"": true}, {""generator"": ""BP"", ""ratio"": 1.1621284425783103, ""lo"": 1.1513730346281459, ""hi"": 1.1731592855942279, ""below_limit"": true}, {""generator"": ""BKL"", ""ratio"": 1.1524930865497358, ""lo"": 1.1404872046601389, ""hi"": 1.1642952261699173, ""below_limit"": true}], ""verdict"": ""negative"", ""failed"": [""slope|SQ|p_c=800"", ""slope|BKL|p_c=50"", ""slope|BKL|p_c=200"", ""slope|BKL|p_c=800""], ""incomplete"": []}","{""failures"": {""SQ|SN"": [0, 3000], ""SQ|TH"": [0, 3000], ""SQ|LTH"": [0, 3000], ""UKL|SN"": [0, 3000], ""UKL|TH"": [0, 3000], ""UKL|LTH"": [0, 3000], ""BP|SN"": [0, 3000], ""BP|TH"": [0, 3000], ""BP|LTH"": [0, 3000], ""BKL|SN"": [0, 3000], ""BKL|TH"": [0, 3000], ""BKL|LTH"": [0, 3000]}, ""pvalues"": {""SQ|SN"": 1.0, ""SQ|TH"": 1.0, ""SQ|LTH"": 1.0, ""UKL|SN"": 1.0, ""UKL|TH"": 1.0, ""UKL|LTH"": 1.0, ""BP|SN"": 1.0, ""BP|TH"": 1.0, ""BP|LTH"": 1.0, ""BKL|SN"": 1.0, ""BKL|TH"": 1.0, ""BKL|LTH"": 1.0}, ""rejected"": [], ""verdict"": ""H14-health: no departure from the prediction was detected"", ""bkl_zero_offset"": {""verdict"": ""pass"", ""expected"": 3000, ""replications"": 3000, ""infeasible_start"": 3000, ""mismatches"": [], ""missing"": []}}",[]
59,BKL,800,64000,LTH,200,200,0.0,0.014867039231272054,"{""ok"": 200}",0.995,1.0,1.0,0.995,0.07307708855677067,763.532808077362,0.2264059283784625,0.22706549117157804,0.25288795662556957,3.0,0.0,199,0,0.00024251341121745888,0,"{""verdict"": ""no violation"", ""violations"": 0, ""checked"": 27448, ""violating_cells"": []}","{""slopes"": [{""generator"": ""SQ"", ""p_c"": 50, ""slope"": -0.37387744893943003, ""lo"": -0.38204560748021754, ""hi"": -0.3656656886490169, ""intersects"": true}, {""generator"": ""SQ"", ""p_c"": 200, ""slope"": -0.3630240734188334, ""lo"": -0.3700524449828918, ""hi"": -0.35598837640050307, ""intersects"": true}, {""generator"": ""SQ"", ""p_c"": 800, ""slope"": -0.3420416645418425, ""lo"": -0.3479978577657304, ""hi"": -0.3358800925209334, ""intersects"": false}, {""generator"": ""UKL"", ""p_c"": 50, ""slope"": -0.4568061703848367, ""lo"": -0.4652538888003753, ""hi"": -0.44842177415408196, ""intersects"": true}, {""generator"": ""UKL"", ""p_c"": 200, ""slope"": -0.4555670306078159, ""lo"": -0.46316886778399097, ""hi"": -0.447775703849196, ""intersects"": true}, {""generator"": ""UKL"", ""p_c"": 800, ""slope"": -0.46269340659628444, ""lo"": -0.46997582070031146, ""hi"": -0.4555881153024492, ""intersects"": true}, {""generator"": ""BP"", ""p_c"": 50, ""slope"": -0.39263053619822913, ""lo"": -0.40009686121742893, ""hi"": -0.3850923790781503, ""intersects"": true}, {""generator"": ""BP"", ""p_c"": 200, ""slope"": -0.3956786453174106, ""lo"": -0.40234794273824365, ""hi"": -0.3888287183068256, ""intersects"": true}, {""generator"": ""BP"", ""p_c"": 800, ""slope"": -0.3904151304230434, ""lo"": -0.3963248349564689, ""hi"": -0.3845194345684493, ""intersects"": true}, {""generator"": ""BKL"", ""p_c"": 50, ""slope"": -0.2716605165364226, ""lo"": -0.2782109477822056, ""hi"": -0.264790285226348, ""intersects"": false}, {""generator"": ""BKL"", ""p_c"": 200, ""slope"": -0.22858791151984645, ""lo"": -0.23406550695731218, ""hi"": -0.22319437726683475, ""intersects"": false}, {""generator"": ""BKL"", ""p_c"": 800, ""slope"": -0.18599097556953456, ""lo"": -0.19090654823264008, ""hi"": -0.1810761635318152, ""intersects"": false}], ""ratios"": [{""generator"": ""SQ"", ""ratio"": 1.1669286866466106, ""lo"": 1.1555528846250227, ""hi"": 1.1785271747931854, ""below_limit"": true}, {""generator"": ""UKL"", ""ratio"": 1.1783067953267283, ""lo"": 1.1647303012157761, ""hi"": 1.1924567982824075, ""below_limit"": true}, {""generator"": ""BP"", ""ratio"": 1.1621284425783103, ""lo"": 1.1513730346281459, ""hi"": 1.1731592855942279, ""below_limit"": true}, {""generator"": ""BKL"", ""ratio"": 1.1524930865497358, ""lo"": 1.1404872046601389, ""hi"": 1.1642952261699173, ""below_limit"": true}], ""verdict"": ""negative"", ""failed"": [""slope|SQ|p_c=800"", ""slope|BKL|p_c=50"", ""slope|BKL|p_c=200"", ""slope|BKL|p_c=800""], ""incomplete"": []}","{""failures"": {""SQ|SN"": [0, 3000], ""SQ|TH"": [0, 3000], ""SQ|LTH"": [0, 3000], ""UKL|SN"": [0, 3000], ""UKL|TH"": [0, 3000], ""UKL|LTH"": [0, 3000], ""BP|SN"": [0, 3000], ""BP|TH"": [0, 3000], ""BP|LTH"": [0, 3000], ""BKL|SN"": [0, 3000], ""BKL|TH"": [0, 3000], ""BKL|LTH"": [0, 3000]}, ""pvalues"": {""SQ|SN"": 1.0, ""SQ|TH"": 1.0, ""SQ|LTH"": 1.0, ""UKL|SN"": 1.0, ""UKL|TH"": 1.0, ""UKL|LTH"": 1.0, ""BP|SN"": 1.0, ""BP|TH"": 1.0, ""BP|LTH"": 1.0, ""BKL|SN"": 1.0, ""BKL|TH"": 1.0, ""BKL|LTH"": 1.0}, ""rejected"": [], ""verdict"": ""H14-health: no departure from the prediction was detected"", ""bkl_zero_offset"": {""verdict"": ""pass"", ""expected"": 3000, ""replications"": 3000, ""infeasible_start"": 3000, ""mismatches"": [], ""missing"": []}}",[]
